bench_cell,candidate_id,workload_id,run_id,suite,curve_id,n,m,l,family,mode,status,verified,targets,targets_verified,fb_points,geometric_points,effective_columns,achievable_rank,final_rank,ordinary_queries,pdp_verified,pdp_proved_unsat,pdp_budget,pdp_lift_rejected,verified_relations,novel_rows,descent_attempts,ops_setup,ops_isogeny,ops_factor_base,ops_precompute,ops_queries,ops_pdp,ops_relation_check,ops_matrix_build,ops_relation_la,ops_target_descent,ops_recovery_check,total_operations,amortized_ops_per_target,ops_per_novel_row,rho_operations,rho_floor_operations,ratio_to_rho,ratio_to_floor,S_rps,S_ec_add,count_mac_op,count_anf_op,count_sys_word,count_gf_mul,count_gf_inv,count_gf_lin,count_ec_add,count_ec_lift,count_modr_mul,count_modr_inv,wall_ns,priced_over_wall,peak_rss_bytes,calibration_id,implementation_sha256,git_commit,recorded_at,host,ic_online_ns,rho_online_ns,online_speedup,workload_series_id,shared_operations,target_operations,mean_target_operations,rho_independent_batch_operations,rho_batch_operations,rho_batch_floor_operations,ratio_to_independent_rho_batch,ratio_to_batch_rho,ratio_to_batch_floor
n13m3l3-prefix-s1-mxl-w1,IC1N13Ckb1fb8PDP3xlRCsampleLAgaussTDpdpISO0hb34ead1a1d66,3d307a41aa71,IC1N13Ckb1fb8PDP3xlRCsampleLAgaussTDpdpISO0hb34ead1a1d66W3d307a41aa71R1,ci,EC1N13Ckb1h0f132ba0b5e2,13,3,3,prefix,mxl,complete,True,3,3,8,11,4,,4,134,7,127,0,0,7,4,268,9600497,0,33378382,52461930,13317711356,16821733219,50827728,2158184,120840,56029744363,8487133,86326223632,2.87754e+10,7.54811e+09,4441864,872509,19434.7,98940.2,1.92887e+09,24317.8,152725966,83466,1275105,206937,0,0,7724,146,36,4,543927080,0.177621,40284160,ICBCAL1ha3f79d4aaca9,a33c231bbc8a446db7dfa88cb81c3cd02fd1df309d2c4f7424d780b63af3e9da,ea9393330b1fc3a63410d03f32faaa7e1e692237,2026-10-05T04:49:45Z,cursor,,,,ICBW1hdcaad7f64a24,30292830595,56033393037,1.86778e+10,13325592,8328495,1665699,6478.23,10365.2,51825.8
n13m3l3-geomtrace-s1-mxl-w1,IC1N13Ckb1fb8PDP3xlRCsampleLAgaussTDpdpISO0h9cd5348f2b43,3d307a41aa71,IC1N13Ckb1fb8PDP3xlRCsampleLAgaussTDpdpISO0h9cd5348f2b43W3d307a41aa71R1,ci,EC1N13Ckb1h0f132ba0b5e2,13,3,3,geomtrace,mxl,complete,True,3,3,8,9,4,,4,143,4,139,0,0,4,4,125,9600497,0,37680943,52887297,14764195623,16579510475,17497809,1553984,120840,27182885096,8566452,58654499016,1.95515e+10,7.84069e+09,4441864,872509,13204.9,67225.1,1.31057e+09,16522.8,101955405,52997,881452,144911,0,124,5156,89,23,4,398286018,0.177071,40271872,ICBCAL1ha3f79d4aaca9,a33c231bbc8a446db7dfa88cb81c3cd02fd1df309d2c4f7424d780b63af3e9da,ea9393330b1fc3a63410d03f32faaa7e1e692237,2026-10-05T04:49:45Z,cursor,,,,ICBW1hdcaad7f64a24,31467965246,27186533770,9.06218e+09,13325592,8328495,1665699,4401.64,7042.63,35213.1
n13m3l3-random-s1-mxl-w1,IC1N13Ckb1fb4PDP3xlRCsampleLAgaussTDpdpISO0h7e9e3a2574ab,3d307a41aa71,IC1N13Ckb1fb4PDP3xlRCsampleLAgaussTDpdpISO0h7e9e3a2574abW3d307a41aa71R1,ci,EC1N13Ckb1h0f132ba0b5e2,13,3,3,random,mxl,complete,True,3,3,4,5,2,,2,169,2,167,0,0,2,2,36,9600497,0,15769564,52887297,17449647314,16401340116,6667143,817272,40280,8313339784,5948925,42256058192,1.40854e+10,1.69292e+10,4441864,872509,9513.14,48430.5,9.44166e+08,11903.4,69218337,50149,674232,111002,0,0,4129,179,13,2,311312386,0.161158,40464384,ICBCAL1ha3f79d4aaca9,a33c231bbc8a446db7dfa88cb81c3cd02fd1df309d2c4f7424d780b63af3e9da,ea9393330b1fc3a63410d03f32faaa7e1e692237,2026-10-05T04:49:45Z,cursor,,,,ICBW1hdcaad7f64a24,33939069734,8316988458,2.77233e+09,13325592,8328495,1665699,3171.05,5073.67,25368.4
n13m3l3-prefix-s1-mxl-w2,IC1N13Ckb1fb8PDP3xlRCsampleLAgaussTDpdpISO0hb34ead1a1d66,db2fd6fabfe1,IC1N13Ckb1fb8PDP3xlRCsampleLAgaussTDpdpISO0hb34ead1a1d66Wdb2fd6fabfe1R1,ci,EC1N13Ckb1h0f132ba0b5e2,13,3,3,prefix,mxl,complete,True,3,3,8,11,4,,4,186,5,181,0,0,5,4,145,9600497,0,33378382,52461930,18488839926,21495555497,34162044,1755384,120840,30868544591,9042366,70993461457,2.36645e+10,1.00051e+10,4441864,872509,15982.8,81367,1.58627e+09,19998.6,125396277,65644,1049854,170585,0,0,6538,128,28,4,470671526,0.1734,40402944,ICBCAL1ha3f79d4aaca9,a33c231bbc8a446db7dfa88cb81c3cd02fd1df309d2c4f7424d780b63af3e9da,ea9393330b1fc3a63410d03f32faaa7e1e692237,2026-10-05T04:49:45Z,cursor,,,,ICBW1h3e8628bdbf33,40120712959,30872748498,1.02909e+10,13325592,8328495,1665699,5327.6,8524.16,42620.8
n13m3l3-geomtrace-s1-mxl-w2,IC1N13Ckb1fb8PDP3xlRCsampleLAgaussTDpdpISO0h9cd5348f2b43,db2fd6fabfe1,IC1N13Ckb1fb8PDP3xlRCsampleLAgaussTDpdpISO0h9cd5348f2b43Wdb2fd6fabfe1R1,ci,EC1N13Ckb1h0f132ba0b5e2,13,3,3,geomtrace,mxl,complete,True,3,3,8,9,4,,4,161,4,157,0,0,4,4,52,9600497,0,37680943,52887297,16625388694,18436780150,54358148,1433144,120840,12007522827,9121685,47234894225,1.5745e+10,8.77949e+09,4441864,872509,10634,54136.9,1.05541e+09,13305.9,82797588,53898,700557,115431,0,124,4737,176,21,4,469811756,0.121518,40267776,ICBCAL1ha3f79d4aaca9,a33c231bbc8a446db7dfa88cb81c3cd02fd1df309d2c4f7424d780b63af3e9da,ea9393330b1fc3a63410d03f32faaa7e1e692237,2026-10-05T04:49:45Z,cursor,,,,ICBW1h3e8628bdbf33,35223167491,12011726734,4.00391e+09,13325592,8328495,1665699,3544.68,5671.48,28357.4
n13m3l3-random-s1-mxl-w2,IC1N13Ckb1fb4PDP3xlRCsampleLAgaussTDpdpISO0h7e9e3a2574ab,db2fd6fabfe1,IC1N13Ckb1fb4PDP3xlRCsampleLAgaussTDpdpISO0h7e9e3a2574abWdb2fd6fabfe1R1,ci,EC1N13Ckb1h0f132ba0b5e2,13,3,3,random,mxl,complete,True,3,3,4,5,2,,2,284,3,281,0,0,3,2,469,9600497,0,15769564,52887297,29331154362,27312770992,12497814,817272,40280,93146831316,6504158,149888873552,4.9963e+10,2.83286e+10,4441864,872509,33744.6,171791,3.34911e+09,42223.3,238156490,72696,2476188,404730,0,0,12986,125,14,2,1111263508,0.14749,40325120,ICBCAL1ha3f79d4aaca9,a33c231bbc8a446db7dfa88cb81c3cd02fd1df309d2c4f7424d780b63af3e9da,ea9393330b1fc3a63410d03f32faaa7e1e692237,2026-10-05T04:49:45Z,cursor,,,,ICBW1h3e8628bdbf33,56737838329,93151035223,3.10503e+10,13325592,8328495,1665699,11248.2,17997.1,89985.6
n13m3l3-prefix-s1-mxl-w3,IC1N13Ckb1fb8PDP3xlRCsampleLAgaussTDpdpISO0hb34ead1a1d66,d27cadfa1f0d,IC1N13Ckb1fb8PDP3xlRCsampleLAgaussTDpdpISO0hb34ead1a1d66Wd27cadfa1f0dR1,ci,EC1N13Ckb1h0f132ba0b5e2,13,3,3,prefix,mxl,complete,True,3,3,8,11,4,,4,207,5,202,0,0,5,4,115,9600497,0,33378382,52461930,20567194945,23801225419,37497789,2037344,80560,24751092757,8328495,69262898118,2.30876e+10,1.1102e+10,4441864,872509,15593.2,79383.6,1.54761e+09,19511.2,122682100,57190,1021345,165977,0,0,6222,146,35,4,538384868,0.160818,40263680,ICBCAL1ha3f79d4aaca9,a33c231bbc8a446db7dfa88cb81c3cd02fd1df309d2c4f7424d780b63af3e9da,ea9393330b1fc3a63410d03f32faaa7e1e692237,2026-10-05T04:49:45Z,cursor,,,,ICBW1h89236b17de88,44508315325,24754582793,8.25153e+09,13325592,8328495,1665699,5197.74,8316.38,41581.9
n13m3l3-geomtrace-s1-mxl-w3,IC1N13Ckb1fb8PDP3xlRCsampleLAgaussTDpdpISO0h9cd5348f2b43,d27cadfa1f0d,IC1N13Ckb1fb8PDP3xlRCsampleLAgaussTDpdpISO0h9cd5348f2b43Wd27cadfa1f0dR1,ci,EC1N13Ckb1h0f132ba0b5e2,13,3,3,geomtrace,mxl,complete,True,3,3,8,9,4,,4,111,4,107,0,0,4,4,85,9600497,0,37680943,52887297,11459127121,13274214680,26664225,1674824,120840,18978878502,8407814,43849256743,1.46164e+10,6.19042e+09,4441864,872509,9871.81,50256.5,9.79765e+08,12352.2,77530623,53917,644644,106319,0,124,4057,119,26,4,296767316,0.179815,40140800,ICBCAL1ha3f79d4aaca9,a33c231bbc8a446db7dfa88cb81c3cd02fd1df309d2c4f7424d780b63af3e9da,ea9393330b1fc3a63410d03f32faaa7e1e692237,2026-10-05T04:49:45Z,cursor,,,,ICBW1h89236b17de88,24866888205,18982368538,6.32746e+09,13325592,8328495,1665699,3290.6,5264.97,26324.8
n13m3l3-random-s1-mxl-w3,IC1N13Ckb1fb4PDP3xlRCsampleLAgaussTDpdpISO0h7e9e3a2574ab,d27cadfa1f0d,IC1N13Ckb1fb4PDP3xlRCsampleLAgaussTDpdpISO0h7e9e3a2574abWd27cadfa1f0dR1,ci,EC1N13Ckb1h0f132ba0b5e2,13,3,3,random,mxl,complete,True,3,3,4,5,2,,2,284,2,282,0,0,2,2,248,9600497,0,15769564,52887297,29308374697,26858987549,26867594,696432,40280,50007983452,5790287,106286997649,3.5429e+10,2.80975e+10,4441864,872509,23928.5,121818,2.37487e+09,29940.7,169543419,46426,1749397,286274,0,0,9020,110,10,2,721308982,0.167407,40472576,ICBCAL1ha3f79d4aaca9,a33c231bbc8a446db7dfa88cb81c3cd02fd1df309d2c4f7424d780b63af3e9da,ea9393330b1fc3a63410d03f32faaa7e1e692237,2026-10-05T04:49:45Z,cursor,,,,ICBW1h89236b17de88,56275524161,50011473488,1.66705e+10,13325592,8328495,1665699,7976.16,12761.8,63809.2
n19m2l5-prefix-s1-mxl-w1,IC1N19Ckb1fb26PDP2xlRCsampleLAgaussTDpdpISO0hcd25859bf666,a4edb1cafa4a,IC1N19Ckb1fb26PDP2xlRCsampleLAgaussTDpdpISO0hcd25859bf666Wa4edb1cafa4aR1,ci,EC1N19Ckb1ha7a2e0b48125,19,2,5,prefix,mxl,complete,True,3,3,26,29,13,13,13,42748,51,42697,0,0,51,13,2532,7967205,0,216688640,216493626,860676757707,9082918250,100003560,19729046,333025,51787299542,43149840,922151340441,3.07384e+11,6.69138e+10,53116515,8676870,17360.9,106277,2.54904e+09,21739.3,14523222,7762470,30971520,2988580,0,0,1116122,238,365,26,24045770538,0.0453669,68136960,ICBCAL1ha3f79d4aaca9,a33c231bbc8a446db7dfa88cb81c3cd02fd1df309d2c4f7424d780b63af3e9da,ea9393330b1fc3a63410d03f32faaa7e1e692237,2026-10-05T04:49:45Z,cursor,,,,ICBW1hf81f2e0b1965,870356536579,51794803862,1.72649e+10,159349545,99666750,16181190,5786.97,9252.35,56989.1
n19m2l5-geomtrace-s1-mxl-w1,IC1N19Ckb1fb32PDP2xlRCsampleLAgaussTDpdpISO0hd7e2a2df132a,a4edb1cafa4a,IC1N19Ckb1fb32PDP2xlRCsampleLAgaussTDpdpISO0hd7e2a2df132aWa4edb1cafa4aR1,ci,EC1N19Ckb1ha7a2e0b48125,19,2,5,geomtrace,mxl,complete,True,3,3,32,33,16,16,16,25739,54,25685,0,0,54,16,110,7967205,0,581235088,263245412,518221055601,6933211489,104909865,18770522,380600,2298202412,51357690,528480335884,1.7616e+11,3.28299e+10,53116515,8676870,9949.45,60906.8,1.46084e+09,12458.7,8658879,6539917,17680716,1709976,0,3330,638513,248,370,32,15373884207,0.0444981,56610816,ICBCAL1ha3f79d4aaca9,a33c231bbc8a446db7dfa88cb81c3cd02fd1df309d2c4f7424d780b63af3e9da,ea9393330b1fc3a63410d03f32faaa7e1e692237,2026-10-05T04:49:45Z,cursor,,,,ICBW1hf81f2e0b1965,526174629152,2305706732,7.68569e+08,159349545,99666750,16181190,3316.48,5302.47,32660.2
n19m2l5-random-s1-mxl-w1,IC1N19Ckb1fb34PDP2xlRCsampleLAgaussTDpdpISO0h6b009bd3c886,a4edb1cafa4a,IC1N19Ckb1fb34PDP2xlRCsampleLAgaussTDpdpISO0h6b009bd3c886Wa4edb1cafa4aR1,ci,EC1N19Ckb1ha7a2e0b48125,19,2,5,random,mxl,complete,True,3,3,34,35,17,16,16,35670,35,35635,0,0,35,16,4479,7967205,0,260307500,328993952,718144363080,7064736138,66436575,13442122,523325,91576430056,7504320,817470704273,2.7249e+11,4.53306e+10,53116515,8676870,15390.1,94212.6,2.25968e+09,19271.5,25133960,524022,27461916,2649934,0,0,992462,176,1155,32,25367812707,0.0374618,63639552,ICBCAL1ha3f79d4aaca9,a33c231bbc8a446db7dfa88cb81c3cd02fd1df309d2c4f7424d780b63af3e9da,ea9393330b1fc3a63410d03f32faaa7e1e692237,2026-10-05T04:49:45Z,cursor,,,,ICBW1hf81f2e0b1965,725886769897,91583934376,3.0528e+10,159349545,99666750,16181190,5130.05,8202.04,50519.8
