bench_cell,candidate_id,workload_id,run_id,suite,curve_id,n,m,l,family,mode,status,verified,targets,targets_verified,fb_points,geometric_points,effective_columns,achievable_rank,final_rank,ordinary_queries,pdp_verified,pdp_proved_unsat,pdp_budget,pdp_lift_rejected,verified_relations,novel_rows,descent_attempts,ops_setup,ops_isogeny,ops_factor_base,ops_precompute,ops_queries,ops_pdp,ops_relation_check,ops_matrix_build,ops_relation_la,ops_target_descent,ops_recovery_check,total_operations,amortized_ops_per_target,ops_per_novel_row,rho_operations,rho_floor_operations,ratio_to_rho,ratio_to_floor,S_rps,S_ec_add,count_mac_op,count_anf_op,count_sys_word,count_gf_mul,count_gf_inv,count_gf_lin,count_ec_add,count_ec_lift,count_modr_mul,count_modr_inv,wall_ns,priced_over_wall,peak_rss_bytes,calibration_id,implementation_sha256,git_commit,recorded_at,host,ic_online_ns,rho_online_ns,online_speedup
n19m2l5-geometric-s10-mxl-w1,IC1N19Ckb1fb40PDP2xlRCsampleLAgaussTDpdpISO0h7733e2629fce,a4edb1cafa4a,IC1N19Ckb1fb40PDP2xlRCsampleLAgaussTDpdpISO0h7733e2629fceWa4edb1cafa4aR1,search,EC1N19Ckb1ha7a2e0b48125,19,2,5,geometric,mxl,complete,True,3,3,40,41,20,20,20,14373,56,14317,0,0,56,20,963,7967205,0,305129012,365599680,289387673337,1923395143,114006675,26722040,713625,23577056926,65897310,315774160953,1.05258e+11,1.45726e+10,53116515,8676870,5944.93,36392.6,8.72874e+08,7444.24,5158834,6626261,10489824,1012294,0,0,383417,264,567,40,10903546526,0.0454433,49410048,ICBCAL1ha3f79d4aaca9,14a315f9da3e0d100d151edde8310637566225b1a80bad8e385c21d6e25b9692,dff70b38434a208921785fe375a380085c0e70ea,2026-09-26T05:05:32Z,cursor,,,
n19m2l5-geometric-s10-mxl-w2,IC1N19Ckb1fb40PDP2xlRCsampleLAgaussTDpdpISO0h7733e2629fce,d13faed45939,IC1N19Ckb1fb40PDP2xlRCsampleLAgaussTDpdpISO0h7733e2629fceWd13faed45939R1,search,EC1N19Ckb1ha7a2e0b48125,19,2,5,geometric,mxl,complete,True,3,3,40,41,20,20,20,7627,33,7594,0,0,33,20,992,7967205,0,305129012,365599680,153531014133,1047148176,62937330,16969165,666050,24296915814,67656135,179702002700,5.99007e+10,7.7329e+09,53116515,8676870,3383.17,20710.5,4.96739e+08,4236.4,2935794,6508226,5895396,568972,0,0,218423,170,361,40,7558549566,0.0484259,44982272,ICBCAL1ha3f79d4aaca9,14a315f9da3e0d100d151edde8310637566225b1a80bad8e385c21d6e25b9692,dff70b38434a208921785fe375a380085c0e70ea,2026-09-26T05:05:32Z,cursor,,,
n19m2l5-geometric-s10-mxl-w3,IC1N19Ckb1fb40PDP2xlRCsampleLAgaussTDpdpISO0h7733e2629fce,66a58baf9ee3,IC1N19Ckb1fb40PDP2xlRCsampleLAgaussTDpdpISO0h7733e2629fceW66a58baf9ee3R1,search,EC1N19Ckb1ha7a2e0b48125,19,2,5,geometric,mxl,complete,True,3,3,40,41,20,20,20,9678,35,9643,0,0,35,20,467,7967205,0,305129012,365599680,194825853342,1250667841,67843635,17540065,713625,11448886657,67656135,208357857197,6.94526e+10,9.8081e+09,53116515,8676870,3922.66,24013,5.7595e+08,4911.94,3394801,3294967,6939180,669688,0,0,255294,176,374,40,8558728801,0.0465242,46342144,ICBCAL1ha3f79d4aaca9,14a315f9da3e0d100d151edde8310637566225b1a80bad8e385c21d6e25b9692,dff70b38434a208921785fe375a380085c0e70ea,2026-09-26T05:05:32Z,cursor,,,
n19m2l5-geometric-s36-mxl-w1,IC1N19Ckb1fb38PDP2xlRCsampleLAgaussTDpdpISO0heeaa972ff40b,a4edb1cafa4a,IC1N19Ckb1fb38PDP2xlRCsampleLAgaussTDpdpISO0heeaa972ff40bWa4edb1cafa4aR1,search,EC1N19Ckb1ha7a2e0b48125,19,2,5,geometric,mxl,complete,True,3,3,38,39,19,18,18,54403,101,54302,0,0,102,18,921,7967205,0,290589392,403007086,1095356341837,6093555831,204209895,37542106,618475,22529264533,7504320,1124930600680,3.74977e+11,6.12051e+10,53116515,8676870,21178.5,129647,3.10957e+09,26519.7,17768969,6899083,37841521,3651502,0,0,1362360,444,2155,36,29996580057,0.0466575,74788864,ICBCAL1ha3f79d4aaca9,14a315f9da3e0d100d151edde8310637566225b1a80bad8e385c21d6e25b9692,dff70b38434a208921785fe375a380085c0e70ea,2026-09-26T05:05:32Z,cursor,,,
n19m2l5-geometric-s36-mxl-w2,IC1N19Ckb1fb38PDP2xlRCsampleLAgaussTDpdpISO0heeaa972ff40b,d13faed45939,IC1N19Ckb1fb38PDP2xlRCsampleLAgaussTDpdpISO0heeaa972ff40bWd13faed45939R1,search,EC1N19Ckb1ha7a2e0b48125,19,2,5,geometric,mxl,complete,True,3,3,38,39,19,18,18,24466,44,24422,0,0,45,18,3829,7967205,0,290589392,403007086,492462470829,2720995390,89536500,18892706,761200,93683397339,9263145,589686880792,1.96562e+11,2.75162e+10,53116515,8676870,11101.8,67960.8,1.63003e+09,13901.6,9084338,24062288,19353723,1867588,0,0,701674,214,1766,36,16742491368,0.0471548,56193024,ICBCAL1ha3f79d4aaca9,14a315f9da3e0d100d151edde8310637566225b1a80bad8e385c21d6e25b9692,dff70b38434a208921785fe375a380085c0e70ea,2026-09-26T05:05:32Z,cursor,,,
n19m2l5-geometric-s36-mxl-w3,IC1N19Ckb1fb38PDP2xlRCsampleLAgaussTDpdpISO0heeaa972ff40b,66a58baf9ee3,IC1N19Ckb1fb38PDP2xlRCsampleLAgaussTDpdpISO0heeaa972ff40bW66a58baf9ee3R1,search,EC1N19Ckb1ha7a2e0b48125,19,2,5,geometric,mxl,complete,True,3,3,38,39,19,18,18,21665,38,21627,0,0,38,18,726,7967205,0,290589392,403007086,436165833470,2406699858,78347505,18559681,761200,17775631716,9263145,457156660258,1.52386e+11,2.43705e+10,53116515,8676870,8606.68,52686.8,1.26369e+09,10777.3,7203401,4923342,15315425,1477924,0,0,554652,190,1758,36,14264731664,0.046069,54083584,ICBCAL1ha3f79d4aaca9,14a315f9da3e0d100d151edde8310637566225b1a80bad8e385c21d6e25b9692,dff70b38434a208921785fe375a380085c0e70ea,2026-09-26T05:05:32Z,cursor,,,
n19m2l5-geometric-s26-mxl-w1,IC1N19Ckb1fb18PDP2xlRCsampleLAgaussTDpdpISO0h8c75fca556e3,a4edb1cafa4a,IC1N19Ckb1fb18PDP2xlRCsampleLAgaussTDpdpISO0h8c75fca556e3Wa4edb1cafa4aR1,search,EC1N19Ckb1ha7a2e0b48125,19,2,5,geometric,mxl,complete,True,3,3,18,19,9,8,8,42048,25,42023,0,0,25,8,11733,7967205,0,145193192,129741466,846578970017,4257638800,48279765,7054086,95150,287019471211,7504320,1138201915212,3.79401e+11,1.06361e+11,53116515,8676870,21428.4,131177,3.14626e+09,26832.6,17264104,72358914,36786166,3549664,0,0,1331792,128,290,16,27020937415,0.0484243,67514368,ICBCAL1ha3f79d4aaca9,14a315f9da3e0d100d151edde8310637566225b1a80bad8e385c21d6e25b9692,dff70b38434a208921785fe375a380085c0e70ea,2026-09-26T05:05:32Z,cursor,,,
n19m2l5-geometric-s26-mxl-w2,IC1N19Ckb1fb18PDP2xlRCsampleLAgaussTDpdpISO0h8c75fca556e3,d13faed45939,IC1N19Ckb1fb18PDP2xlRCsampleLAgaussTDpdpISO0h8c75fca556e3Wd13faed45939R1,search,EC1N19Ckb1ha7a2e0b48125,19,2,5,geometric,mxl,complete,True,3,3,18,19,9,8,8,27979,12,27967,0,0,12,8,5612,7967205,0,145193192,129741466,563180496081,2798285448,16768155,4532611,142725,137272085846,9263145,703564475874,2.34521e+11,7.075e+10,53116515,8676870,13245.7,81085.1,1.94482e+09,16586.2,10775127,34621928,22976244,2217124,0,0,829463,82,239,16,17366651032,0.0486353,58105856,ICBCAL1ha3f79d4aaca9,14a315f9da3e0d100d151edde8310637566225b1a80bad8e385c21d6e25b9692,dff70b38434a208921785fe375a380085c0e70ea,2026-09-26T05:05:32Z,cursor,,,
n19m2l5-geometric-s26-mxl-w3,IC1N19Ckb1fb18PDP2xlRCsampleLAgaussTDpdpISO0h8c75fca556e3,66a58baf9ee3,IC1N19Ckb1fb18PDP2xlRCsampleLAgaussTDpdpISO0h8c75fca556e3W66a58baf9ee3R1,search,EC1N19Ckb1ha7a2e0b48125,19,2,5,geometric,mxl,complete,True,3,3,18,19,9,8,8,44034,17,44017,0,0,17,8,13829,7967205,0,145193192,129741466,886525354361,4393515091,32881860,6340461,237875,338221978586,9263145,1229472473242,4.09824e+11,1.1137e+11,53116515,8676870,23146.7,141695,3.39855e+09,28984.3,18544644,85168993,39577589,3819010,0,0,1433035,106,280,16,28799459757,0.0486194,68608000,ICBCAL1ha3f79d4aaca9,14a315f9da3e0d100d151edde8310637566225b1a80bad8e385c21d6e25b9692,dff70b38434a208921785fe375a380085c0e70ea,2026-09-26T05:05:32Z,cursor,,,
n19m2l5-geomtraceu-s10-mxl-w1,IC1N19Ckb1fb48PDP2xlRCsampleLAgaussTDpdpISO0h99000076d415,a4edb1cafa4a,IC1N19Ckb1fb48PDP2xlRCsampleLAgaussTDpdpISO0h99000076d415Wa4edb1cafa4aR1,search,EC1N19Ckb1ha7a2e0b48125,19,2,5,geomtraceu,mxl,complete,True,3,3,48,49,23,23,23,14257,77,14180,0,0,77,23,1062,7967205,0,372000222,487183246,287052262148,2091026392,156676605,39845716,856350,25985726573,76919280,316270463737,1.05423e+11,1.258e+10,53116515,8676870,5954.28,36449.8,8.74246e+08,7455.94,5188599,7487446,10478177,1011267,0,100,384791,344,972,46,10927967081,0.0474312,49270784,ICBCAL1ha3f79d4aaca9,14a315f9da3e0d100d151edde8310637566225b1a80bad8e385c21d6e25b9692,dff70b38434a208921785fe375a380085c0e70ea,2026-09-26T05:05:32Z,cursor,,,
n19m2l5-geomtraceu-s10-mxl-w2,IC1N19Ckb1fb48PDP2xlRCsampleLAgaussTDpdpISO0h99000076d415,d13faed45939,IC1N19Ckb1fb48PDP2xlRCsampleLAgaussTDpdpISO0h99000076d415Wd13faed45939R1,search,EC1N19Ckb1ha7a2e0b48125,19,2,5,geomtraceu,mxl,complete,True,3,3,48,49,23,23,23,6299,36,6263,0,0,36,23,442,7967205,0,372000222,487183246,126795123786,946792428,74835990,19816641,808775,10837396228,78678105,139620602626,4.65402e+10,5.55811e+09,53116515,8676870,2628.57,16091.1,3.85944e+08,3291.49,2272301,3190844,4610844,445119,0,100,173506,190,550,46,7187071810,0.0478743,44171264,ICBCAL1ha3f79d4aaca9,14a315f9da3e0d100d151edde8310637566225b1a80bad8e385c21d6e25b9692,dff70b38434a208921785fe375a380085c0e70ea,2026-09-26T05:05:32Z,cursor,,,
n19m2l5-geomtraceu-s10-mxl-w3,IC1N19Ckb1fb48PDP2xlRCsampleLAgaussTDpdpISO0h99000076d415,66a58baf9ee3,IC1N19Ckb1fb48PDP2xlRCsampleLAgaussTDpdpISO0h99000076d415W66a58baf9ee3R1,search,EC1N19Ckb1ha7a2e0b48125,19,2,5,geomtraceu,mxl,complete,True,3,3,48,49,23,23,23,7878,42,7836,0,0,42,23,239,7967205,0,372000222,487183246,158620652017,1146089093,85327590,22290541,808775,5859212566,78678105,166680209360,5.55601e+10,6.95106e+09,53116515,8676870,3138.01,19209.7,4.60743e+08,3929.41,2742119,1992925,5551933,535935,0,100,207302,208,601,46,7516272776,0.0470781,45187072,ICBCAL1ha3f79d4aaca9,14a315f9da3e0d100d151edde8310637566225b1a80bad8e385c21d6e25b9692,dff70b38434a208921785fe375a380085c0e70ea,2026-09-26T05:05:32Z,cursor,,,
n19m2l5-geomtraceu-s46-mxl-w1,IC1N19Ckb1fb34PDP2xlRCsampleLAgaussTDpdpISO0h7ac948ea649a,a4edb1cafa4a,IC1N19Ckb1fb34PDP2xlRCsampleLAgaussTDpdpISO0h7ac948ea649aWa4edb1cafa4aR1,search,EC1N19Ckb1ha7a2e0b48125,19,2,5,geomtraceu,mxl,complete,True,3,3,34,35,17,17,17,27807,71,27736,0,0,71,17,543,7967205,0,270222882,286998744,559863287538,3387375719,131429280,30439914,666050,13300111891,56399655,577334898878,1.92445e+11,3.31419e+10,53116515,8676870,10869.2,66537.2,1.59589e+09,13610.4,9527544,4200195,19391400,1871313,0,100,700651,318,618,34,16715375831,0.047057,58019840,ICBCAL1ha3f79d4aaca9,14a315f9da3e0d100d151edde8310637566225b1a80bad8e385c21d6e25b9692,dff70b38434a208921785fe375a380085c0e70ea,2026-09-26T05:05:32Z,cursor,,,
n19m2l5-geomtraceu-s46-mxl-w2,IC1N19Ckb1fb34PDP2xlRCsampleLAgaussTDpdpISO0h7ac948ea649a,d13faed45939,IC1N19Ckb1fb34PDP2xlRCsampleLAgaussTDpdpISO0h7ac948ea649aWd13faed45939R1,search,EC1N19Ckb1ha7a2e0b48125,19,2,5,geomtraceu,mxl,complete,True,3,3,34,35,17,17,17,13683,35,13648,0,0,35,17,1554,7967205,0,270222882,286998744,275415609732,1663338586,68528760,15263489,523325,38032816716,58158480,315819427919,1.05273e+11,1.63037e+10,53116515,8676870,5945.79,36397.9,8.72999e+08,7445.3,5091350,9985944,10422108,1005855,0,100,379557,182,296,34,10086599553,0.0476705,49033216,ICBCAL1ha3f79d4aaca9,14a315f9da3e0d100d151edde8310637566225b1a80bad8e385c21d6e25b9692,dff70b38434a208921785fe375a380085c0e70ea,2026-09-26T05:05:32Z,cursor,,,
n19m2l5-geomtraceu-s46-mxl-w3,IC1N19Ckb1fb34PDP2xlRCsampleLAgaussTDpdpISO0h7ac948ea649a,66a58baf9ee3,IC1N19Ckb1fb34PDP2xlRCsampleLAgaussTDpdpISO0h7ac948ea649aW66a58baf9ee3R1,search,EC1N19Ckb1ha7a2e0b48125,19,2,5,geomtraceu,mxl,complete,True,3,3,34,35,17,17,17,15102,33,15069,0,0,33,17,1399,7967205,0,270222882,286998744,304023108798,1778232734,63646995,13788664,475750,34251848443,58158480,340754448695,1.13585e+11,1.79929e+10,53116515,8676870,6415.23,39271.6,9.41925e+08,8033.14,5525477,8984148,11286684,1089279,0,100,410764,166,263,34,11043210320,0.0472037,49668096,ICBCAL1ha3f79d4aaca9,14a315f9da3e0d100d151edde8310637566225b1a80bad8e385c21d6e25b9692,dff70b38434a208921785fe375a380085c0e70ea,2026-09-26T05:05:32Z,cursor,,,
n19m2l5-geomtraceu-s34-mxl-w1,IC1N19Ckb1fb30PDP2xlRCsampleLAgaussTDpdpISO0hd40d5825cb02,a4edb1cafa4a,IC1N19Ckb1fb30PDP2xlRCsampleLAgaussTDpdpISO0hd40d5825cb02Wa4edb1cafa4aR1,search,EC1N19Ckb1ha7a2e0b48125,19,2,5,geomtraceu,mxl,complete,True,3,3,30,31,15,15,15,14178,39,14139,0,0,39,15,2718,7967205,0,241143642,256225020,285461067077,1740900510,79032630,19375480,523325,66481961178,50536905,354338732972,1.18113e+11,1.91534e+10,53116515,8676870,6670.97,40837.2,9.79476e+08,8353.38,5637372,17186928,11556788,1115349,0,100,421167,198,721,30,10499715227,0.0486404,49324032,ICBCAL1ha3f79d4aaca9,14a315f9da3e0d100d151edde8310637566225b1a80bad8e385c21d6e25b9692,dff70b38434a208921785fe375a380085c0e70ea,2026-09-26T05:05:32Z,cursor,,,
n19m2l5-geomtraceu-s34-mxl-w2,IC1N19Ckb1fb30PDP2xlRCsampleLAgaussTDpdpISO0hd40d5825cb02,d13faed45939,IC1N19Ckb1fb30PDP2xlRCsampleLAgaussTDpdpISO0hd40d5825cb02Wd13faed45939R1,search,EC1N19Ckb1ha7a2e0b48125,19,2,5,geomtraceu,mxl,complete,True,3,3,30,31,15,15,15,26072,57,26015,0,0,57,15,1912,7967205,0,241143642,256225020,524799453013,3075328340,116129535,29604105,618475,46789086937,52295730,575367852002,1.91789e+11,3.52014e+10,53116515,8676870,10832.2,66310.5,1.59045e+09,13564,9336253,12432122,19140904,1847157,0,100,691278,258,936,30,15972003510,0.046353,56864768,ICBCAL1ha3f79d4aaca9,14a315f9da3e0d100d151edde8310637566225b1a80bad8e385c21d6e25b9692,dff70b38434a208921785fe375a380085c0e70ea,2026-09-26T05:05:32Z,cursor,,,
n19m2l5-geomtraceu-s34-mxl-w3,IC1N19Ckb1fb30PDP2xlRCsampleLAgaussTDpdpISO0hd40d5825cb02,66a58baf9ee3,IC1N19Ckb1fb30PDP2xlRCsampleLAgaussTDpdpISO0hd40d5825cb02W66a58baf9ee3R1,search,EC1N19Ckb1ha7a2e0b48125,19,2,5,geomtraceu,mxl,complete,True,3,3,30,31,15,15,15,32350,66,32284,0,0,66,15,406,7967205,0,241143642,256225020,651240067355,3799823061,134286345,36597630,618475,9946343302,52295730,665715367765,2.21905e+11,4.36807e+10,53116515,8676870,12533.1,76723,1.84019e+09,15693.9,10915355,3327471,22405028,2162109,0,100,807013,304,1085,30,18673955067,0.0456319,60899328,ICBCAL1ha3f79d4aaca9,14a315f9da3e0d100d151edde8310637566225b1a80bad8e385c21d6e25b9692,dff70b38434a208921785fe375a380085c0e70ea,2026-09-26T05:05:32Z,cursor,,,
n19m2l5-kertrace-s25-mxl-w1,IC1N19Ckb1fb40PDP2xlRCsampleLAgaussTDpdpISO0h525599ac6842,a4edb1cafa4a,IC1N19Ckb1fb40PDP2xlRCsampleLAgaussTDpdpISO0h525599ac6842Wa4edb1cafa4aR1,search,EC1N19Ckb1ha7a2e0b48125,19,2,5,kertrace,mxl,complete,True,3,3,40,41,20,20,20,10093,36,10057,0,0,36,20,807,7967205,0,304233862,372260180,203200979607,2337451320,69941955,18206115,761200,19840229168,66366330,226218396942,7.54061e+10,1.02813e+10,53116515,8676870,4258.91,26071.4,6.25321e+08,5333,7363717,5390124,7455600,719500,0,13,274229,180,529,40,9305617035,0.0387656,46854144,ICBCAL1ha3f79d4aaca9,14a315f9da3e0d100d151edde8310637566225b1a80bad8e385c21d6e25b9692,dff70b38434a208921785fe375a380085c0e70ea,2026-09-26T05:05:32Z,cursor,,,
n19m2l5-kertrace-s25-mxl-w2,IC1N19Ckb1fb40PDP2xlRCsampleLAgaussTDpdpISO0h525599ac6842,d13faed45939,IC1N19Ckb1fb40PDP2xlRCsampleLAgaussTDpdpISO0h525599ac6842Wd13faed45939R1,search,EC1N19Ckb1ha7a2e0b48125,19,2,5,kertrace,mxl,complete,True,3,3,40,41,20,20,20,13457,38,13419,0,0,38,20,198,7967205,0,304233862,372260180,270865606833,3054758336,76940445,17777940,713625,4892839773,68125155,279661223354,9.32204e+10,1.37008e+10,53116515,8676870,5265.05,32230.7,7.73049e+08,6592.89,9251820,1685508,9340020,901330,0,13,340686,192,518,40,10642275980,0.0385338,48779264,ICBCAL1ha3f79d4aaca9,14a315f9da3e0d100d151edde8310637566225b1a80bad8e385c21d6e25b9692,dff70b38434a208921785fe375a380085c0e70ea,2026-09-26T05:05:32Z,cursor,,,
n19m2l5-kertrace-s25-mxl-w3,IC1N19Ckb1fb40PDP2xlRCsampleLAgaussTDpdpISO0h525599ac6842,66a58baf9ee3,IC1N19Ckb1fb40PDP2xlRCsampleLAgaussTDpdpISO0h525599ac6842W66a58baf9ee3R1,search,EC1N19Ckb1ha7a2e0b48125,19,2,5,kertrace,mxl,complete,True,3,3,40,41,20,20,20,5607,21,5586,0,0,21,20,982,7967205,0,304233862,372260180,112905673758,1303407292,38454885,11117440,761200,24146646356,68125155,139158647333,4.63862e+10,5.71293e+09,53116515,8676870,2619.88,16037.9,3.84667e+08,3280.6,4441526,6286392,4506876,434974,0,13,168964,122,379,40,6619938904,0.0394216,43794432,ICBCAL1ha3f79d4aaca9,14a315f9da3e0d100d151edde8310637566225b1a80bad8e385c21d6e25b9692,dff70b38434a208921785fe375a380085c0e70ea,2026-09-26T05:05:32Z,cursor,,,
n19m2l5-kertrace-s17-mxl-w1,IC1N19Ckb1fb28PDP2xlRCsampleLAgaussTDpdpISO0h4ef2f2514d12,a4edb1cafa4a,IC1N19Ckb1fb28PDP2xlRCsampleLAgaussTDpdpISO0h4ef2f2514d12Wa4edb1cafa4aR1,search,EC1N19Ckb1ha7a2e0b48125,19,2,5,kertrace,mxl,complete,True,3,3,28,29,14,14,14,11350,14,11336,0,0,14,14,569,7967205,0,217043450,222929768,228511811235,2297293908,29376480,8324563,475750,13990283980,47019255,245332525594,8.17775e+10,1.64891e+10,53116515,8676870,4618.76,28274.3,6.78157e+08,5783.61,7581170,3687318,8152596,786754,0,15,296645,102,251,28,9181430624,0.0393511,47501312,ICBCAL1ha3f79d4aaca9,14a315f9da3e0d100d151edde8310637566225b1a80bad8e385c21d6e25b9692,dff70b38434a208921785fe375a380085c0e70ea,2026-09-26T05:05:32Z,cursor,,,
n19m2l5-kertrace-s17-mxl-w2,IC1N19Ckb1fb28PDP2xlRCsampleLAgaussTDpdpISO0h4ef2f2514d12,d13faed45939,IC1N19Ckb1fb28PDP2xlRCsampleLAgaussTDpdpISO0h4ef2f2514d12Wd13faed45939R1,search,EC1N19Ckb1ha7a2e0b48125,19,2,5,kertrace,mxl,complete,True,3,3,28,29,14,14,14,34750,50,34700,0,0,50,14,1467,7967205,0,217043450,222929768,699494263730,7062232694,95127930,17411388,428175,36055817738,48778080,743222000158,2.47741e+11,5.04764e+10,53116515,8676870,13992.3,85655.5,2.05444e+09,17521.1,23091038,9593107,24772409,2390422,0,15,891846,226,441,28,22753256649,0.0392533,63680512,ICBCAL1ha3f79d4aaca9,14a315f9da3e0d100d151edde8310637566225b1a80bad8e385c21d6e25b9692,dff70b38434a208921785fe375a380085c0e70ea,2026-09-26T05:05:32Z,cursor,,,
n19m2l5-kertrace-s17-mxl-w3,IC1N19Ckb1fb28PDP2xlRCsampleLAgaussTDpdpISO0h4ef2f2514d12,66a58baf9ee3,IC1N19Ckb1fb28PDP2xlRCsampleLAgaussTDpdpISO0h4ef2f2514d12W66a58baf9ee3R1,search,EC1N19Ckb1ha7a2e0b48125,19,2,5,kertrace,mxl,complete,True,3,3,28,29,14,14,14,9559,19,9540,0,0,19,14,1182,7967205,0,217043450,222929768,192425645841,1988414932,34258245,9513938,428175,29047626916,48778080,224002606550,7.46675e+10,1.38898e+10,53116515,8676870,4217.19,25816.1,6.19196e+08,5280.76,6865014,7490508,7346844,709006,0,15,268276,114,274,28,8186025144,0.0397123,46280704,ICBCAL1ha3f79d4aaca9,14a315f9da3e0d100d151edde8310637566225b1a80bad8e385c21d6e25b9692,dff70b38434a208921785fe375a380085c0e70ea,2026-09-26T05:05:32Z,cursor,,,
n19m2l5-kertrace-s13-mxl-w1,IC1N19Ckb1fb20PDP2xlRCsampleLAgaussTDpdpISO0h0d6ff78cc84a,a4edb1cafa4a,IC1N19Ckb1fb20PDP2xlRCsampleLAgaussTDpdpISO0h0d6ff78cc84aWa4edb1cafa4aR1,search,EC1N19Ckb1ha7a2e0b48125,19,2,5,kertrace,mxl,complete,True,3,3,20,21,10,10,10,9980,10,9970,0,0,10,10,596,7967205,0,158766700,144610860,200922988155,2114058256,20285805,5130545,333025,14658145979,35645520,218067932050,7.26893e+10,2.03062e+10,53116515,8676870,4105.46,25132.1,6.02791e+08,5140.86,7151549,3791442,7233984,698116,0,10,262427,82,189,20,7769913831,0.037271,46804992,ICBCAL1ha3f79d4aaca9,14a315f9da3e0d100d151edde8310637566225b1a80bad8e385c21d6e25b9692,dff70b38434a208921785fe375a380085c0e70ea,2026-09-26T05:05:32Z,cursor,,,
n19m2l5-kertrace-s13-mxl-w2,IC1N19Ckb1fb20PDP2xlRCsampleLAgaussTDpdpISO0h0d6ff78cc84a,d13faed45939,IC1N19Ckb1fb20PDP2xlRCsampleLAgaussTDpdpISO0h0d6ff78cc84aWd13faed45939R1,search,EC1N19Ckb1ha7a2e0b48125,19,2,5,kertrace,mxl,complete,True,3,3,20,21,10,10,10,30936,35,30901,0,0,35,10,7081,7967205,0,158766700,144610860,622708315269,6533656330,63653130,9888045,142725,173966006624,37404345,803630411233,2.67877e+11,6.29316e+10,53116515,8676870,15129.6,92617.5,2.22142e+09,18945.2,25585989,43894248,26003514,2509222,0,10,940101,166,286,20,23495964094,0.0393368,61005824,ICBCAL1ha3f79d4aaca9,14a315f9da3e0d100d151edde8310637566225b1a80bad8e385c21d6e25b9692,dff70b38434a208921785fe375a380085c0e70ea,2026-09-26T05:05:32Z,cursor,,,
n19m2l5-kertrace-s13-mxl-w3,IC1N19Ckb1fb20PDP2xlRCsampleLAgaussTDpdpISO0h0d6ff78cc84a,66a58baf9ee3,IC1N19Ckb1fb20PDP2xlRCsampleLAgaussTDpdpISO0h0d6ff78cc84aW66a58baf9ee3R1,search,EC1N19Ckb1ha7a2e0b48125,19,2,5,kertrace,mxl,complete,True,3,3,20,21,10,10,10,21418,20,21398,0,0,20,10,4582,7967205,0,158766700,144610860,431190835137,4491560768,35671440,7461720,142725,112592319777,37404345,548666740677,1.82889e+11,4.35726e+10,53116515,8676870,10329.5,63233.3,1.51664e+09,12934.6,17461893,28380054,17783924,1716100,0,10,644318,114,235,20,16617358130,0.0393025,53968896,ICBCAL1ha3f79d4aaca9,14a315f9da3e0d100d151edde8310637566225b1a80bad8e385c21d6e25b9692,dff70b38434a208921785fe375a380085c0e70ea,2026-09-26T05:05:32Z,cursor,,,
n19m2l5-prefix-s1-mxl-w1,IC1N19Ckb1fb26PDP2xlRCsampleLAgaussTDpdpISO0hc0cc43a2b0ee,a4edb1cafa4a,IC1N19Ckb1fb26PDP2xlRCsampleLAgaussTDpdpISO0hc0cc43a2b0eeWa4edb1cafa4aR1,search,EC1N19Ckb1ha7a2e0b48125,19,2,5,prefix,mxl,complete,True,3,3,26,29,13,13,13,42748,51,42697,0,0,51,13,2532,7967205,0,216688640,216493626,860676757707,4557438314,100003560,19729046,333025,61948050134,43149840,927786611097,3.09262e+11,6.65657e+10,53116515,8676870,17467,106926,2.56462e+09,21872.2,14523222,16185894,30971520,2988580,0,0,1116122,238,365,26,23736302556,0.0478555,67678208,ICBCAL1ha3f79d4aaca9,14a315f9da3e0d100d151edde8310637566225b1a80bad8e385c21d6e25b9692,dff70b38434a208921785fe375a380085c0e70ea,2026-09-26T05:05:32Z,cursor,,,
n19m2l5-prefix-s1-mxl-w2,IC1N19Ckb1fb26PDP2xlRCsampleLAgaussTDpdpISO0hc0cc43a2b0ee,d13faed45939,IC1N19Ckb1fb26PDP2xlRCsampleLAgaussTDpdpISO0hc0cc43a2b0eeWd13faed45939R1,search,EC1N19Ckb1ha7a2e0b48125,19,2,5,prefix,mxl,complete,True,3,3,26,29,13,13,13,38004,35,37969,0,0,35,13,1703,7967205,0,216688640,216493626,764999878116,3962989529,69941955,13306421,475750,41684792865,44908665,811217442772,2.70406e+11,5.91574e+10,53116515,8676870,15272.4,93491.9,2.2424e+09,19124.1,12712333,10913639,27159588,2620762,0,0,977302,180,235,26,21109019485,0.0472059,64847872,ICBCAL1ha3f79d4aaca9,14a315f9da3e0d100d151edde8310637566225b1a80bad8e385c21d6e25b9692,dff70b38434a208921785fe375a380085c0e70ea,2026-09-26T05:05:32Z,cursor,,,
n19m2l5-prefix-s1-mxl-w3,IC1N19Ckb1fb26PDP2xlRCsampleLAgaussTDpdpISO0hc0cc43a2b0ee,66a58baf9ee3,IC1N19Ckb1fb26PDP2xlRCsampleLAgaussTDpdpISO0hc0cc43a2b0eeW66a58baf9ee3R1,search,EC1N19Ckb1ha7a2e0b48125,19,2,5,prefix,mxl,complete,True,3,3,26,29,13,13,13,36133,27,36106,0,0,27,13,3093,7967205,0,216688640,216493626,727408924722,3708492400,49637745,11165546,333025,75670219256,44908665,807334830830,2.69112e+11,5.62445e+10,53116515,8676870,15199.3,93044.5,2.23166e+09,19032.6,12537191,19348918,26830584,2589016,0,0,967392,148,186,26,20926426515,0.048258,63660032,ICBCAL1ha3f79d4aaca9,14a315f9da3e0d100d151edde8310637566225b1a80bad8e385c21d6e25b9692,dff70b38434a208921785fe375a380085c0e70ea,2026-09-26T05:05:32Z,cursor,,,
n19m2l5-random-s36-mxl-w1,IC1N19Ckb1fb36PDP2xlRCsampleLAgaussTDpdpISO0ha0d4ee088638,a4edb1cafa4a,IC1N19Ckb1fb36PDP2xlRCsampleLAgaussTDpdpISO0ha0d4ee088638Wa4edb1cafa4aR1,search,EC1N19Ckb1ha7a2e0b48125,19,2,5,random,mxl,complete,True,3,3,36,37,18,17,17,25916,37,25879,0,0,37,17,647,7967205,0,274847120,420670924,521787559014,5245905632,74829855,17118914,713625,15910058755,7504320,543747175364,1.81249e+11,3.10074e+10,53116515,8676870,10236.9,62666.3,1.50305e+09,12818.6,16774631,4444218,18169092,1753258,0,0,656672,192,2640,34,18042577141,0.038503,57274368,ICBCAL1ha3f79d4aaca9,14a315f9da3e0d100d151edde8310637566225b1a80bad8e385c21d6e25b9692,dff70b38434a208921785fe375a380085c0e70ea,2026-09-26T05:05:32Z,cursor,,,
n19m2l5-random-s36-mxl-w2,IC1N19Ckb1fb36PDP2xlRCsampleLAgaussTDpdpISO0ha0d4ee088638,d13faed45939,IC1N19Ckb1fb36PDP2xlRCsampleLAgaussTDpdpISO0ha0d4ee088638Wd13faed45939R1,search,EC1N19Ckb1ha7a2e0b48125,19,2,5,random,mxl,complete,True,3,3,36,37,18,17,17,15817,23,15794,0,0,23,17,2234,7967205,0,274847120,420670924,318373959753,3197658138,44749845,11076889,761200,54880198783,9263145,377221153002,1.2574e+11,1.89193e+10,53116515,8676870,7101.77,43474.3,1.04273e+09,8892.82,11388914,14021958,12346884,1191466,0,0,448949,136,2515,34,13049392465,0.0400305,50409472,ICBCAL1ha3f79d4aaca9,14a315f9da3e0d100d151edde8310637566225b1a80bad8e385c21d6e25b9692,dff70b38434a208921785fe375a380085c0e70ea,2026-09-26T05:05:32Z,cursor,,,
n19m2l5-random-s36-mxl-w3,IC1N19Ckb1fb36PDP2xlRCsampleLAgaussTDpdpISO0ha0d4ee088638,66a58baf9ee3,IC1N19Ckb1fb36PDP2xlRCsampleLAgaussTDpdpISO0ha0d4ee088638W66a58baf9ee3R1,search,EC1N19Ckb1ha7a2e0b48125,19,2,5,random,mxl,complete,True,3,3,36,37,18,17,17,16522,32,16490,0,0,32,17,2111,7967205,0,274847120,420670924,332617607668,3419413574,71367420,15311064,761200,51864623840,9263145,388701833160,1.29567e+11,1.9772e+10,53116515,8676870,7317.91,44797.5,1.07446e+09,9163.47,11783386,13383522,12744934,1229878,0,0,463721,174,2603,34,13399942500,0.0392549,50946048,ICBCAL1ha3f79d4aaca9,14a315f9da3e0d100d151edde8310637566225b1a80bad8e385c21d6e25b9692,dff70b38434a208921785fe375a380085c0e70ea,2026-09-26T05:05:32Z,cursor,,,
n19m2l5-random-s44-mxl-w1,IC1N19Ckb1fb28PDP2xlRCsampleLAgaussTDpdpISO0h282888856286,a4edb1cafa4a,IC1N19Ckb1fb28PDP2xlRCsampleLAgaussTDpdpISO0h282888856286Wa4edb1cafa4aR1,search,EC1N19Ckb1ha7a2e0b48125,19,2,5,random,mxl,complete,True,3,3,28,29,14,13,13,59549,54,59495,0,0,54,13,2186,7967205,0,216688640,236284826,1198992020391,11628129794,105625665,17302721,475750,53695669898,7504320,1264907669210,4.21636e+11,9.31341e+10,53116515,8676870,23813.8,145779,3.4965e+09,29819.6,38530042,14053866,42226740,4074610,0,0,1518932,242,734,26,37209971349,0.038911,79515648,ICBCAL1ha3f79d4aaca9,14a315f9da3e0d100d151edde8310637566225b1a80bad8e385c21d6e25b9692,dff70b38434a208921785fe375a380085c0e70ea,2026-09-26T05:05:32Z,cursor,,,
n19m2l5-random-s44-mxl-w2,IC1N19Ckb1fb28PDP2xlRCsampleLAgaussTDpdpISO0h282888856286,d13faed45939,IC1N19Ckb1fb28PDP2xlRCsampleLAgaussTDpdpISO0h282888856286Wd13faed45939R1,search,EC1N19Ckb1ha7a2e0b48125,19,2,5,random,mxl,complete,True,3,3,28,29,14,13,13,34181,28,34153,0,0,28,13,3323,7967205,0,216688640,236284826,688038312009,6665092864,59474895,10404346,428175,81591055747,9263145,776834971852,2.58945e+11,5.34441e+10,53116515,8676870,14625.1,89529.4,2.14735e+09,18313.5,23406259,20743494,25652736,2475364,0,0,924676,146,586,26,23304985357,0.0396221,62697472,ICBCAL1ha3f79d4aaca9,14a315f9da3e0d100d151edde8310637566225b1a80bad8e385c21d6e25b9692,dff70b38434a208921785fe375a380085c0e70ea,2026-09-26T05:05:32Z,cursor,,,
n19m2l5-random-s44-mxl-w3,IC1N19Ckb1fb28PDP2xlRCsampleLAgaussTDpdpISO0h282888856286,66a58baf9ee3,IC1N19Ckb1fb28PDP2xlRCsampleLAgaussTDpdpISO0h282888856286W66a58baf9ee3R1,search,EC1N19Ckb1ha7a2e0b48125,19,2,5,random,mxl,complete,True,3,3,28,29,14,13,13,27837,26,27811,0,0,26,13,6175,7967205,0,216688640,236284826,560390295948,5437766738,46848165,9405271,428175,151623219951,9263145,717978168064,2.39326e+11,4.35296e+10,53116515,8676870,13517,82746.2,1.98466e+09,16926,21216640,38247696,23264208,2244892,0,0,842592,140,568,26,21327550086,0.0400984,58527744,ICBCAL1ha3f79d4aaca9,14a315f9da3e0d100d151edde8310637566225b1a80bad8e385c21d6e25b9692,dff70b38434a208921785fe375a380085c0e70ea,2026-09-26T05:05:32Z,cursor,,,
n19m2l5-random-s13-mxl-w1,IC1N19Ckb1fb20PDP2xlRCsampleLAgaussTDpdpISO0h4d1148bf5839,a4edb1cafa4a,IC1N19Ckb1fb20PDP2xlRCsampleLAgaussTDpdpISO0h4d1148bf5839Wa4edb1cafa4aR1,search,EC1N19Ckb1ha7a2e0b48125,19,2,5,random,mxl,complete,True,3,3,20,21,10,9,9,55986,36,55950,0,0,36,9,4453,7967205,0,158530160,149497568,1127238414079,10877812604,66424305,12824178,333025,109348728944,7504320,1247868036388,4.15956e+11,1.26466e+11,53116515,8676870,23493,143815,3.4494e+09,29417.9,37904285,27772554,41340238,3989074,0,0,1487984,174,466,18,35383197736,0.0394827,76988416,ICBCAL1ha3f79d4aaca9,14a315f9da3e0d100d151edde8310637566225b1a80bad8e385c21d6e25b9692,dff70b38434a208921785fe375a380085c0e70ea,2026-09-26T05:05:32Z,cursor,,,
n19m2l5-random-s13-mxl-w2,IC1N19Ckb1fb20PDP2xlRCsampleLAgaussTDpdpISO0h4d1148bf5839,d13faed45939,IC1N19Ckb1fb20PDP2xlRCsampleLAgaussTDpdpISO0h4d1148bf5839Wd13faed45939R1,search,EC1N19Ckb1ha7a2e0b48125,19,2,5,random,mxl,complete,True,3,3,20,21,10,9,9,68099,27,68072,0,0,27,9,663,7967205,0,158530160,149497568,1370910426481,13103796466,50347410,10159978,285450,16294884376,9263145,1400695158239,4.66898e+11,1.53786e+11,53116515,8676870,26370.2,161429,3.87185e+09,33020.8,43121614,4400508,47033170,4538392,0,0,1686035,146,412,18,41294368522,0.0379681,84037632,ICBCAL1ha3f79d4aaca9,14a315f9da3e0d100d151edde8310637566225b1a80bad8e385c21d6e25b9692,dff70b38434a208921785fe375a380085c0e70ea,2026-09-26T05:05:32Z,cursor,,,
n19m2l5-random-s13-mxl-w3,IC1N19Ckb1fb20PDP2xlRCsampleLAgaussTDpdpISO0h4d1148bf5839,66a58baf9ee3,IC1N19Ckb1fb20PDP2xlRCsampleLAgaussTDpdpISO0h4d1148bf5839W66a58baf9ee3R1,search,EC1N19Ckb1ha7a2e0b48125,19,2,5,random,mxl,complete,True,3,3,20,21,10,9,9,88536,38,88498,0,0,38,9,3573,7967205,0,158530160,149497568,1782555302089,17060154800,69220020,10207553,237875,87728201962,9263145,1887748582377,6.2925e+11,1.99966e+11,53116515,8676870,35539.8,217561,5.21818e+09,44502.8,57766302,22402914,63002518,6079294,0,0,2262235,186,412,18,55594623517,0.0375551,96796672,ICBCAL1ha3f79d4aaca9,14a315f9da3e0d100d151edde8310637566225b1a80bad8e385c21d6e25b9692,dff70b38434a208921785fe375a380085c0e70ea,2026-09-26T05:05:32Z,cursor,,,
n19m2l6-geometric-s12-mxl-w1,IC1N19Ckb1fb78PDP2xlRCsampleLAgaussTDpdpISO0h351a0b6bccf0,a4edb1cafa4a,IC1N19Ckb1fb78PDP2xlRCsampleLAgaussTDpdpISO0h351a0b6bccf0Wa4edb1cafa4aR1,search,EC1N19Ckb1ha7a2e0b48125,19,2,6,geometric,mxl,complete,True,3,3,78,79,39,38,38,16535,92,16443,0,0,92,38,289,7967205,0,587379570,1540003796,436183877240,6576595401,188867205,52037371,1617550,13327710593,7504320,458473560251,1.52825e+11,1.16579e+10,53116515,8676870,8631.47,52838.6,1.26733e+09,10808.3,10720334,13453944,15663144,1514315,0,0,427326,432,11357,76,15020283301,0.0553037,51265536,ICBCAL1ha3f79d4aaca9,14a315f9da3e0d100d151edde8310637566225b1a80bad8e385c21d6e25b9692,dff70b38434a208921785fe375a380085c0e70ea,2026-09-26T05:05:32Z,cursor,,,
n19m2l6-geometric-s12-mxl-w2,IC1N19Ckb1fb78PDP2xlRCsampleLAgaussTDpdpISO0h351a0b6bccf0,d13faed45939,IC1N19Ckb1fb78PDP2xlRCsampleLAgaussTDpdpISO0h351a0b6bccf0Wd13faed45939R1,search,EC1N19Ckb1ha7a2e0b48125,19,2,6,geometric,mxl,complete,True,3,3,78,79,39,38,38,8335,59,8276,0,0,59,38,246,7967205,0,587379570,1540003796,219825916525,3823948412,112575075,29534396,1474825,11356484308,9263145,237294547257,7.90982e+10,5.88926e+09,53116515,8676870,4467.43,27347.9,6.55938e+08,5594.11,5505462,10440999,7988911,772445,0,0,224541,304,10881,76,10660175180,0.0528797,45543424,ICBCAL1ha3f79d4aaca9,14a315f9da3e0d100d151edde8310637566225b1a80bad8e385c21d6e25b9692,dff70b38434a208921785fe375a380085c0e70ea,2026-09-26T05:05:32Z,cursor,,,
n19m2l6-geometric-s12-mxl-w3,IC1N19Ckb1fb78PDP2xlRCsampleLAgaussTDpdpISO0h351a0b6bccf0,66a58baf9ee3,IC1N19Ckb1fb78PDP2xlRCsampleLAgaussTDpdpISO0h351a0b6bccf0W66a58baf9ee3R1,search,EC1N19Ckb1ha7a2e0b48125,19,2,6,geometric,mxl,complete,True,3,3,78,79,39,38,38,13226,71,13155,0,0,71,38,435,7967205,0,587379570,1540003796,348839655065,5234257291,142667355,33292821,1617550,20032805711,9263145,376428909509,1.25476e+11,9.32237e+09,53116515,8676870,7086.85,43383,1.04054e+09,8874.15,8721078,16577884,12718391,1229645,0,0,349316,356,10963,76,13859103515,0.0545614,48627712,ICBCAL1ha3f79d4aaca9,14a315f9da3e0d100d151edde8310637566225b1a80bad8e385c21d6e25b9692,dff70b38434a208921785fe375a380085c0e70ea,2026-09-26T05:05:32Z,cursor,,,
n19m2l6-geometric-s42-mxl-w1,IC1N19Ckb1fb62PDP2xlRCsampleLAgaussTDpdpISO0h20afdeb9e970,a4edb1cafa4a,IC1N19Ckb1fb62PDP2xlRCsampleLAgaussTDpdpISO0h20afdeb9e970Wa4edb1cafa4aR1,search,EC1N19Ckb1ha7a2e0b48125,19,2,6,geometric,mxl,complete,True,3,3,62,63,31,30,30,20193,77,20116,0,0,77,30,853,7967205,0,471062610,1065377420,532701878035,6792209181,153862485,35135260,1284525,39190304875,7504320,580426585916,1.93476e+11,1.79894e+10,53116515,8676870,10927.4,66893.5,1.60444e+09,13683.3,13485657,28878753,19593788,1894295,0,0,527372,376,7957,60,16785776469,0.0532294,53391360,ICBCAL1ha3f79d4aaca9,14a315f9da3e0d100d151edde8310637566225b1a80bad8e385c21d6e25b9692,dff70b38434a208921785fe375a380085c0e70ea,2026-09-26T05:05:32Z,cursor,,,
n19m2l6-geometric-s42-mxl-w2,IC1N19Ckb1fb62PDP2xlRCsampleLAgaussTDpdpISO0h20afdeb9e970,d13faed45939,IC1N19Ckb1fb62PDP2xlRCsampleLAgaussTDpdpISO0h20afdeb9e970Wd13faed45939R1,search,EC1N19Ckb1ha7a2e0b48125,19,2,6,geometric,mxl,complete,True,3,3,62,63,31,30,30,19594,78,19516,0,0,78,30,783,7967205,0,471062610,1065377420,516736572670,6712900653,162286440,45316310,1189375,35992997579,9263145,561204933407,1.87068e+11,1.74552e+10,53116515,8676870,10565.5,64678.3,1.5513e+09,13230.2,13020760,26928938,18970930,1834085,0,0,509790,382,8169,60,16520960114,0.0527466,53039104,ICBCAL1ha3f79d4aaca9,14a315f9da3e0d100d151edde8310637566225b1a80bad8e385c21d6e25b9692,dff70b38434a208921785fe375a380085c0e70ea,2026-09-26T05:05:32Z,cursor,,,
n19m2l6-geometric-s42-mxl-w3,IC1N19Ckb1fb62PDP2xlRCsampleLAgaussTDpdpISO0h20afdeb9e970,66a58baf9ee3,IC1N19Ckb1fb62PDP2xlRCsampleLAgaussTDpdpISO0h20afdeb9e970W66a58baf9ee3R1,search,EC1N19Ckb1ha7a2e0b48125,19,2,6,geometric,mxl,complete,True,3,3,62,63,31,30,30,14528,63,14465,0,0,63,30,672,7967205,0,471062610,1065377420,383187146890,5222612521,131490630,31757435,1332100,30905650615,9263145,421033660571,1.40345e+11,1.29524e+10,53116515,8676870,7926.61,48523.7,1.16384e+09,9925.68,9722860,22971354,14151124,1368155,0,0,383480,330,7887,60,13972860930,0.0520294,49340416,ICBCAL1ha3f79d4aaca9,14a315f9da3e0d100d151edde8310637566225b1a80bad8e385c21d6e25b9692,dff70b38434a208921785fe375a380085c0e70ea,2026-09-26T05:05:32Z,cursor,,,
n19m2l6-geometric-s6-mxl-w1,IC1N19Ckb1fb48PDP2xlRCsampleLAgaussTDpdpISO0h6070f794a5f2,a4edb1cafa4a,IC1N19Ckb1fb48PDP2xlRCsampleLAgaussTDpdpISO0h6070f794a5f2Wa4edb1cafa4aR1,search,EC1N19Ckb1ha7a2e0b48125,19,2,6,geometric,mxl,complete,True,3,3,48,49,24,23,23,76121,176,75945,0,0,176,23,2064,7967205,0,369285270,682437316,2007992717105,21615045828,364404150,77382391,999075,94735992547,7504320,2125853735207,7.08618e+11,8.8263e+10,53116515,8676870,40022.5,245002,5.87636e+09,50116.1,50211806,69487957,72790121,7036805,0,0,1926502,774,5826,46,46778399529,0.0543548,88547328,ICBCAL1ha3f79d4aaca9,14a315f9da3e0d100d151edde8310637566225b1a80bad8e385c21d6e25b9692,dff70b38434a208921785fe375a380085c0e70ea,2026-09-26T05:05:32Z,cursor,,,
n19m2l6-geometric-s6-mxl-w2,IC1N19Ckb1fb48PDP2xlRCsampleLAgaussTDpdpISO0h6070f794a5f2,d13faed45939,IC1N19Ckb1fb48PDP2xlRCsampleLAgaussTDpdpISO0h6070f794a5f2Wd13faed45939R1,search,EC1N19Ckb1ha7a2e0b48125,19,2,6,geometric,mxl,complete,True,3,3,48,49,24,23,23,14362,30,14332,0,0,30,23,987,7967205,0,369285270,682437316,378769359880,3921261385,56630100,14630966,903925,45321621986,9263145,429153361178,1.43051e+11,1.66418e+10,53116515,8676870,8079.47,49459.5,1.18628e+09,10117.1,9877735,30050839,14289919,1381565,0,0,383672,192,4503,46,12393716912,0.0564394,49598464,ICBCAL1ha3f79d4aaca9,14a315f9da3e0d100d151edde8310637566225b1a80bad8e385c21d6e25b9692,dff70b38434a208921785fe375a380085c0e70ea,2026-09-26T05:05:32Z,cursor,,,
n19m2l6-geometric-s6-mxl-w3,IC1N19Ckb1fb48PDP2xlRCsampleLAgaussTDpdpISO0h6070f794a5f2,66a58baf9ee3,IC1N19Ckb1fb48PDP2xlRCsampleLAgaussTDpdpISO0h6070f794a5f2W66a58baf9ee3R1,search,EC1N19Ckb1ha7a2e0b48125,19,2,6,geometric,mxl,complete,True,3,3,48,49,24,23,23,17491,49,17442,0,0,49,23,619,7967205,0,369285270,682437316,461354922595,5210663818,100009695,22052666,951500,28475532635,9263145,496233085845,1.65411e+11,2.02908e+10,53116515,8676870,9342.35,57190.3,1.3717e+09,11698.5,11485984,20619095,16860296,1630055,0,0,451750,272,4662,46,13385069508,0.0559973,51474432,ICBCAL1ha3f79d4aaca9,14a315f9da3e0d100d151edde8310637566225b1a80bad8e385c21d6e25b9692,dff70b38434a208921785fe375a380085c0e70ea,2026-09-26T05:05:32Z,cursor,,,
n19m2l6-geomtraceu-s4-mxl-w1,IC1N19Ckb1fb78PDP2xlRCsampleLAgaussTDpdpISO0h025a8b000651,a4edb1cafa4a,IC1N19Ckb1fb78PDP2xlRCsampleLAgaussTDpdpISO0h025a8b000651Wa4edb1cafa4aR1,search,EC1N19Ckb1ha7a2e0b48125,19,2,6,geomtraceu,mxl,complete,True,3,3,78,79,39,39,39,6048,70,5978,0,0,70,39,149,7967205,0,597834846,1065456688,159532413420,4238607726,146894670,40870763,1760275,6908264716,120538140,172660608449,5.75535e+10,4.20407e+09,53116515,8676870,3250.6,19899,4.77275e+08,4070.4,5110462,8436197,5769407,557999,0,120,167490,354,1136,78,7802030531,0.0551695,44167168,ICBCAL1ha3f79d4aaca9,14a315f9da3e0d100d151edde8310637566225b1a80bad8e385c21d6e25b9692,dff70b38434a208921785fe375a380085c0e70ea,2026-09-26T05:05:32Z,cursor,,,
n19m2l6-geomtraceu-s4-mxl-w2,IC1N19Ckb1fb78PDP2xlRCsampleLAgaussTDpdpISO0h025a8b000651,d13faed45939,IC1N19Ckb1fb78PDP2xlRCsampleLAgaussTDpdpISO0h025a8b000651Wd13faed45939R1,search,EC1N19Ckb1ha7a2e0b48125,19,2,6,geomtraceu,mxl,complete,True,3,3,78,79,39,39,39,6261,79,6182,0,0,79,39,60,7967205,0,597834846,1065456688,165128088525,4590850758,172827120,41964988,1569975,2805953899,122296965,174534810969,5.81783e+10,4.35728e+09,53116515,8676870,3285.89,20115,4.82455e+08,4114.58,5212549,6314316,5884851,569159,0,120,170407,384,1154,78,8674999947,0.0541481,44429312,ICBCAL1ha3f79d4aaca9,14a315f9da3e0d100d151edde8310637566225b1a80bad8e385c21d6e25b9692,dff70b38434a208921785fe375a380085c0e70ea,2026-09-26T05:05:32Z,cursor,,,
n19m2l6-geomtraceu-s4-mxl-w3,IC1N19Ckb1fb78PDP2xlRCsampleLAgaussTDpdpISO0h025a8b000651,66a58baf9ee3,IC1N19Ckb1fb78PDP2xlRCsampleLAgaussTDpdpISO0h025a8b000651W66a58baf9ee3R1,search,EC1N19Ckb1ha7a2e0b48125,19,2,6,geomtraceu,mxl,complete,True,3,3,78,79,39,39,39,9829,108,9721,0,0,109,39,49,7967205,0,597834846,1065456688,259246500700,6454538063,218213010,52288763,1474825,2296401708,122296965,270062972773,9.0021e+10,6.81978e+09,53116515,8676870,5084.35,31124.5,7.46518e+08,6366.62,8002318,7520795,9196418,889289,0,120,257699,496,1369,78,10837903245,0.054389,46604288,ICBCAL1ha3f79d4aaca9,14a315f9da3e0d100d151edde8310637566225b1a80bad8e385c21d6e25b9692,dff70b38434a208921785fe375a380085c0e70ea,2026-09-26T05:05:32Z,cursor,,,
n19m2l6-geomtraceu-s30-mxl-w1,IC1N19Ckb1fb62PDP2xlRCsampleLAgaussTDpdpISO0hb0c0716f6e86,a4edb1cafa4a,IC1N19Ckb1fb62PDP2xlRCsampleLAgaussTDpdpISO0hb0c0716f6e86Wa4edb1cafa4aR1,search,EC1N19Ckb1ha7a2e0b48125,19,2,6,geomtraceu,mxl,complete,True,3,3,62,63,31,31,31,10767,80,10687,0,0,81,31,462,7967205,0,481517886,722517912,284008825940,5430167497,160194255,38479027,1189375,21284114753,98376945,312233350795,1.04078e+11,9.34315e+09,53116515,8676870,5878.27,35984.6,8.63086e+08,7360.76,8803428,17639236,10454009,1010879,0,120,287193,376,804,62,10279485759,0.0550541,47456256,ICBCAL1ha3f79d4aaca9,14a315f9da3e0d100d151edde8310637566225b1a80bad8e385c21d6e25b9692,dff70b38434a208921785fe375a380085c0e70ea,2026-09-26T05:05:32Z,cursor,,,
n19m2l6-geomtraceu-s30-mxl-w2,IC1N19Ckb1fb62PDP2xlRCsampleLAgaussTDpdpISO0hb0c0716f6e86,d13faed45939,IC1N19Ckb1fb62PDP2xlRCsampleLAgaussTDpdpISO0hb0c0716f6e86Wd13faed45939R1,search,EC1N19Ckb1ha7a2e0b48125,19,2,6,geomtraceu,mxl,complete,True,3,3,62,63,31,31,31,7928,53,7875,0,0,53,31,70,7967205,0,481517886,722517912,209099001590,3847038356,115450545,30962177,1141800,3280006986,100135770,217685740227,7.25619e+10,6.87395e+09,53116515,8676870,4098.27,25088,6.01735e+08,5131.85,6246035,5050353,7446081,720089,0,120,207179,284,645,62,8781913158,0.0535242,45268992,ICBCAL1ha3f79d4aaca9,14a315f9da3e0d100d151edde8310637566225b1a80bad8e385c21d6e25b9692,dff70b38434a208921785fe375a380085c0e70ea,2026-09-26T05:05:32Z,cursor,,,
n19m2l6-geomtraceu-s30-mxl-w3,IC1N19Ckb1fb62PDP2xlRCsampleLAgaussTDpdpISO0hb0c0716f6e86,66a58baf9ee3,IC1N19Ckb1fb62PDP2xlRCsampleLAgaussTDpdpISO0hb0c0716f6e86W66a58baf9ee3R1,search,EC1N19Ckb1ha7a2e0b48125,19,2,6,geomtraceu,mxl,complete,True,3,3,62,63,31,31,31,5983,53,5930,0,0,53,31,275,7967205,0,481517886,722517912,157828826680,3466878830,110513565,27774652,1236950,12675488074,100135770,175422857524,5.84743e+10,5.20755e+09,53116515,8676870,3302.6,20217.3,4.8491e+08,4135.52,4896412,11014480,5826198,563489,0,120,165033,286,579,62,7294718709,0.0557718,44142592,ICBCAL1ha3f79d4aaca9,14a315f9da3e0d100d151edde8310637566225b1a80bad8e385c21d6e25b9692,dff70b38434a208921785fe375a380085c0e70ea,2026-09-26T05:05:32Z,cursor,,,
n19m2l6-geomtraceu-s11-mxl-w1,IC1N19Ckb1fb54PDP2xlRCsampleLAgaussTDpdpISO0he1784727f725,a4edb1cafa4a,IC1N19Ckb1fb54PDP2xlRCsampleLAgaussTDpdpISO0he1784727f725Wa4edb1cafa4aR1,search,EC1N19Ckb1ha7a2e0b48125,19,2,6,geomtraceu,mxl,complete,True,3,3,54,55,27,27,27,8058,58,8000,0,0,58,27,367,7967205,0,423359406,578699584,212531267640,4287975135,113272470,28291484,1141800,16905351950,85830660,234963157334,7.83211e+10,8.03559e+09,53116515,8676870,4423.54,27079.3,6.49493e+08,5539.15,6842474,14054938,7843618,758519,0,120,216038,306,562,54,7775157137,0.0554933,45346816,ICBCAL1ha3f79d4aaca9,14a315f9da3e0d100d151edde8310637566225b1a80bad8e385c21d6e25b9692,dff70b38434a208921785fe375a380085c0e70ea,2026-09-26T05:05:32Z,cursor,,,
n19m2l6-geomtraceu-s11-mxl-w2,IC1N19Ckb1fb54PDP2xlRCsampleLAgaussTDpdpISO0he1784727f725,d13faed45939,IC1N19Ckb1fb54PDP2xlRCsampleLAgaussTDpdpISO0he1784727f725Wd13faed45939R1,search,EC1N19Ckb1ha7a2e0b48125,19,2,6,geomtraceu,mxl,complete,True,3,3,54,55,27,27,27,15716,106,15610,0,0,106,27,550,7967205,0,423359406,578699584,414483330080,7878316355,225970245,50461434,1094225,25305779274,87589485,449042567293,1.49681e+11,1.56533e+10,53116515,8676870,8453.92,51751.7,1.24126e+09,10586,12978280,21943691,15143646,1464209,0,120,408588,490,1026,54,12476734139,0.0553191,50503680,ICBCAL1ha3f79d4aaca9,14a315f9da3e0d100d151edde8310637566225b1a80bad8e385c21d6e25b9692,dff70b38434a208921785fe375a380085c0e70ea,2026-09-26T05:05:32Z,cursor,,,
n19m2l6-geomtraceu-s11-mxl-w3,IC1N19Ckb1fb54PDP2xlRCsampleLAgaussTDpdpISO0he1784727f725,66a58baf9ee3,IC1N19Ckb1fb54PDP2xlRCsampleLAgaussTDpdpISO0he1784727f725W66a58baf9ee3R1,search,EC1N19Ckb1ha7a2e0b48125,19,2,6,geomtraceu,mxl,complete,True,3,3,54,55,27,27,27,6016,37,5979,0,0,37,27,650,7967205,0,423359406,578699584,158698470685,2788686153,74132460,19965859,1046650,29894842556,87589485,192574760043,6.41916e+10,5.98449e+09,53116515,8676870,3625.52,22194,5.32322e+08,4539.87,5163008,20761377,6206046,600209,0,120,173420,220,384,54,7635963391,0.057376,44064768,ICBCAL1ha3f79d4aaca9,14a315f9da3e0d100d151edde8310637566225b1a80bad8e385c21d6e25b9692,dff70b38434a208921785fe375a380085c0e70ea,2026-09-26T05:05:32Z,cursor,,,
n19m2l6-kertrace-s31-mxl-w1,IC1N19Ckb1fb76PDP2xlRCsampleLAgaussTDpdpISO0ha4c5bca5a133,a4edb1cafa4a,IC1N19Ckb1fb76PDP2xlRCsampleLAgaussTDpdpISO0ha4c5bca5a133Wa4edb1cafa4aR1,search,EC1N19Ckb1ha7a2e0b48125,19,2,6,kertrace,mxl,complete,True,3,3,76,77,38,38,38,9392,101,9291,0,0,101,38,386,7967205,0,571567570,1007555176,247728216575,40891638798,202815105,45567171,1236950,19164647405,116903235,309738115190,1.03246e+11,7.6018e+09,53116515,8676870,5831.3,35697,8.56189e+08,7301.94,121400748,19671503,9103318,880151,0,14,255028,476,943,76,11763388277,0.0518706,47255552,ICBCAL1ha3f79d4aaca9,14a315f9da3e0d100d151edde8310637566225b1a80bad8e385c21d6e25b9692,dff70b38434a208921785fe375a380085c0e70ea,2026-09-26T05:05:32Z,cursor,,,
n19m2l6-kertrace-s31-mxl-w2,IC1N19Ckb1fb76PDP2xlRCsampleLAgaussTDpdpISO0ha4c5bca5a133,d13faed45939,IC1N19Ckb1fb76PDP2xlRCsampleLAgaussTDpdpISO0ha4c5bca5a133Wd13faed45939R1,search,EC1N19Ckb1ha7a2e0b48125,19,2,6,kertrace,mxl,complete,True,3,3,76,77,38,38,38,9132,88,9044,0,0,88,38,271,7967205,0,571567570,1007555176,240850200150,38914520832,179751990,51181021,1522400,13530952866,118662060,295233881270,9.84113e+10,7.36831e+09,53116515,8676870,5558.23,34025.4,8.16096e+08,6960.01,115924072,15309581,8754193,846401,0,14,245530,422,1067,76,11287693492,0.0515058,47181824,ICBCAL1ha3f79d4aaca9,14a315f9da3e0d100d151edde8310637566225b1a80bad8e385c21d6e25b9692,dff70b38434a208921785fe375a380085c0e70ea,2026-09-26T05:05:32Z,cursor,,,
n19m2l6-kertrace-s31-mxl-w3,IC1N19Ckb1fb76PDP2xlRCsampleLAgaussTDpdpISO0ha4c5bca5a133,66a58baf9ee3,IC1N19Ckb1fb76PDP2xlRCsampleLAgaussTDpdpISO0ha4c5bca5a133W66a58baf9ee3R1,search,EC1N19Ckb1ha7a2e0b48125,19,2,6,kertrace,mxl,complete,True,3,3,76,77,38,38,38,8290,115,8175,0,0,116,38,188,7967205,0,571567570,1007555176,218675012305,38343677173,239220750,57175471,1189375,9409231239,118662060,268431258324,8.94771e+10,6.77145e+09,53116515,8676870,5053.63,30936.4,7.42007e+08,6328.15,108183390,15087763,7893018,763151,0,14,223384,528,1185,76,11048862242,0.0509644,46436352,ICBCAL1ha3f79d4aaca9,14a315f9da3e0d100d151edde8310637566225b1a80bad8e385c21d6e25b9692,dff70b38434a208921785fe375a380085c0e70ea,2026-09-26T05:05:32Z,cursor,,,
n19m2l6-kertrace-s30-mxl-w1,IC1N19Ckb1fb64PDP2xlRCsampleLAgaussTDpdpISO0hcb6d9ecaca72,a4edb1cafa4a,IC1N19Ckb1fb64PDP2xlRCsampleLAgaussTDpdpISO0hcb6d9ecaca72Wa4edb1cafa4aR1,search,EC1N19Ckb1ha7a2e0b48125,19,2,6,kertrace,mxl,complete,True,3,3,64,65,32,32,32,8122,63,8059,0,0,63,32,79,7967205,0,484282542,821047544,214222971610,34031200502,127275585,32831119,1379675,4066353308,99197730,253894506820,8.46315e+10,7.76295e+09,53116515,8676870,4779.95,29261.1,7.01824e+08,5985.45,101995736,7761992,7635131,738221,0,12,212693,326,1961,64,10225569049,0.04945,46092288,ICBCAL1ha3f79d4aaca9,14a315f9da3e0d100d151edde8310637566225b1a80bad8e385c21d6e25b9692,dff70b38434a208921785fe375a380085c0e70ea,2026-09-26T05:05:32Z,cursor,,,
n19m2l6-kertrace-s30-mxl-w2,IC1N19Ckb1fb64PDP2xlRCsampleLAgaussTDpdpISO0hcb6d9ecaca72,d13faed45939,IC1N19Ckb1fb64PDP2xlRCsampleLAgaussTDpdpISO0hcb6d9ecaca72Wd13faed45939R1,search,EC1N19Ckb1ha7a2e0b48125,19,2,6,kertrace,mxl,complete,True,3,3,64,65,32,32,32,6908,47,6861,0,0,47,32,534,7967205,0,484282542,821047544,182199551450,28275012651,93011205,25219119,951500,26460491751,100956555,238468491522,7.94895e+10,6.58102e+09,53116515,8676870,4489.54,27483.2,6.59183e+08,5621.79,91554596,19311020,6928502,669911,0,12,194462,258,1792,64,9180189355,0.0517318,45346816,ICBCAL1ha3f79d4aaca9,14a315f9da3e0d100d151edde8310637566225b1a80bad8e385c21d6e25b9692,dff70b38434a208921785fe375a380085c0e70ea,2026-09-26T05:05:32Z,cursor,,,
n19m2l6-kertrace-s30-mxl-w3,IC1N19Ckb1fb64PDP2xlRCsampleLAgaussTDpdpISO0hcb6d9ecaca72,66a58baf9ee3,IC1N19Ckb1fb64PDP2xlRCsampleLAgaussTDpdpISO0hcb6d9ecaca72W66a58baf9ee3R1,search,EC1N19Ckb1ha7a2e0b48125,19,2,6,kertrace,mxl,complete,True,3,3,64,65,32,32,32,9882,65,9817,0,0,65,32,81,7967205,0,484282542,821047544,260645482990,40312364731,127966845,39111019,1332100,4194737533,100956555,306735249064,1.02245e+11,9.41015e+09,53116515,8676870,5774.76,35350.9,8.47888e+08,7231.15,122673964,7934374,9275515,896801,0,12,255805,332,2093,64,11687325124,0.0505235,47722496,ICBCAL1ha3f79d4aaca9,14a315f9da3e0d100d151edde8310637566225b1a80bad8e385c21d6e25b9692,dff70b38434a208921785fe375a380085c0e70ea,2026-09-26T05:05:32Z,cursor,,,
n19m2l6-kertrace-s37-mxl-w1,IC1N19Ckb1fb58PDP2xlRCsampleLAgaussTDpdpISO0hd1c539dd6144,a4edb1cafa4a,IC1N19Ckb1fb58PDP2xlRCsampleLAgaussTDpdpISO0hd1c539dd6144Wa4edb1cafa4aR1,search,EC1N19Ckb1ha7a2e0b48125,19,2,6,kertrace,mxl,complete,True,3,3,58,59,29,29,29,8791,64,8727,0,0,64,29,349,7967205,0,440521758,649874468,231871148575,35707149899,126584325,31648768,1094225,17368586140,90989880,286295565243,9.54319e+10,9.23229e+09,53116515,8676870,5389.95,32995.3,7.91388e+08,6749.29,110911933,15416712,8509340,822731,0,6,234684,324,669,58,10205204209,0.0509152,46727168,ICBCAL1ha3f79d4aaca9,14a315f9da3e0d100d151edde8310637566225b1a80bad8e385c21d6e25b9692,dff70b38434a208921785fe375a380085c0e70ea,2026-09-26T05:05:32Z,cursor,,,
n19m2l6-kertrace-s37-mxl-w2,IC1N19Ckb1fb58PDP2xlRCsampleLAgaussTDpdpISO0hd1c539dd6144,d13faed45939,IC1N19Ckb1fb58PDP2xlRCsampleLAgaussTDpdpISO0hd1c539dd6144Wd13faed45939R1,search,EC1N19Ckb1ha7a2e0b48125,19,2,6,kertrace,mxl,complete,True,3,3,58,59,29,29,29,13401,105,13296,0,0,105,29,347,7967205,0,440521758,649874468,353423171855,55163019135,212621580,56720793,1046650,17268830099,92748705,427316522248,1.42439e+11,1.40985e+10,53116515,8676870,8044.89,49247.8,1.1812e+09,10073.8,167605500,18841476,12799369,1237451,0,6,347571,486,1195,58,13112630253,0.0504307,50143232,ICBCAL1ha3f79d4aaca9,14a315f9da3e0d100d151edde8310637566225b1a80bad8e385c21d6e25b9692,dff70b38434a208921785fe375a380085c0e70ea,2026-09-26T05:05:32Z,cursor,,,
n19m2l6-kertrace-s37-mxl-w3,IC1N19Ckb1fb58PDP2xlRCsampleLAgaussTDpdpISO0hd1c539dd6144,66a58baf9ee3,IC1N19Ckb1fb58PDP2xlRCsampleLAgaussTDpdpISO0hd1c539dd6144W66a58baf9ee3R1,search,EC1N19Ckb1ha7a2e0b48125,19,2,6,kertrace,mxl,complete,True,3,3,58,59,29,29,29,19004,142,18862,0,0,142,29,403,7967205,0,440521758,649874468,501251597495,77670623302,295893795,78272268,1094225,20004757437,92748705,600493350658,2.00164e+11,1.99757e+10,53116515,8676870,11305.2,69206.2,1.6599e+09,14156.4,235802259,23583979,18067917,1746761,0,6,486898,632,1649,58,16520617820,0.0502031,54476800,ICBCAL1ha3f79d4aaca9,14a315f9da3e0d100d151edde8310637566225b1a80bad8e385c21d6e25b9692,dff70b38434a208921785fe375a380085c0e70ea,2026-09-26T05:05:32Z,cursor,,,
n19m2l6-prefix-s1-mxl-w1,IC1N19Ckb1fb62PDP2xlRCsampleLAgaussTDpdpISO0h0b6a6c6cebbd,a4edb1cafa4a,IC1N19Ckb1fb62PDP2xlRCsampleLAgaussTDpdpISO0h0b6a6c6cebbdWa4edb1cafa4aR1,search,EC1N19Ckb1ha7a2e0b48125,19,2,6,prefix,mxl,complete,True,3,3,62,65,31,31,31,38284,184,38100,0,0,185,31,1141,7967205,0,483998694,836115302,1009871291275,14353775951,377697600,87576427,1189375,52420834888,96266355,1078536713072,3.59512e+11,3.30545e+10,53116515,8676870,20305.1,124300,2.98133e+09,25426,25302460,43165576,36704675,3548381,0,0,980190,798,3440,62,26150138781,0.0556028,65429504,ICBCAL1ha3f79d4aaca9,14a315f9da3e0d100d151edde8310637566225b1a80bad8e385c21d6e25b9692,dff70b38434a208921785fe375a380085c0e70ea,2026-09-26T05:05:32Z,cursor,,,
n19m2l6-prefix-s1-mxl-w2,IC1N19Ckb1fb62PDP2xlRCsampleLAgaussTDpdpISO0h0b6a6c6cebbd,d13faed45939,IC1N19Ckb1fb62PDP2xlRCsampleLAgaussTDpdpISO0h0b6a6c6cebbdWd13faed45939R1,search,EC1N19Ckb1ha7a2e0b48125,19,2,6,prefix,mxl,complete,True,3,3,62,65,31,31,31,18442,83,18359,0,0,83,31,412,7967205,0,483998694,836115302,486367106125,6814513896,172068375,42380177,1189375,18967493884,98025180,513790858213,1.71264e+11,1.5916e+10,53116515,8676870,9672.9,59213.8,1.42024e+09,12112.4,12203898,16693791,17553074,1696991,0,0,473518,404,2490,62,14725236463,0.0558058,52482048,ICBCAL1ha3f79d4aaca9,14a315f9da3e0d100d151edde8310637566225b1a80bad8e385c21d6e25b9692,dff70b38434a208921785fe375a380085c0e70ea,2026-09-26T05:05:32Z,cursor,,,
n19m2l6-prefix-s1-mxl-w3,IC1N19Ckb1fb62PDP2xlRCsampleLAgaussTDpdpISO0h0b6a6c6cebbd,66a58baf9ee3,IC1N19Ckb1fb62PDP2xlRCsampleLAgaussTDpdpISO0h0b6a6c6cebbdW66a58baf9ee3R1,search,EC1N19Ckb1ha7a2e0b48125,19,2,6,prefix,mxl,complete,True,3,3,62,65,31,31,31,21980,112,21868,0,0,113,31,894,7967205,0,483998694,836115302,579758858135,8456153502,218163930,61362602,1189375,41082831190,98025180,631004665115,2.10335e+11,1.89837e+10,53116515,8676870,11879.6,72722.6,1.74425e+09,14875.7,14690765,31977813,21295694,2058791,0,0,573323,514,2889,62,17187348500,0.0550394,54530048,ICBCAL1ha3f79d4aaca9,14a315f9da3e0d100d151edde8310637566225b1a80bad8e385c21d6e25b9692,dff70b38434a208921785fe375a380085c0e70ea,2026-09-26T05:05:32Z,cursor,,,
n19m2l6-random-s29-mxl-w1,IC1N19Ckb1fb66PDP2xlRCsampleLAgaussTDpdpISO0h64e3bfe79d60,a4edb1cafa4a,IC1N19Ckb1fb66PDP2xlRCsampleLAgaussTDpdpISO0h64e3bfe79d60Wa4edb1cafa4aR1,search,EC1N19Ckb1ha7a2e0b48125,19,2,6,random,mxl,complete,True,3,3,66,67,33,33,33,8439,80,8359,0,0,80,33,448,7967205,0,498538314,798723216,222584392905,36531739167,172808715,43596586,1332100,22261361212,103184400,283003643820,9.43345e+10,7.85856e+09,53116515,8676870,5327.98,32615.9,7.82289e+08,6671.69,111596466,19751983,8273797,799961,0,0,230615,392,900,66,10557944288,0.0513322,46526464,ICBCAL1ha3f79d4aaca9,14a315f9da3e0d100d151edde8310637566225b1a80bad8e385c21d6e25b9692,dff70b38434a208921785fe375a380085c0e70ea,2026-09-26T05:05:32Z,cursor,,,
n19m2l6-random-s29-mxl-w2,IC1N19Ckb1fb66PDP2xlRCsampleLAgaussTDpdpISO0h64e3bfe79d60,d13faed45939,IC1N19Ckb1fb66PDP2xlRCsampleLAgaussTDpdpISO0h64e3bfe79d60Wd13faed45939R1,search,EC1N19Ckb1ha7a2e0b48125,19,2,6,random,mxl,complete,True,3,3,66,67,33,33,33,9336,87,9249,0,0,87,33,141,7967205,0,498538314,798723216,246220467925,40098913060,179782665,46688961,1236950,7158339806,104943225,295115601327,9.83719e+10,8.68321e+09,53116515,8676870,5556,34011.8,8.15769e+08,6957.22,118961286,11323416,8823049,853061,0,0,244702,412,963,66,10469854815,0.050639,47017984,ICBCAL1ha3f79d4aaca9,14a315f9da3e0d100d151edde8310637566225b1a80bad8e385c21d6e25b9692,dff70b38434a208921785fe375a380085c0e70ea,2026-09-26T05:05:32Z,cursor,,,
n19m2l6-random-s29-mxl-w3,IC1N19Ckb1fb66PDP2xlRCsampleLAgaussTDpdpISO0h64e3bfe79d60,66a58baf9ee3,IC1N19Ckb1fb66PDP2xlRCsampleLAgaussTDpdpISO0h64e3bfe79d60W66a58baf9ee3R1,search,EC1N19Ckb1ha7a2e0b48125,19,2,6,random,mxl,complete,True,3,3,66,67,33,33,33,11845,99,11746,0,0,99,33,225,7967205,0,498538314,798723216,312406803035,49879268875,203567715,44357786,1141800,11283581546,104943225,375228892717,1.25076e+11,1.09859e+10,53116515,8676870,7064.26,43244.7,1.03722e+09,8845.86,150354060,14623759,11237132,1086431,0,0,308380,456,912,66,12456095437,0.0498525,49135616,ICBCAL1ha3f79d4aaca9,14a315f9da3e0d100d151edde8310637566225b1a80bad8e385c21d6e25b9692,dff70b38434a208921785fe375a380085c0e70ea,2026-09-26T05:05:32Z,cursor,,,
n19m2l6-random-s17-mxl-w1,IC1N19Ckb1fb60PDP2xlRCsampleLAgaussTDpdpISO0ha631ab2b7105,a4edb1cafa4a,IC1N19Ckb1fb60PDP2xlRCsampleLAgaussTDpdpISO0ha631ab2b7105Wa4edb1cafa4aR1,search,EC1N19Ckb1ha7a2e0b48125,19,2,6,random,mxl,complete,True,3,3,60,61,30,29,29,34768,123,34645,0,0,123,29,1237,7967205,0,454919454,818590628,917115232570,150211517434,249706215,54437193,1284525,61684810376,7504320,1130605969920,3.76869e+11,3.68149e+10,53116515,8676870,21285.4,130301,3.12526e+09,26653.5,491762611,45741427,33520655,3240581,0,0,893947,552,3954,58,28836672527,0.0502434,66596864,ICBCAL1ha3f79d4aaca9,14a315f9da3e0d100d151edde8310637566225b1a80bad8e385c21d6e25b9692,dff70b38434a208921785fe375a380085c0e70ea,2026-09-26T05:05:32Z,cursor,,,
n19m2l6-random-s17-mxl-w2,IC1N19Ckb1fb60PDP2xlRCsampleLAgaussTDpdpISO0ha631ab2b7105,d13faed45939,IC1N19Ckb1fb60PDP2xlRCsampleLAgaussTDpdpISO0ha631ab2b7105Wd13faed45939R1,search,EC1N19Ckb1ha7a2e0b48125,19,2,6,random,mxl,complete,True,3,3,60,61,30,29,29,27844,93,27751,0,0,93,29,845,7967205,0,454919454,818590628,734335895940,119832286932,182523165,35026593,856350,42212954111,9263145,897890283523,2.99297e+11,2.94616e+10,53116515,8676870,16904.2,103481,2.48198e+09,21167.4,391448964,32027055,26709440,2582141,0,0,712885,436,3537,58,24550057164,0.0500788,61157376,ICBCAL1ha3f79d4aaca9,14a315f9da3e0d100d151edde8310637566225b1a80bad8e385c21d6e25b9692,dff70b38434a208921785fe375a380085c0e70ea,2026-09-26T05:05:32Z,cursor,,,
n19m2l6-random-s17-mxl-w3,IC1N19Ckb1fb60PDP2xlRCsampleLAgaussTDpdpISO0ha631ab2b7105,66a58baf9ee3,IC1N19Ckb1fb60PDP2xlRCsampleLAgaussTDpdpISO0ha631ab2b7105W66a58baf9ee3R1,search,EC1N19Ckb1ha7a2e0b48125,19,2,6,random,mxl,complete,True,3,3,60,61,30,29,29,24207,81,24126,0,0,81,29,974,7967205,0,454919454,818590628,638512501475,104199102660,165069885,37881093,1284525,48634599148,9263145,792841179218,2.6428e+11,2.56177e+10,53116515,8676870,14926.5,91374.1,2.1916e+09,18690.9,343460746,34804969,23443492,2266421,0,0,628035,392,3606,58,21573677694,0.0499736,58638336,ICBCAL1ha3f79d4aaca9,14a315f9da3e0d100d151edde8310637566225b1a80bad8e385c21d6e25b9692,dff70b38434a208921785fe375a380085c0e70ea,2026-09-26T05:05:32Z,cursor,,,
n19m2l6-random-s28-mxl-w1,IC1N19Ckb1fb46PDP2xlRCsampleLAgaussTDpdpISO0hf22e0769b66a,a4edb1cafa4a,IC1N19Ckb1fb46PDP2xlRCsampleLAgaussTDpdpISO0hf22e0769b66aWa4edb1cafa4aR1,search,EC1N19Ckb1ha7a2e0b48125,19,2,6,random,mxl,complete,True,3,3,46,47,23,22,22,139163,380,138783,0,0,380,22,363,7967205,0,353142114,688465004,3670926482450,530473788089,790387650,172328574,856350,18021372647,7504320,4221442294403,1.40715e+12,1.91016e+11,53116515,8676870,79475.1,486517,1.16691e+10,99518.6,1691802524,41774832,129898706,12557471,0,0,3428959,1578,8586,44,99071427232,0.0478006,141484032,ICBCAL1ha3f79d4aaca9,14a315f9da3e0d100d151edde8310637566225b1a80bad8e385c21d6e25b9692,dff70b38434a208921785fe375a380085c0e70ea,2026-09-26T05:05:32Z,cursor,,,
n19m2l6-random-s28-mxl-w2,IC1N19Ckb1fb46PDP2xlRCsampleLAgaussTDpdpISO0hf22e0769b66a,d13faed45939,IC1N19Ckb1fb46PDP2xlRCsampleLAgaussTDpdpISO0hf22e0769b66aWd13faed45939R1,search,EC1N19Ckb1ha7a2e0b48125,19,2,6,random,mxl,complete,True,3,3,46,47,23,22,22,22887,58,22829,0,0,58,22,1655,7967205,0,353142114,688465004,603598704060,86866999642,113290875,26511199,903925,81725884609,9263145,773391131778,2.57797e+11,3.13912e+10,53116515,8676870,14560.3,89132.5,2.13783e+09,18232.4,297447888,52171345,22848602,2208911,0,0,609083,300,5522,44,19991422322,0.050625,57344000,ICBCAL1ha3f79d4aaca9,14a315f9da3e0d100d151edde8310637566225b1a80bad8e385c21d6e25b9692,dff70b38434a208921785fe375a380085c0e70ea,2026-09-26T05:05:32Z,cursor,,,
n19m2l6-random-s28-mxl-w3,IC1N19Ckb1fb46PDP2xlRCsampleLAgaussTDpdpISO0hf22e0769b66a,66a58baf9ee3,IC1N19Ckb1fb46PDP2xlRCsampleLAgaussTDpdpISO0hf22e0769b66aW66a58baf9ee3R1,search,EC1N19Ckb1ha7a2e0b48125,19,2,6,random,mxl,complete,True,3,3,46,47,23,22,22,63558,141,63417,0,0,141,22,1835,7967205,0,353142114,688465004,1676536174185,239334818100,285334710,69185974,808775,90649576116,9263145,2007934735328,6.69312e+11,8.71012e+10,53116515,8676870,37802.5,231412,5.5504e+09,47336.2,788908889,64412222,60880883,5885501,0,0,1611673,634,6417,44,48601970465,0.0486209,87265280,ICBCAL1ha3f79d4aaca9,14a315f9da3e0d100d151edde8310637566225b1a80bad8e385c21d6e25b9692,dff70b38434a208921785fe375a380085c0e70ea,2026-09-26T05:05:32Z,cursor,,,
n19m2l7-geometric-s11-mxl-w1,IC1N19Ckb1fb152PDP2xlRCsampleLAgaussTDpdpISO0h63941627eb1e,a4edb1cafa4a,IC1N19Ckb1fb152PDP2xlRCsampleLAgaussTDpdpISO0h63941627eb1eWa4edb1cafa4aR1,search,EC1N19Ckb1ha7a2e0b48125,19,2,7,geometric,mxl,complete,True,3,3,152,153,76,75,75,11260,240,11020,0,0,242,75,300,7967205,0,1136873368,5693681136,378380129540,61850877285,483255780,130845950,3330250,37227690575,7504320,484922155409,1.61641e+11,5.87793e+09,53116515,8676870,9129.4,55886.8,1.34044e+09,11431.8,56673853,107393836,14056960,1364276,0,0,323855,1082,51804,150,18106271949,0.0724971,48103424,ICBCAL1ha3f79d4aaca9,14a315f9da3e0d100d151edde8310637566225b1a80bad8e385c21d6e25b9692,dff70b38434a208921785fe375a380085c0e70ea,2026-09-26T05:05:32Z,cursor,,,
n19m2l7-geometric-s11-mxl-w2,IC1N19Ckb1fb152PDP2xlRCsampleLAgaussTDpdpISO0h63941627eb1e,d13faed45939,IC1N19Ckb1fb152PDP2xlRCsampleLAgaussTDpdpISO0h63941627eb1eWd13faed45939R1,search,EC1N19Ckb1ha7a2e0b48125,19,2,7,geometric,mxl,complete,True,3,3,152,153,76,75,75,8376,180,8196,0,0,180,75,102,7967205,0,1136873368,5693681136,281431672977,46690929857,379110795,97971625,3377825,12732854186,9263145,348183702119,1.16061e+11,4.38133e+09,53116515,8676870,6555.09,40127.8,9.62462e+08,8208.28,40680108,65307932,10309248,1000600,0,0,247417,856,51112,150,15945542249,0.0715287,45891584,ICBCAL1ha3f79d4aaca9,14a315f9da3e0d100d151edde8310637566225b1a80bad8e385c21d6e25b9692,dff70b38434a208921785fe375a380085c0e70ea,2026-09-26T05:05:32Z,cursor,,,
n19m2l7-geometric-s11-mxl-w3,IC1N19Ckb1fb152PDP2xlRCsampleLAgaussTDpdpISO0h63941627eb1e,66a58baf9ee3,IC1N19Ckb1fb152PDP2xlRCsampleLAgaussTDpdpISO0h63941627eb1eW66a58baf9ee3R1,search,EC1N19Ckb1ha7a2e0b48125,19,2,7,geometric,mxl,complete,True,3,3,152,153,76,75,75,7154,195,6959,0,0,200,75,64,7967205,0,1136873368,5693681136,240411086338,49803480953,406364415,116525875,3044800,8175878416,9263145,305764165651,1.01921e+11,3.8765e+09,53116515,8676870,5756.48,35239,8.45204e+08,7208.26,41289133,64790580,8777088,851920,0,0,217029,918,51496,150,12975957652,0.0707836,44990464,ICBCAL1ha3f79d4aaca9,14a315f9da3e0d100d151edde8310637566225b1a80bad8e385c21d6e25b9692,dff70b38434a208921785fe375a380085c0e70ea,2026-09-26T05:05:32Z,cursor,,,
n19m2l7-geometric-s35-mxl-w1,IC1N19Ckb1fb136PDP2xlRCsampleLAgaussTDpdpISO0h9981681ce8d5,a4edb1cafa4a,IC1N19Ckb1fb136PDP2xlRCsampleLAgaussTDpdpISO0h9981681ce8d5Wa4edb1cafa4aR1,search,EC1N19Ckb1ha7a2e0b48125,19,2,7,geometric,mxl,complete,True,3,3,136,137,68,67,67,7924,158,7766,0,0,158,67,259,7967205,0,1020556408,4670598020,266255930953,43020561675,327337920,89490289,2997225,32201453412,7504320,347604397427,1.15868e+11,4.62229e+09,53116515,8676870,6544.19,40061,9.6086e+08,8194.62,41185358,80775082,9950395,965790,0,0,234065,766,42198,134,14252426734,0.0735065,45457408,ICBCAL1ha3f79d4aaca9,14a315f9da3e0d100d151edde8310637566225b1a80bad8e385c21d6e25b9692,dff70b38434a208921785fe375a380085c0e70ea,2026-09-26T05:05:32Z,cursor,,,
n19m2l7-geometric-s35-mxl-w2,IC1N19Ckb1fb136PDP2xlRCsampleLAgaussTDpdpISO0h9981681ce8d5,d13faed45939,IC1N19Ckb1fb136PDP2xlRCsampleLAgaussTDpdpISO0h9981681ce8d5Wd13faed45939R1,search,EC1N19Ckb1ha7a2e0b48125,19,2,7,geometric,mxl,complete,True,3,3,136,137,68,67,67,11045,174,10871,0,0,174,67,212,7967205,0,1020556408,4670598020,371081382535,49759418051,373586850,100765564,2616625,26578555003,9263145,453604709406,1.51202e+11,6.28829e+09,53116515,8676870,8539.81,52277.5,1.25387e+09,10693.5,53602428,79205781,13688512,1328522,0,0,309151,826,42426,134,16965590644,0.0691975,47890432,ICBCAL1ha3f79d4aaca9,14a315f9da3e0d100d151edde8310637566225b1a80bad8e385c21d6e25b9692,dff70b38434a208921785fe375a380085c0e70ea,2026-09-26T05:05:32Z,cursor,,,
n19m2l7-geometric-s35-mxl-w3,IC1N19Ckb1fb136PDP2xlRCsampleLAgaussTDpdpISO0h9981681ce8d5,66a58baf9ee3,IC1N19Ckb1fb136PDP2xlRCsampleLAgaussTDpdpISO0h9981681ce8d5W66a58baf9ee3R1,search,EC1N19Ckb1ha7a2e0b48125,19,2,7,geometric,mxl,complete,True,3,3,136,137,68,67,67,10806,192,10614,0,0,194,67,18,7967205,0,1020556408,4670598020,363089256057,54852979345,405697695,101146164,2997225,2621656973,9263145,426782118237,1.42261e+11,6.24551e+09,53116515,8676870,8034.83,49186.2,1.17973e+09,10061.2,54922158,60207264,13161984,1277428,0,0,298756,908,42443,134,16497474953,0.0677878,47837184,ICBCAL1ha3f79d4aaca9,14a315f9da3e0d100d151edde8310637566225b1a80bad8e385c21d6e25b9692,dff70b38434a208921785fe375a380085c0e70ea,2026-09-26T05:05:32Z,cursor,,,
n19m2l7-geometric-s34-mxl-w1,IC1N19Ckb1fb112PDP2xlRCsampleLAgaussTDpdpISO0h0a7d8a6f3394,a4edb1cafa4a,IC1N19Ckb1fb112PDP2xlRCsampleLAgaussTDpdpISO0h0a7d8a6f3394Wa4edb1cafa4aR1,search,EC1N19Ckb1ha7a2e0b48125,19,2,7,geometric,mxl,complete,True,3,3,112,113,56,55,55,9289,135,9154,0,0,135,55,171,7967205,0,846080968,2976980046,312129679058,38984235869,279767820,77291610,2331175,21280587424,7504320,376592425495,1.25531e+11,6.39038e+09,53116515,8676870,7089.93,43401.9,1.04099e+09,8878,42725120,62156664,11503360,1116476,0,0,256761,680,23124,110,13334160277,0.0681018,46604288,ICBCAL1ha3f79d4aaca9,14a315f9da3e0d100d151edde8310637566225b1a80bad8e385c21d6e25b9692,dff70b38434a208921785fe375a380085c0e70ea,2026-09-26T05:05:32Z,cursor,,,
n19m2l7-geometric-s34-mxl-w2,IC1N19Ckb1fb112PDP2xlRCsampleLAgaussTDpdpISO0h0a7d8a6f3394,d13faed45939,IC1N19Ckb1fb112PDP2xlRCsampleLAgaussTDpdpISO0h0a7d8a6f3394Wd13faed45939R1,search,EC1N19Ckb1ha7a2e0b48125,19,2,7,geometric,mxl,complete,True,3,3,112,113,56,55,55,29411,389,29022,0,0,392,55,241,7967205,0,846080968,2976980046,988195607117,116102694274,813475305,203317785,2283600,29990133506,9263145,1139147802951,3.79716e+11,2.00966e+10,53116515,8676870,21446.2,131286,3.14887e+09,26854.9,133455878,145968258,36056737,3499132,0,0,753392,1684,25773,110,27899107153,0.0667022,60051456,ICBCAL1ha3f79d4aaca9,14a315f9da3e0d100d151edde8310637566225b1a80bad8e385c21d6e25b9692,dff70b38434a208921785fe375a380085c0e70ea,2026-09-26T05:05:32Z,cursor,,,
n19m2l7-geometric-s34-mxl-w3,IC1N19Ckb1fb112PDP2xlRCsampleLAgaussTDpdpISO0h0a7d8a6f3394,66a58baf9ee3,IC1N19Ckb1fb112PDP2xlRCsampleLAgaussTDpdpISO0h0a7d8a6f3394W66a58baf9ee3R1,search,EC1N19Ckb1ha7a2e0b48125,19,2,7,geometric,mxl,complete,True,3,3,112,113,56,55,55,9851,132,9719,0,0,133,55,224,7967205,0,846080968,2976980046,331010776837,39353071168,275577315,74199235,2426325,27692262150,9263145,402248604394,1.34083e+11,6.74025e+09,53116515,8676870,7572.95,46358.7,1.11191e+09,9482.83,46222794,68053708,12251200,1189046,0,0,271764,668,23062,110,14907968708,0.0687028,46972928,ICBCAL1ha3f79d4aaca9,14a315f9da3e0d100d151edde8310637566225b1a80bad8e385c21d6e25b9692,dff70b38434a208921785fe375a380085c0e70ea,2026-09-26T05:05:32Z,cursor,,,
n19m2l7-geomtraceu-s3-mxl-w1,IC1N19Ckb1fb130PDP2xlRCsampleLAgaussTDpdpISO0hb34aa06f6d50,a4edb1cafa4a,IC1N19Ckb1fb130PDP2xlRCsampleLAgaussTDpdpISO0hb34aa06f6d50Wa4edb1cafa4aR1,search,EC1N19Ckb1ha7a2e0b48125,19,2,7,geomtraceu,mxl,complete,True,3,3,130,131,65,65,65,6040,195,5845,0,0,200,65,159,7967205,0,989135370,2563495416,202965480845,72681321058,413350635,123479380,2806925,20355116843,193705260,300295858937,1.00099e+11,4.24898e+09,53116515,8676870,5653.53,34608.8,8.30088e+08,7079.34,97335747,87102126,7537984,731811,0,140,185400,936,3069,130,10854251014,0.0758529,44867584,ICBCAL1ha3f79d4aaca9,14a315f9da3e0d100d151edde8310637566225b1a80bad8e385c21d6e25b9692,dff70b38434a208921785fe375a380085c0e70ea,2026-09-26T05:05:32Z,cursor,,,
n19m2l7-geomtraceu-s3-mxl-w2,IC1N19Ckb1fb130PDP2xlRCsampleLAgaussTDpdpISO0hb34aa06f6d50,d13faed45939,IC1N19Ckb1fb130PDP2xlRCsampleLAgaussTDpdpISO0hb34aa06f6d50Wd13faed45939R1,search,EC1N19Ckb1ha7a2e0b48125,19,2,7,geomtraceu,mxl,complete,True,3,3,130,131,65,65,65,7204,226,6978,0,0,231,65,47,7967205,0,989135370,2563495416,242062044563,87108950710,483323265,167486255,2854500,6581822898,195464085,340162544267,1.13388e+11,5.07418e+09,53116515,8676870,6404.08,39203.4,9.40289e+08,8019.18,116905695,84891611,8817216,855947,0,140,211313,1064,3995,130,12358237150,0.0739795,45527040,ICBCAL1ha3f79d4aaca9,14a315f9da3e0d100d151edde8310637566225b1a80bad8e385c21d6e25b9692,dff70b38434a208921785fe375a380085c0e70ea,2026-09-26T05:05:32Z,cursor,,,
n19m2l7-geomtraceu-s3-mxl-w3,IC1N19Ckb1fb130PDP2xlRCsampleLAgaussTDpdpISO0hb34aa06f6d50,66a58baf9ee3,IC1N19Ckb1fb130PDP2xlRCsampleLAgaussTDpdpISO0hb34aa06f6d50W66a58baf9ee3R1,search,EC1N19Ckb1ha7a2e0b48125,19,2,7,geomtraceu,mxl,complete,True,3,3,130,131,65,65,65,5124,171,4953,0,0,174,65,40,7967205,0,989135370,2563495416,172202010828,63926403727,363731295,102451230,2806925,5569056151,195464085,245922522232,8.19742e+10,3.63992e+09,53116515,8676870,4629.87,28342.3,6.79788e+08,5797.52,84968493,63501723,6279424,609681,0,140,159800,828,2627,130,10467591275,0.07353,43876352,ICBCAL1ha3f79d4aaca9,14a315f9da3e0d100d151edde8310637566225b1a80bad8e385c21d6e25b9692,dff70b38434a208921785fe375a380085c0e70ea,2026-09-26T05:05:32Z,cursor,,,
n19m2l7-geomtraceu-s37-mxl-w1,IC1N19Ckb1fb108PDP2xlRCsampleLAgaussTDpdpISO0h990cb5d5d404,a4edb1cafa4a,IC1N19Ckb1fb108PDP2xlRCsampleLAgaussTDpdpISO0h990cb5d5d404Wa4edb1cafa4aR1,search,EC1N19Ckb1ha7a2e0b48125,19,2,7,geomtraceu,mxl,complete,True,3,3,108,109,54,54,54,5723,126,5597,0,0,127,54,271,7967205,0,829199550,1853568044,192322699081,53586439064,251761590,69999118,2093300,34368377487,161342880,283453447319,9.44845e+10,4.55983e+09,53116515,8676870,5336.45,32667.7,7.83532e+08,6682.29,87192120,78428621,7288704,707621,0,140,172104,634,1862,108,9864516696,0.0744536,44318720,ICBCAL1ha3f79d4aaca9,14a315f9da3e0d100d151edde8310637566225b1a80bad8e385c21d6e25b9692,dff70b38434a208921785fe375a380085c0e70ea,2026-09-26T05:05:32Z,cursor,,,
n19m2l7-geomtraceu-s37-mxl-w2,IC1N19Ckb1fb108PDP2xlRCsampleLAgaussTDpdpISO0h990cb5d5d404,d13faed45939,IC1N19Ckb1fb108PDP2xlRCsampleLAgaussTDpdpISO0h990cb5d5d404Wd13faed45939R1,search,EC1N19Ckb1ha7a2e0b48125,19,2,7,geomtraceu,mxl,complete,True,3,3,108,109,54,54,54,5794,119,5675,0,0,123,54,187,7967205,0,829199550,1853568044,194686668503,52453034028,260228490,71236068,2378750,24186998567,163101705,274514380910,9.15048e+10,4.5828e+09,53116515,8676870,5168.15,31637.5,7.58822e+08,6471.56,87564231,65581376,7272782,706087,0,140,171634,626,1894,108,11792747374,0.07259,44388352,ICBCAL1ha3f79d4aaca9,14a315f9da3e0d100d151edde8310637566225b1a80bad8e385c21d6e25b9692,dff70b38434a208921785fe375a380085c0e70ea,2026-09-26T05:05:32Z,cursor,,,
n19m2l7-geomtraceu-s37-mxl-w3,IC1N19Ckb1fb108PDP2xlRCsampleLAgaussTDpdpISO0h990cb5d5d404,66a58baf9ee3,IC1N19Ckb1fb108PDP2xlRCsampleLAgaussTDpdpISO0h990cb5d5d404W66a58baf9ee3R1,search,EC1N19Ckb1ha7a2e0b48125,19,2,7,geomtraceu,mxl,complete,True,3,3,108,109,54,54,54,9214,209,9005,0,0,211,54,91,7967205,0,829199550,1853568044,309612815903,89795994684,440677875,100209243,1903000,11877890775,163101705,414683327984,1.38228e+11,7.40648e+09,53116515,8676870,7807.05,47791.8,1.14628e+09,9775.98,140498665,83966098,11314766,1098319,0,140,253848,970,2492,108,12995650200,0.0699334,46891008,ICBCAL1ha3f79d4aaca9,14a315f9da3e0d100d151edde8310637566225b1a80bad8e385c21d6e25b9692,dff70b38434a208921785fe375a380085c0e70ea,2026-09-26T05:05:32Z,cursor,,,
n19m2l7-geomtraceu-s9-mxl-w1,IC1N19Ckb1fb138PDP2xlRCsampleLAgaussTDpdpISO0h2e843e1ec086,a4edb1cafa4a,IC1N19Ckb1fb138PDP2xlRCsampleLAgaussTDpdpISO0h2e843e1ec086Wa4edb1cafa4aR1,search,EC1N19Ckb1ha7a2e0b48125,19,2,7,geomtraceu,mxl,complete,True,3,3,138,139,69,69,69,4821,204,4617,0,0,207,69,130,7967205,0,1047293850,2889097624,162012820497,71968047312,438616365,142944048,2854500,16773384802,208948410,255491974613,8.5164e+10,3.39946e+09,53116515,8676870,4810.03,29445.2,7.0624e+08,6023.11,85477384,87503934,6020416,584547,0,140,158081,956,4330,138,10147111008,0.0786859,44093440,ICBCAL1ha3f79d4aaca9,14a315f9da3e0d100d151edde8310637566225b1a80bad8e385c21d6e25b9692,dff70b38434a208921785fe375a380085c0e70ea,2026-09-26T05:05:32Z,cursor,,,
n19m2l7-geomtraceu-s9-mxl-w2,IC1N19Ckb1fb138PDP2xlRCsampleLAgaussTDpdpISO0h2e843e1ec086,d13faed45939,IC1N19Ckb1fb138PDP2xlRCsampleLAgaussTDpdpISO0h2e843e1ec086Wd13faed45939R1,search,EC1N19Ckb1ha7a2e0b48125,19,2,7,geomtraceu,mxl,complete,True,3,3,138,139,69,69,69,4531,194,4337,0,0,197,69,40,7967205,0,1047293850,2889097624,152261380292,66595978540,404259960,127196723,2759350,5402150258,210707235,228948791037,7.63163e+10,3.17955e+09,53116515,8676870,4310.31,26386.1,6.32868e+08,5397.37,77555617,70585861,5558336,539707,0,140,148432,916,3996,138,10114785497,0.0776197,43798528,ICBCAL1ha3f79d4aaca9,14a315f9da3e0d100d151edde8310637566225b1a80bad8e385c21d6e25b9692,dff70b38434a208921785fe375a380085c0e70ea,2026-09-26T05:05:32Z,cursor,,,
n19m2l7-geomtraceu-s9-mxl-w3,IC1N19Ckb1fb138PDP2xlRCsampleLAgaussTDpdpISO0h2e843e1ec086,66a58baf9ee3,IC1N19Ckb1fb138PDP2xlRCsampleLAgaussTDpdpISO0h2e843e1ec086W66a58baf9ee3R1,search,EC1N19Ckb1ha7a2e0b48125,19,2,7,geomtraceu,mxl,complete,True,3,3,138,139,69,69,69,6105,250,5855,0,0,255,69,53,7967205,0,1047293850,2889097624,205158197165,89698448025,527363445,148653048,2949650,6994564902,210707235,306685242149,1.02228e+11,4.28308e+09,53116515,8676870,5773.82,35345.1,8.4775e+08,7229.97,107601490,93286894,7488052,726973,0,140,188019,1152,4452,138,11061689650,0.0770548,44605440,ICBCAL1ha3f79d4aaca9,14a315f9da3e0d100d151edde8310637566225b1a80bad8e385c21d6e25b9692,dff70b38434a208921785fe375a380085c0e70ea,2026-09-26T05:05:32Z,cursor,,,
n19m2l7-kertrace-s22-mxl-w1,IC1N19Ckb1fb142PDP2xlRCsampleLAgaussTDpdpISO0h76cb647a55ba,a4edb1cafa4a,IC1N19Ckb1fb142PDP2xlRCsampleLAgaussTDpdpISO0h76cb647a55baWa4edb1cafa4aR1,search,EC1N19Ckb1ha7a2e0b48125,19,2,7,kertrace,mxl,complete,True,3,3,142,143,71,71,71,3579,142,3437,0,0,143,71,33,7967205,0,1062478350,2972653168,120260794038,152398409770,300078165,89306482,3187525,5755928925,212817825,283063621453,9.43545e+10,3.84575e+09,53116515,8676870,5329.11,32622.8,7.82454e+08,6673.1,386558405,60231056,4392192,426382,0,13,125796,712,1851,142,10349491240,0.0931255,43409408,ICBCAL1ha3f79d4aaca9,14a315f9da3e0d100d151edde8310637566225b1a80bad8e385c21d6e25b9692,dff70b38434a208921785fe375a380085c0e70ea,2026-09-26T05:05:32Z,cursor,,,
n19m2l7-kertrace-s22-mxl-w2,IC1N19Ckb1fb142PDP2xlRCsampleLAgaussTDpdpISO0h76cb647a55ba,d13faed45939,IC1N19Ckb1fb142PDP2xlRCsampleLAgaussTDpdpISO0h76cb647a55baWd13faed45939R1,search,EC1N19Ckb1ha7a2e0b48125,19,2,7,kertrace,mxl,complete,True,3,3,142,143,71,71,71,5058,203,4855,0,0,206,71,63,7967205,0,1062478350,2972653168,169964822001,215924195176,426656355,131124907,2949650,10260955996,214576650,400968379458,1.33656e+11,5.44291e+09,53116515,8676870,7548.85,46211.2,1.10837e+09,9452.65,547719796,87653776,6227136,604444,0,13,163567,956,2725,142,11760919171,0.0922799,44568576,ICBCAL1ha3f79d4aaca9,14a315f9da3e0d100d151edde8310637566225b1a80bad8e385c21d6e25b9692,dff70b38434a208921785fe375a380085c0e70ea,2026-09-26T05:05:32Z,cursor,,,
n19m2l7-kertrace-s22-mxl-w3,IC1N19Ckb1fb142PDP2xlRCsampleLAgaussTDpdpISO0h76cb647a55ba,66a58baf9ee3,IC1N19Ckb1fb142PDP2xlRCsampleLAgaussTDpdpISO0h76cb647a55baW66a58baf9ee3R1,search,EC1N19Ckb1ha7a2e0b48125,19,2,7,kertrace,mxl,complete,True,3,3,142,143,71,71,71,3682,156,3526,0,0,156,71,77,7967205,0,1062478350,2972653168,123756216884,160531975446,328751115,83978082,2806925,12362968041,214576650,301324371866,1.00441e+11,4.00987e+09,53116515,8676870,5672.89,34727.3,8.32931e+08,7103.59,404313667,72035316,4570944,443728,0,13,129895,764,1731,142,10055608267,0.0939262,43483136,ICBCAL1ha3f79d4aaca9,14a315f9da3e0d100d151edde8310637566225b1a80bad8e385c21d6e25b9692,dff70b38434a208921785fe375a380085c0e70ea,2026-09-26T05:05:32Z,cursor,,,
n19m2l7-kertrace-s21-mxl-w1,IC1N19Ckb1fb138PDP2xlRCsampleLAgaussTDpdpISO0h0ea4b887b395,a4edb1cafa4a,IC1N19Ckb1fb138PDP2xlRCsampleLAgaussTDpdpISO0h0ea4b887b395Wa4edb1cafa4aR1,search,EC1N19Ckb1ha7a2e0b48125,19,2,7,kertrace,mxl,complete,True,3,3,138,139,69,69,69,4565,188,4377,0,0,194,69,122,7967205,0,1033564688,2824585924,153401971900,198181667158,402155505,117586573,2997225,19184708736,210589980,375367794894,1.25123e+11,5.10295e+09,53116515,8676870,7066.88,43260.7,1.0376e+09,8849.13,505539834,90532008,5699392,553232,0,20,151386,916,2444,138,11182229861,0.0953202,44081152,ICBCAL1ha3f79d4aaca9,14a315f9da3e0d100d151edde8310637566225b1a80bad8e385c21d6e25b9692,dff70b38434a208921785fe375a380085c0e70ea,2026-09-26T05:05:32Z,cursor,,,
n19m2l7-kertrace-s21-mxl-w2,IC1N19Ckb1fb138PDP2xlRCsampleLAgaussTDpdpISO0h0ea4b887b395,d13faed45939,IC1N19Ckb1fb138PDP2xlRCsampleLAgaussTDpdpISO0h0ea4b887b395Wd13faed45939R1,search,EC1N19Ckb1ha7a2e0b48125,19,2,7,kertrace,mxl,complete,True,3,3,138,139,69,69,69,4042,122,3920,0,0,123,69,45,7967205,0,1033564688,2824585924,135817122524,159761907742,260216220,81952898,2854500,7561729369,212348805,307564249875,1.02521e+11,4.28871e+09,53116515,8676870,5790.37,35446.5,8.5018e+08,7250.69,428951644,54192512,4969792,482432,0,20,135711,630,1692,138,10202640476,0.0904704,43585536,ICBCAL1ha3f79d4aaca9,14a315f9da3e0d100d151edde8310637566225b1a80bad8e385c21d6e25b9692,dff70b38434a208921785fe375a380085c0e70ea,2026-09-26T05:05:32Z,cursor,,,
n19m2l7-kertrace-s21-mxl-w3,IC1N19Ckb1fb138PDP2xlRCsampleLAgaussTDpdpISO0h0ea4b887b395,66a58baf9ee3,IC1N19Ckb1fb138PDP2xlRCsampleLAgaussTDpdpISO0h0ea4b887b395W66a58baf9ee3R1,search,EC1N19Ckb1ha7a2e0b48125,19,2,7,kertrace,mxl,complete,True,3,3,138,139,69,69,69,3010,123,2887,0,0,132,69,179,7967205,0,1033564688,2824585924,101175706640,129703553924,278409840,77909023,2759350,27728556729,212348805,263045362128,8.76818e+10,3.35124e+09,53116515,8676870,4952.23,30315.7,7.27119e+08,6201.18,342634253,71624586,3877824,376468,0,20,114249,662,1605,138,8713607896,0.0991127,43212800,ICBCAL1ha3f79d4aaca9,14a315f9da3e0d100d151edde8310637566225b1a80bad8e385c21d6e25b9692,dff70b38434a208921785fe375a380085c0e70ea,2026-09-26T05:05:32Z,cursor,,,
n19m2l7-kertrace-s15-mxl-w1,IC1N19Ckb1fb124PDP2xlRCsampleLAgaussTDpdpISO0h818dfcb8a4c3,a4edb1cafa4a,IC1N19Ckb1fb124PDP2xlRCsampleLAgaussTDpdpISO0h818dfcb8a4c3Wa4edb1cafa4aR1,search,EC1N19Ckb1ha7a2e0b48125,19,2,7,kertrace,mxl,complete,True,3,3,124,125,62,62,62,12189,425,11764,0,0,434,62,77,7967205,0,931787348,2333329780,409589909298,533979177564,895285245,306983179,2664200,12596376208,182683290,960826163317,3.20275e+11,1.52382e+10,53116515,8676870,18089,110734,2.65595e+09,22651.1,1415189832,174264316,14915456,1447554,0,20,334414,1848,6373,124,17221814675,0.0942588,49516544,ICBCAL1ha3f79d4aaca9,14a315f9da3e0d100d151edde8310637566225b1a80bad8e385c21d6e25b9692,dff70b38434a208921785fe375a380085c0e70ea,2026-09-26T05:05:32Z,cursor,,,
n19m2l7-kertrace-s15-mxl-w2,IC1N19Ckb1fb124PDP2xlRCsampleLAgaussTDpdpISO0h818dfcb8a4c3,d13faed45939,IC1N19Ckb1fb124PDP2xlRCsampleLAgaussTDpdpISO0h818dfcb8a4c3Wd13faed45939R1,search,EC1N19Ckb1ha7a2e0b48125,19,2,7,kertrace,mxl,complete,True,3,3,124,125,62,62,62,8034,273,7761,0,0,276,62,26,7967205,0,931787348,2333329780,269944123653,350314815780,567206985,154743179,2188450,4771196920,184442115,629211801415,2.09737e+11,1.00158e+10,53116515,8676870,11845.9,72516,1.73929e+09,14833.4,928378965,110363252,9800960,951246,0,20,229280,1236,3163,124,12924544105,0.0932461,46301184,ICBCAL1ha3f79d4aaca9,14a315f9da3e0d100d151edde8310637566225b1a80bad8e385c21d6e25b9692,dff70b38434a208921785fe375a380085c0e70ea,2026-09-26T05:05:32Z,cursor,,,
n19m2l7-kertrace-s15-mxl-w3,IC1N19Ckb1fb124PDP2xlRCsampleLAgaussTDpdpISO0h818dfcb8a4c3,66a58baf9ee3,IC1N19Ckb1fb124PDP2xlRCsampleLAgaussTDpdpISO0h818dfcb8a4c3W66a58baf9ee3R1,search,EC1N19Ckb1ha7a2e0b48125,19,2,7,kertrace,mxl,complete,True,3,3,124,125,62,62,62,4502,169,4333,0,0,169,62,57,7967205,0,931787348,2333329780,151304117659,200997491236,344112210,92039329,2331175,9532458676,184442115,365730076733,1.2191e+11,5.68932e+09,53116515,8676870,6885.43,42150,1.01096e+09,8621.93,529693585,72693592,5543744,538128,0,20,142759,802,1848,124,10816519388,0.0946648,43823104,ICBCAL1ha3f79d4aaca9,14a315f9da3e0d100d151edde8310637566225b1a80bad8e385c21d6e25b9692,dff70b38434a208921785fe375a380085c0e70ea,2026-09-26T05:05:32Z,cursor,,,
n19m2l7-prefix-s1-mxl-w1,IC1N19Ckb1fb136PDP2xlRCsampleLAgaussTDpdpISO0h249c2b4b8d9c,a4edb1cafa4a,IC1N19Ckb1fb136PDP2xlRCsampleLAgaussTDpdpISO0h249c2b4b8d9cWa4edb1cafa4aR1,search,EC1N19Ckb1ha7a2e0b48125,19,2,7,prefix,mxl,complete,True,3,3,136,139,68,68,68,8655,171,8484,0,0,172,68,175,7967205,0,1033091608,3016252082,290821250805,40877990214,361632975,94071006,2902075,21786356140,202733895,358204248005,1.19401e+11,4.88463e+09,53116515,8676870,6743.75,41282.7,9.90161e+08,8444.51,30188845,71201511,10737280,1042106,0,0,252425,824,5991,136,14575865975,0.0706278,46075904,ICBCAL1ha3f79d4aaca9,14a315f9da3e0d100d151edde8310637566225b1a80bad8e385c21d6e25b9692,dff70b38434a208921785fe375a380085c0e70ea,2026-09-26T05:05:32Z,cursor,,,
n19m2l7-prefix-s1-mxl-w2,IC1N19Ckb1fb136PDP2xlRCsampleLAgaussTDpdpISO0h249c2b4b8d9c,d13faed45939,IC1N19Ckb1fb136PDP2xlRCsampleLAgaussTDpdpISO0h249c2b4b8d9cWd13faed45939R1,search,EC1N19Ckb1ha7a2e0b48125,19,2,7,prefix,mxl,complete,True,3,3,136,139,68,68,68,7058,134,6924,0,0,134,68,161,7967205,0,1033091608,3016252082,237159285301,33464863841,273454455,73566181,2711775,19953289560,204492720,295188974728,9.83963e+10,3.98487e+09,53116515,8676870,5557.39,34020.2,8.15972e+08,6958.95,26404418,59794317,8778304,852008,0,0,212481,672,5556,136,13705893721,0.0698767,45191168,ICBCAL1ha3f79d4aaca9,14a315f9da3e0d100d151edde8310637566225b1a80bad8e385c21d6e25b9692,dff70b38434a208921785fe375a380085c0e70ea,2026-09-26T05:05:32Z,cursor,,,
n19m2l7-prefix-s1-mxl-w3,IC1N19Ckb1fb136PDP2xlRCsampleLAgaussTDpdpISO0h249c2b4b8d9c,66a58baf9ee3,IC1N19Ckb1fb136PDP2xlRCsampleLAgaussTDpdpISO0h249c2b4b8d9cW66a58baf9ee3R1,search,EC1N19Ckb1ha7a2e0b48125,19,2,7,prefix,mxl,complete,True,3,3,136,139,68,68,68,9218,195,9023,0,0,198,68,147,7967205,0,1033091608,3016252082,309749145211,47469670300,413393580,123091756,2711775,18249763977,204492720,380269580214,1.26757e+11,5.26111e+09,53116515,8676870,7159.16,43825.7,1.05115e+09,8964.69,34717718,75141108,11387840,1105236,0,0,265851,922,6597,136,15037063410,0.0701861,46526464,ICBCAL1ha3f79d4aaca9,14a315f9da3e0d100d151edde8310637566225b1a80bad8e385c21d6e25b9692,dff70b38434a208921785fe375a380085c0e70ea,2026-09-26T05:05:32Z,cursor,,,
n19m2l7-random-s47-mxl-w1,IC1N19Ckb1fb116PDP2xlRCsampleLAgaussTDpdpISO0h8b98a8b480fb,a4edb1cafa4a,IC1N19Ckb1fb116PDP2xlRCsampleLAgaussTDpdpISO0h8b98a8b480fbWa4edb1cafa4aR1,search,EC1N19Ckb1ha7a2e0b48125,19,2,7,random,mxl,complete,True,3,3,116,117,58,58,58,3325,96,3229,0,0,97,58,139,7967205,0,873155788,2118105292,111719384165,128804319558,209887215,53734961,1950575,21667027735,175765245,265631297739,8.85438e+10,4.15151e+09,53116515,8676870,5000.92,30613.7,7.34267e+08,6262.14,358634464,56014398,4212224,408918,0,0,112211,524,1952,116,8859113382,0.0939823,43343872,ICBCAL1ha3f79d4aaca9,14a315f9da3e0d100d151edde8310637566225b1a80bad8e385c21d6e25b9692,dff70b38434a208921785fe375a380085c0e70ea,2026-09-26T05:05:32Z,cursor,,,
n19m2l7-random-s47-mxl-w2,IC1N19Ckb1fb116PDP2xlRCsampleLAgaussTDpdpISO0h8b98a8b480fb,d13faed45939,IC1N19Ckb1fb116PDP2xlRCsampleLAgaussTDpdpISO0h8b98a8b480fbWd13faed45939R1,search,EC1N19Ckb1ha7a2e0b48125,19,2,7,random,mxl,complete,True,3,3,116,117,58,58,58,4301,113,4188,0,0,115,58,174,7967205,0,873155788,2118105292,144526149202,162594548528,233592510,73668886,2378750,26934653673,177524070,337541743904,1.12514e+11,5.30048e+09,53116515,8676870,6354.74,38901.3,9.33045e+08,7957.4,459626719,67032220,5441600,528216,0,0,137256,594,2380,116,9849388553,0.0931981,43462656,ICBCAL1ha3f79d4aaca9,14a315f9da3e0d100d151edde8310637566225b1a80bad8e385c21d6e25b9692,dff70b38434a208921785fe375a380085c0e70ea,2026-09-26T05:05:32Z,cursor,,,
n19m2l7-random-s47-mxl-w3,IC1N19Ckb1fb116PDP2xlRCsampleLAgaussTDpdpISO0h8b98a8b480fb,66a58baf9ee3,IC1N19Ckb1fb116PDP2xlRCsampleLAgaussTDpdpISO0h8b98a8b480fbW66a58baf9ee3R1,search,EC1N19Ckb1ha7a2e0b48125,19,2,7,random,mxl,complete,True,3,3,116,117,58,58,58,9551,232,9319,0,0,234,58,291,7967205,0,873155788,2118105292,320923389002,355248110960,476269560,145935311,2521475,44501140103,177524070,724474118766,2.41491e+11,1.16689e+10,53116515,8676870,13639.3,83494.9,2.00262e+09,17079.2,1006070444,128692922,11967834,1161522,0,0,269956,1066,3902,116,15152810875,0.091205,47714304,ICBCAL1ha3f79d4aaca9,14a315f9da3e0d100d151edde8310637566225b1a80bad8e385c21d6e25b9692,dff70b38434a208921785fe375a380085c0e70ea,2026-09-26T05:05:32Z,cursor,,,
n19m2l7-random-s8-mxl-w1,IC1N19Ckb1fb124PDP2xlRCsampleLAgaussTDpdpISO0h33bfd876a487,a4edb1cafa4a,IC1N19Ckb1fb124PDP2xlRCsampleLAgaussTDpdpISO0h33bfd876a487Wa4edb1cafa4aR1,search,EC1N19Ckb1ha7a2e0b48125,19,2,7,random,mxl,complete,True,3,3,124,125,62,61,61,9319,136,9183,0,0,136,61,93,7967205,0,931314268,4339316138,313137352243,375310945954,290320770,74375487,2664200,15363478844,7504320,709465239429,2.36488e+11,1.1292e+10,53116515,8676870,13356.8,81765.1,1.96113e+09,16725.3,1138194510,65472428,11444916,1110782,0,0,259494,678,43663,122,16772546141,0.0865826,47484928,ICBCAL1ha3f79d4aaca9,14a315f9da3e0d100d151edde8310637566225b1a80bad8e385c21d6e25b9692,dff70b38434a208921785fe375a380085c0e70ea,2026-09-26T05:05:32Z,cursor,,,
n19m2l7-random-s8-mxl-w2,IC1N19Ckb1fb124PDP2xlRCsampleLAgaussTDpdpISO0h33bfd876a487,d13faed45939,IC1N19Ckb1fb124PDP2xlRCsampleLAgaussTDpdpISO0h33bfd876a487Wd13faed45939R1,search,EC1N19Ckb1ha7a2e0b48125,19,2,7,random,mxl,complete,True,3,3,124,125,62,61,61,12577,180,12397,0,0,182,61,281,7967205,0,931314268,4339316138,422569830069,505273012556,377697600,106774062,2616625,44826149492,9263145,978443941160,3.26148e+11,1.52185e+10,53116515,8676870,18420.7,112765,2.70465e+09,23066.4,1552082970,107437464,15635290,1517410,0,0,344267,862,44343,122,20434324375,0.0870036,49938432,ICBCAL1ha3f79d4aaca9,14a315f9da3e0d100d151edde8310637566225b1a80bad8e385c21d6e25b9692,dff70b38434a208921785fe375a380085c0e70ea,2026-09-26T05:05:32Z,cursor,,,
n19m2l7-random-s8-mxl-w3,IC1N19Ckb1fb124PDP2xlRCsampleLAgaussTDpdpISO0h33bfd876a487,66a58baf9ee3,IC1N19Ckb1fb124PDP2xlRCsampleLAgaussTDpdpISO0h33bfd876a487W66a58baf9ee3R1,search,EC1N19Ckb1ha7a2e0b48125,19,2,7,random,mxl,complete,True,3,3,124,125,62,61,61,9115,142,8973,0,0,144,61,233,7967205,0,931314268,4339316138,306287726315,369921047706,282496050,74803662,2521475,37253875178,9263145,719110331142,2.39703e+11,1.10912e+10,53116515,8676870,13538.4,82876.7,1.98779e+09,16952.7,1131896028,85921658,11367130,1103230,0,0,258025,706,43669,122,17210087418,0.0876806,47075328,ICBCAL1ha3f79d4aaca9,14a315f9da3e0d100d151edde8310637566225b1a80bad8e385c21d6e25b9692,dff70b38434a208921785fe375a380085c0e70ea,2026-09-26T05:05:32Z,cursor,,,
n19m2l7-random-s41-mxl-w1,IC1N19Ckb1fb118PDP2xlRCsampleLAgaussTDpdpISO0hdbd2249cf263,a4edb1cafa4a,IC1N19Ckb1fb118PDP2xlRCsampleLAgaussTDpdpISO0hdbd2249cf263Wa4edb1cafa4aR1,search,EC1N19Ckb1ha7a2e0b48125,19,2,7,random,mxl,complete,True,3,3,118,119,59,58,58,17002,237,16765,0,0,238,58,187,7967205,0,887695408,3479612112,571361420224,707658878022,498745710,121672061,2521475,30366403177,7504320,1314392419714,4.38131e+11,2.20628e+10,53116515,8676870,24745.5,151482,3.63329e+09,30986.2,2164839697,116507934,20901748,2028468,0,0,449502,1078,30694,116,24465518536,0.0877692,52731904,ICBCAL1ha3f79d4aaca9,14a315f9da3e0d100d151edde8310637566225b1a80bad8e385c21d6e25b9692,dff70b38434a208921785fe375a380085c0e70ea,2026-09-26T05:05:32Z,cursor,,,
n19m2l7-random-s41-mxl-w2,IC1N19Ckb1fb118PDP2xlRCsampleLAgaussTDpdpISO0hdbd2249cf263,d13faed45939,IC1N19Ckb1fb118PDP2xlRCsampleLAgaussTDpdpISO0hdbd2249cf263Wd13faed45939R1,search,EC1N19Ckb1ha7a2e0b48125,19,2,7,random,mxl,complete,True,3,3,118,119,59,58,58,11501,179,11322,0,0,179,58,241,7967205,0,887695408,3479612112,386403214122,485052677652,362960280,99359386,2521475,38884985678,9263145,915190256463,3.05063e+11,1.50331e+10,53116515,8676870,17229.9,105475,2.5298e+09,21575.2,1482420855,101800872,14278196,1385722,0,0,314668,850,30225,116,18482968352,0.0881213,48939008,ICBCAL1ha3f79d4aaca9,14a315f9da3e0d100d151edde8310637566225b1a80bad8e385c21d6e25b9692,dff70b38434a208921785fe375a380085c0e70ea,2026-09-26T05:05:32Z,cursor,,,
n19m2l7-random-s41-mxl-w3,IC1N19Ckb1fb118PDP2xlRCsampleLAgaussTDpdpISO0hdbd2249cf263,66a58baf9ee3,IC1N19Ckb1fb118PDP2xlRCsampleLAgaussTDpdpISO0hdbd2249cf263W66a58baf9ee3R1,search,EC1N19Ckb1ha7a2e0b48125,19,2,7,random,mxl,complete,True,3,3,118,119,59,58,58,22162,310,21852,0,0,311,58,164,7967205,0,887695408,3479612112,744696318084,922298722592,627324060,153404586,2331175,26730119199,9263145,1698892757566,5.66298e+11,2.87548e+10,53116515,8676870,31984.3,195796,4.69614e+09,40050.6,2811400874,141183970,27148378,2634634,0,0,575513,1362,31357,116,29871514141,0.0863701,56926208,ICBCAL1ha3f79d4aaca9,14a315f9da3e0d100d151edde8310637566225b1a80bad8e385c21d6e25b9692,dff70b38434a208921785fe375a380085c0e70ea,2026-09-26T05:05:32Z,cursor,,,
