candidate_id,workload_id,run_id,family,l,seed,status,pred_collection,meas_collection,replay_collection,z_collection,pred_descent,meas_descent,replay_descent,replay_exact,pred_total_ops,meas_total_ops,replay_total_ops
IC1N19Ckb1fb40PDP2xlRCsampleLAgaussTDpdpISO0h7733e2629fce,a4edb1cafa4a,IC1N19Ckb1fb40PDP2xlRCsampleLAgaussTDpdpISO0h7733e2629fceWa4edb1cafa4aR1,geometric,5,10,complete,16226,14373,14373,-0.23,770,963,963,True,344572095215.6932,315774160953,310980858380.12006
IC1N19Ckb1fb40PDP2xlRCsampleLAgaussTDpdpISO0h7733e2629fce,d13faed45939,IC1N19Ckb1fb40PDP2xlRCsampleLAgaussTDpdpISO0h7733e2629fceWd13faed45939R1,geometric,5,10,complete,16226,7627,7627,-1.05,770,992,992,True,344572095215.6932,179702002700,175071910453.73
IC1N19Ckb1fb40PDP2xlRCsampleLAgaussTDpdpISO0h7733e2629fce,66a58baf9ee3,IC1N19Ckb1fb40PDP2xlRCsampleLAgaussTDpdpISO0h7733e2629fceW66a58baf9ee3R1,geometric,5,10,complete,16226,9678,9678,-0.8,770,467,467,True,344572095215.6932,208357857197,205948351504.15002
IC1N19Ckb1fb38PDP2xlRCsampleLAgaussTDpdpISO0heeaa972ff40b,a4edb1cafa4a,IC1N19Ckb1fb38PDP2xlRCsampleLAgaussTDpdpISO0heeaa972ff40bWa4edb1cafa4aR1,geometric,5,36,complete,39032,54403,54403,0.49,1785,921,921,True,826293720777.1464,1124930600680,1119737416297.72
IC1N19Ckb1fb38PDP2xlRCsampleLAgaussTDpdpISO0heeaa972ff40b,d13faed45939,IC1N19Ckb1fb38PDP2xlRCsampleLAgaussTDpdpISO0heeaa972ff40bWd13faed45939R1,geometric,5,36,complete,39032,24466,24466,-0.47,1785,3829,3829,True,826293720777.1464,589686880792,573023150150.6
IC1N19Ckb1fb38PDP2xlRCsampleLAgaussTDpdpISO0heeaa972ff40b,66a58baf9ee3,IC1N19Ckb1fb38PDP2xlRCsampleLAgaussTDpdpISO0heeaa972ff40bW66a58baf9ee3R1,geometric,5,36,complete,39032,21665,21665,-0.56,1785,726,726,True,826293720777.1464,457156660258,453603229793.48004
IC1N19Ckb1fb18PDP2xlRCsampleLAgaussTDpdpISO0h8c75fca556e3,a4edb1cafa4a,IC1N19Ckb1fb18PDP2xlRCsampleLAgaussTDpdpISO0h8c75fca556e3Wa4edb1cafa4aR1,geometric,5,26,complete,75959,42048,42048,-0.49,6544,11733,11733,True,1673793607718.6946,1138201915212,1091190507412.125
IC1N19Ckb1fb18PDP2xlRCsampleLAgaussTDpdpISO0h8c75fca556e3,d13faed45939,IC1N19Ckb1fb18PDP2xlRCsampleLAgaussTDpdpISO0h8c75fca556e3Wd13faed45939R1,geometric,5,26,complete,75959,27979,27979,-0.7,6544,5612,5612,True,1673793607718.6946,703564475874,681651366153.375
IC1N19Ckb1fb18PDP2xlRCsampleLAgaussTDpdpISO0h8c75fca556e3,66a58baf9ee3,IC1N19Ckb1fb18PDP2xlRCsampleLAgaussTDpdpISO0h8c75fca556e3W66a58baf9ee3R1,geometric,5,26,complete,75959,44034,44034,-0.47,6544,13829,13829,True,1673793607718.6946,1229472473242,1173990842955.375
IC1N19Ckb1fb48PDP2xlRCsampleLAgaussTDpdpISO0h99000076d415,a4edb1cafa4a,IC1N19Ckb1fb48PDP2xlRCsampleLAgaussTDpdpISO0h99000076d415Wa4edb1cafa4aR1,geomtraceu,5,10,complete,10855,14257,14257,0.89,625,1062,1062,True,233756009290.43597,316270463737,311624264398.165
IC1N19Ckb1fb48PDP2xlRCsampleLAgaussTDpdpISO0h99000076d415,d13faed45939,IC1N19Ckb1fb48PDP2xlRCsampleLAgaussTDpdpISO0h99000076d415Wd13faed45939R1,geomtraceu,5,10,complete,10855,6299,6299,-1.2,625,442,442,True,233756009290.43597,139620602626,137613263579.935
IC1N19Ckb1fb48PDP2xlRCsampleLAgaussTDpdpISO0h99000076d415,66a58baf9ee3,IC1N19Ckb1fb48PDP2xlRCsampleLAgaussTDpdpISO0h99000076d415W66a58baf9ee3R1,geomtraceu,5,10,complete,10855,7878,7878,-0.78,625,239,239,True,233756009290.43597,166680209360,165526429484.095
IC1N19Ckb1fb34PDP2xlRCsampleLAgaussTDpdpISO0h7ac948ea649a,a4edb1cafa4a,IC1N19Ckb1fb34PDP2xlRCsampleLAgaussTDpdpISO0h7ac948ea649aWa4edb1cafa4aR1,geomtraceu,5,46,complete,16460,27807,27807,1.54,1168,543,543,True,358250756899.1444,577334898878,575779601472.75
IC1N19Ckb1fb34PDP2xlRCsampleLAgaussTDpdpISO0h7ac948ea649a,d13faed45939,IC1N19Ckb1fb34PDP2xlRCsampleLAgaussTDpdpISO0h7ac948ea649aWd13faed45939R1,geomtraceu,5,46,complete,16460,13683,13683,-0.38,1168,1554,1554,True,358250756899.1444,315819427919,309720109657.185
IC1N19Ckb1fb34PDP2xlRCsampleLAgaussTDpdpISO0h7ac948ea649a,66a58baf9ee3,IC1N19Ckb1fb34PDP2xlRCsampleLAgaussTDpdpISO0h7ac948ea649aW66a58baf9ee3R1,geomtraceu,5,46,complete,16460,15102,15102,-0.18,1168,1399,1399,True,358250756899.1444,340754448695,335366353663.505
IC1N19Ckb1fb30PDP2xlRCsampleLAgaussTDpdpISO0hd40d5825cb02,a4edb1cafa4a,IC1N19Ckb1fb30PDP2xlRCsampleLAgaussTDpdpISO0hd40d5825cb02Wa4edb1cafa4aR1,geomtraceu,5,34,complete,26942,14178,14178,-0.85,1190,2718,2718,True,569799564011.5332,354338732972,342428647411.32
IC1N19Ckb1fb30PDP2xlRCsampleLAgaussTDpdpISO0hd40d5825cb02,d13faed45939,IC1N19Ckb1fb30PDP2xlRCsampleLAgaussTDpdpISO0hd40d5825cb02Wd13faed45939R1,geomtraceu,5,34,complete,26942,26072,26072,-0.06,1190,1912,1912,True,569799564011.5332,575367852002,566815820612.28
IC1N19Ckb1fb30PDP2xlRCsampleLAgaussTDpdpISO0hd40d5825cb02,66a58baf9ee3,IC1N19Ckb1fb30PDP2xlRCsampleLAgaussTDpdpISO0hd40d5825cb02W66a58baf9ee3R1,geomtraceu,5,34,complete,26942,32350,32350,0.36,1190,406,406,True,569799564011.5332,665715367765,663386490752.52
IC1N19Ckb1fb40PDP2xlRCsampleLAgaussTDpdpISO0h525599ac6842,a4edb1cafa4a,IC1N19Ckb1fb40PDP2xlRCsampleLAgaussTDpdpISO0h525599ac6842Wa4edb1cafa4aR1,kertrace,5,25,complete,12324,10093,10093,-0.55,922,807,807,True,271484657079.38693,226218396942,223535264485.0
IC1N19Ckb1fb40PDP2xlRCsampleLAgaussTDpdpISO0h525599ac6842,d13faed45939,IC1N19Ckb1fb40PDP2xlRCsampleLAgaussTDpdpISO0h525599ac6842Wd13faed45939R1,kertrace,5,25,complete,12324,13457,13457,0.28,922,198,198,True,271484657079.38693,279661223354,279861316129.1
IC1N19Ckb1fb40PDP2xlRCsampleLAgaussTDpdpISO0h525599ac6842,66a58baf9ee3,IC1N19Ckb1fb40PDP2xlRCsampleLAgaussTDpdpISO0h525599ac6842W66a58baf9ee3R1,kertrace,5,25,complete,12324,5607,5607,-1.67,922,982,982,True,271484657079.38693,139158647333,135396749552.98
IC1N19Ckb1fb28PDP2xlRCsampleLAgaussTDpdpISO0h4ef2f2514d12,a4edb1cafa4a,IC1N19Ckb1fb28PDP2xlRCsampleLAgaussTDpdpISO0h4ef2f2514d12Wa4edb1cafa4aR1,kertrace,5,17,complete,16407,11350,11350,-0.76,1852,569,569,True,371554655134.2801,245332525594,242694957588.79
IC1N19Ckb1fb28PDP2xlRCsampleLAgaussTDpdpISO0h4ef2f2514d12,d13faed45939,IC1N19Ckb1fb28PDP2xlRCsampleLAgaussTDpdpISO0h4ef2f2514d12Wd13faed45939R1,kertrace,5,17,complete,16407,34750,34750,2.75,1852,1467,1467,True,371554655134.2801,743222000158,736538234968.97
IC1N19Ckb1fb28PDP2xlRCsampleLAgaussTDpdpISO0h4ef2f2514d12,66a58baf9ee3,IC1N19Ckb1fb28PDP2xlRCsampleLAgaussTDpdpISO0h4ef2f2514d12W66a58baf9ee3R1,kertrace,5,17,complete,16407,9559,9559,-1.03,1852,1182,1182,True,371554655134.2801,224002606550,218752765607.81
IC1N19Ckb1fb20PDP2xlRCsampleLAgaussTDpdpISO0h0d6ff78cc84a,a4edb1cafa4a,IC1N19Ckb1fb20PDP2xlRCsampleLAgaussTDpdpISO0h0d6ff78cc84aWa4edb1cafa4aR1,kertrace,5,13,complete,28510,9980,9980,-1.23,3020,596,596,True,641745925135.7462,218067932050,215466075889.80002
IC1N19Ckb1fb20PDP2xlRCsampleLAgaussTDpdpISO0h0d6ff78cc84a,d13faed45939,IC1N19Ckb1fb20PDP2xlRCsampleLAgaussTDpdpISO0h0d6ff78cc84aWd13faed45939R1,kertrace,5,13,complete,28510,30936,30936,0.16,3020,7081,7081,True,641745925135.7462,803630411233,773716924679.1
IC1N19Ckb1fb20PDP2xlRCsampleLAgaussTDpdpISO0h0d6ff78cc84a,66a58baf9ee3,IC1N19Ckb1fb20PDP2xlRCsampleLAgaussTDpdpISO0h0d6ff78cc84aW66a58baf9ee3R1,kertrace,5,13,complete,28510,21418,21418,-0.47,3020,4582,4582,True,641745925135.7462,548666740677,529246954565.0
IC1N19Ckb1fb26PDP2xlRCsampleLAgaussTDpdpISO0hc0cc43a2b0ee,a4edb1cafa4a,IC1N19Ckb1fb26PDP2xlRCsampleLAgaussTDpdpISO0hc0cc43a2b0eeWa4edb1cafa4aR1,prefix,5,1,complete,25191,42748,42748,1.88,3020,2532,2532,True,571135691763.8636,927786611097,916419037037.3999
IC1N19Ckb1fb26PDP2xlRCsampleLAgaussTDpdpISO0hc0cc43a2b0ee,d13faed45939,IC1N19Ckb1fb26PDP2xlRCsampleLAgaussTDpdpISO0hc0cc43a2b0eeWd13faed45939R1,prefix,5,1,complete,25191,38004,38004,1.37,3020,1703,1703,True,571135691763.8636,811217442772,803681740937.4099
IC1N19Ckb1fb26PDP2xlRCsampleLAgaussTDpdpISO0hc0cc43a2b0ee,66a58baf9ee3,IC1N19Ckb1fb26PDP2xlRCsampleLAgaussTDpdpISO0hc0cc43a2b0eeW66a58baf9ee3R1,prefix,5,1,complete,25191,36133,36133,1.17,3020,3093,3093,True,571135691763.8636,807334830830,793951498801.38
IC1N19Ckb1fb36PDP2xlRCsampleLAgaussTDpdpISO0ha0d4ee088638,a4edb1cafa4a,IC1N19Ckb1fb36PDP2xlRCsampleLAgaussTDpdpISO0ha0d4ee088638Wa4edb1cafa4aR1,random,5,36,complete,20786,25916,25916,0.72,1818,647,647,True,460083455909.84534,543747175364,540555470618.07
IC1N19Ckb1fb36PDP2xlRCsampleLAgaussTDpdpISO0ha0d4ee088638,d13faed45939,IC1N19Ckb1fb36PDP2xlRCsampleLAgaussTDpdpISO0ha0d4ee088638Wd13faed45939R1,random,5,36,complete,20786,15817,15817,-0.7,1818,2234,2234,True,460083455909.84534,377221153002,367562205570.39
IC1N19Ckb1fb36PDP2xlRCsampleLAgaussTDpdpISO0ha0d4ee088638,66a58baf9ee3,IC1N19Ckb1fb36PDP2xlRCsampleLAgaussTDpdpISO0ha0d4ee088638W66a58baf9ee3R1,random,5,36,complete,20786,16522,16522,-0.6,1818,2111,2111,True,460083455909.84534,388701833160,379390457480.37
IC1N19Ckb1fb28PDP2xlRCsampleLAgaussTDpdpISO0h282888856286,a4edb1cafa4a,IC1N19Ckb1fb28PDP2xlRCsampleLAgaussTDpdpISO0h282888856286Wa4edb1cafa4aR1,random,5,44,complete,36257,59549,59549,1.64,3849,2186,2186,True,815442520374.6852,1264907669210,1254938730742.2002
IC1N19Ckb1fb28PDP2xlRCsampleLAgaussTDpdpISO0h282888856286,d13faed45939,IC1N19Ckb1fb28PDP2xlRCsampleLAgaussTDpdpISO0h282888856286Wd13faed45939R1,random,5,44,complete,36257,34181,34181,-0.15,3849,3323,3323,True,815442520374.6852,776834971852,762555944134.68
IC1N19Ckb1fb28PDP2xlRCsampleLAgaussTDpdpISO0h282888856286,66a58baf9ee3,IC1N19Ckb1fb28PDP2xlRCsampleLAgaussTDpdpISO0h282888856286W66a58baf9ee3R1,random,5,44,complete,36257,27837,27837,-0.59,3849,6175,6175,True,815442520374.6852,717978168064,691597226342.04
IC1N19Ckb1fb20PDP2xlRCsampleLAgaussTDpdpISO0h4d1148bf5839,a4edb1cafa4a,IC1N19Ckb1fb20PDP2xlRCsampleLAgaussTDpdpISO0h4d1148bf5839Wa4edb1cafa4aR1,random,5,13,complete,79311,55986,55986,-0.39,6333,4453,4453,True,1741225261388.877,1247868036388,1228879038906.1099
IC1N19Ckb1fb20PDP2xlRCsampleLAgaussTDpdpISO0h4d1148bf5839,d13faed45939,IC1N19Ckb1fb20PDP2xlRCsampleLAgaussTDpdpISO0h4d1148bf5839Wd13faed45939R1,random,5,13,complete,79311,68099,68099,-0.19,6333,663,663,True,1741225261388.877,1400695158239,1398063343990.38
IC1N19Ckb1fb20PDP2xlRCsampleLAgaussTDpdpISO0h4d1148bf5839,66a58baf9ee3,IC1N19Ckb1fb20PDP2xlRCsampleLAgaussTDpdpISO0h4d1148bf5839W66a58baf9ee3R1,random,5,13,complete,79311,88536,88536,0.15,6333,3573,3573,True,1741225261388.877,1887748582377,1872645342164.41
IC1N19Ckb1fb78PDP2xlRCsampleLAgaussTDpdpISO0h351a0b6bccf0,a4edb1cafa4a,IC1N19Ckb1fb78PDP2xlRCsampleLAgaussTDpdpISO0h351a0b6bccf0Wa4edb1cafa4aR1,geometric,6,12,complete,14874,16535,16535,0.39,515,289,289,True,411057197184.9691,458473560251,449189775943.64
IC1N19Ckb1fb78PDP2xlRCsampleLAgaussTDpdpISO0h351a0b6bccf0,d13faed45939,IC1N19Ckb1fb78PDP2xlRCsampleLAgaussTDpdpISO0h351a0b6bccf0Wd13faed45939R1,geometric,6,12,complete,14874,8335,8335,-1.53,515,246,246,True,411057197184.9691,237294547257,230153302551.66
IC1N19Ckb1fb78PDP2xlRCsampleLAgaussTDpdpISO0h351a0b6bccf0,66a58baf9ee3,IC1N19Ckb1fb78PDP2xlRCsampleLAgaussTDpdpISO0h351a0b6bccf0W66a58baf9ee3R1,geometric,6,12,complete,14874,13226,13226,-0.39,515,435,435,True,411057197184.9691,376428909509,365141205600.46
IC1N19Ckb1fb62PDP2xlRCsampleLAgaussTDpdpISO0h20afdeb9e970,a4edb1cafa4a,IC1N19Ckb1fb62PDP2xlRCsampleLAgaussTDpdpISO0h20afdeb9e970Wa4edb1cafa4aR1,geometric,6,42,complete,19460,20193,20193,0.11,785,853,853,True,539582291457.0054,580426585916,560852682034.64
IC1N19Ckb1fb62PDP2xlRCsampleLAgaussTDpdpISO0h20afdeb9e970,d13faed45939,IC1N19Ckb1fb62PDP2xlRCsampleLAgaussTDpdpISO0h20afdeb9e970Wd13faed45939R1,geometric,6,42,complete,19460,19594,19594,0.02,785,783,783,True,539582291457.0054,561204933407,543073662941.18
IC1N19Ckb1fb62PDP2xlRCsampleLAgaussTDpdpISO0h20afdeb9e970,66a58baf9ee3,IC1N19Ckb1fb62PDP2xlRCsampleLAgaussTDpdpISO0h20afdeb9e970W66a58baf9ee3R1,geometric,6,42,complete,19460,14528,14528,-0.72,785,672,672,True,539582291457.0054,421033660571,405492225203.0
IC1N19Ckb1fb48PDP2xlRCsampleLAgaussTDpdpISO0h6070f794a5f2,a4edb1cafa4a,IC1N19Ckb1fb48PDP2xlRCsampleLAgaussTDpdpISO0h6070f794a5f2Wa4edb1cafa4aR1,geometric,6,6,complete,29950,76121,76121,3.27,1235,2064,2064,True,829671051423.4906,2125853735207,2078491676146.3499
IC1N19Ckb1fb48PDP2xlRCsampleLAgaussTDpdpISO0h6070f794a5f2,d13faed45939,IC1N19Ckb1fb48PDP2xlRCsampleLAgaussTDpdpISO0h6070f794a5f2Wd13faed45939R1,geometric,6,6,complete,29950,14362,14362,-1.1,1235,987,987,True,829671051423.4906,429153361178,408893718806.39
IC1N19Ckb1fb48PDP2xlRCsampleLAgaussTDpdpISO0h6070f794a5f2,66a58baf9ee3,IC1N19Ckb1fb48PDP2xlRCsampleLAgaussTDpdpISO0h6070f794a5f2W66a58baf9ee3R1,geometric,6,6,complete,29950,17491,17491,-0.88,1235,619,619,True,829671051423.4906,496233085845,482255485313.1
IC1N19Ckb1fb78PDP2xlRCsampleLAgaussTDpdpISO0h025a8b000651,a4edb1cafa4a,IC1N19Ckb1fb78PDP2xlRCsampleLAgaussTDpdpISO0h025a8b000651Wa4edb1cafa4aR1,geomtraceu,6,4,complete,7135,6048,6048,-0.53,253,149,149,True,199655215906.70325,172660608449,167752093863.06998
IC1N19Ckb1fb78PDP2xlRCsampleLAgaussTDpdpISO0h025a8b000651,d13faed45939,IC1N19Ckb1fb78PDP2xlRCsampleLAgaussTDpdpISO0h025a8b000651Wd13faed45939R1,geomtraceu,6,4,complete,7135,6261,6261,-0.43,253,60,60,True,199655215906.70325,174534810969,171075318577.50998
IC1N19Ckb1fb78PDP2xlRCsampleLAgaussTDpdpISO0h025a8b000651,66a58baf9ee3,IC1N19Ckb1fb78PDP2xlRCsampleLAgaussTDpdpISO0h025a8b000651W66a58baf9ee3R1,geomtraceu,6,4,complete,7135,9829,9829,1.31,253,49,49,True,199655215906.70325,270062972773,266403627523.18
IC1N19Ckb1fb62PDP2xlRCsampleLAgaussTDpdpISO0hb0c0716f6e86,a4edb1cafa4a,IC1N19Ckb1fb62PDP2xlRCsampleLAgaussTDpdpISO0hb0c0716f6e86Wa4edb1cafa4aR1,geomtraceu,6,30,complete,9045,10767,10767,0.57,381,462,462,True,251972042090.1837,312233350795,299928469275.12
IC1N19Ckb1fb62PDP2xlRCsampleLAgaussTDpdpISO0hb0c0716f6e86,d13faed45939,IC1N19Ckb1fb62PDP2xlRCsampleLAgaussTDpdpISO0hb0c0716f6e86Wd13faed45939R1,geomtraceu,6,30,complete,9045,7928,7928,-0.37,381,70,70,True,251972042090.1837,217685740227,213976656778.44
IC1N19Ckb1fb62PDP2xlRCsampleLAgaussTDpdpISO0hb0c0716f6e86,66a58baf9ee3,IC1N19Ckb1fb62PDP2xlRCsampleLAgaussTDpdpISO0hb0c0716f6e86W66a58baf9ee3R1,geomtraceu,6,30,complete,9045,5983,5983,-1.01,381,275,275,True,251972042090.1837,175422857524,167688772611.24002
IC1N19Ckb1fb54PDP2xlRCsampleLAgaussTDpdpISO0he1784727f725,a4edb1cafa4a,IC1N19Ckb1fb54PDP2xlRCsampleLAgaussTDpdpISO0he1784727f725Wa4edb1cafa4aR1,geomtraceu,6,11,complete,11685,8058,8058,-0.79,466,367,367,True,326874409534.28613,234963157334,226945175802.0
IC1N19Ckb1fb54PDP2xlRCsampleLAgaussTDpdpISO0he1784727f725,d13faed45939,IC1N19Ckb1fb54PDP2xlRCsampleLAgaussTDpdpISO0he1784727f725Wd13faed45939R1,geomtraceu,6,11,complete,11685,15716,15716,0.88,466,550,550,True,326874409534.28613,449042567293,437219064000.04004
IC1N19Ckb1fb54PDP2xlRCsampleLAgaussTDpdpISO0he1784727f725,66a58baf9ee3,IC1N19Ckb1fb54PDP2xlRCsampleLAgaussTDpdpISO0he1784727f725W66a58baf9ee3R1,geomtraceu,6,11,complete,11685,6016,6016,-1.23,466,650,650,True,326874409534.28613,192574760043,179773670976.04
IC1N19Ckb1fb76PDP2xlRCsampleLAgaussTDpdpISO0ha4c5bca5a133,a4edb1cafa4a,IC1N19Ckb1fb76PDP2xlRCsampleLAgaussTDpdpISO0ha4c5bca5a133Wa4edb1cafa4aR1,kertrace,6,31,complete,7678,9392,9392,0.71,261,386,386,True,241875100286.3734,309738115190,297555805710.96
IC1N19Ckb1fb76PDP2xlRCsampleLAgaussTDpdpISO0ha4c5bca5a133,d13faed45939,IC1N19Ckb1fb76PDP2xlRCsampleLAgaussTDpdpISO0ha4c5bca5a133Wd13faed45939R1,kertrace,6,31,complete,7678,9132,9132,0.6,261,271,271,True,241875100286.3734,295233881270,286204990778.46
IC1N19Ckb1fb76PDP2xlRCsampleLAgaussTDpdpISO0ha4c5bca5a133,66a58baf9ee3,IC1N19Ckb1fb76PDP2xlRCsampleLAgaussTDpdpISO0ha4c5bca5a133W66a58baf9ee3R1,kertrace,6,31,complete,7678,8290,8290,0.25,261,188,188,True,241875100286.3734,268431258324,258206313944.96
IC1N19Ckb1fb64PDP2xlRCsampleLAgaussTDpdpISO0hcb6d9ecaca72,a4edb1cafa4a,IC1N19Ckb1fb64PDP2xlRCsampleLAgaussTDpdpISO0hcb6d9ecaca72Wa4edb1cafa4aR1,kertrace,6,30,complete,8809,8122,8122,-0.25,358,79,79,True,275494072078.0175,253894506820,246607106314.56
IC1N19Ckb1fb64PDP2xlRCsampleLAgaussTDpdpISO0hcb6d9ecaca72,d13faed45939,IC1N19Ckb1fb64PDP2xlRCsampleLAgaussTDpdpISO0hcb6d9ecaca72Wd13faed45939R1,kertrace,6,30,complete,8809,6908,6908,-0.68,358,534,534,True,275494072078.0175,238468491522,223905240560.52
IC1N19Ckb1fb64PDP2xlRCsampleLAgaussTDpdpISO0hcb6d9ecaca72,66a58baf9ee3,IC1N19Ckb1fb64PDP2xlRCsampleLAgaussTDpdpISO0hcb6d9ecaca72W66a58baf9ee3R1,kertrace,6,30,complete,8809,9882,9882,0.38,358,81,81,True,275494072078.0175,306735249064,299308934323.27997
IC1N19Ckb1fb58PDP2xlRCsampleLAgaussTDpdpISO0hd1c539dd6144,a4edb1cafa4a,IC1N19Ckb1fb58PDP2xlRCsampleLAgaussTDpdpISO0hd1c539dd6144Wa4edb1cafa4aR1,kertrace,6,37,complete,10755,8791,8791,-0.43,401,349,349,True,344143546475.16,286295565243,282170932841.7
IC1N19Ckb1fb58PDP2xlRCsampleLAgaussTDpdpISO0hd1c539dd6144,d13faed45939,IC1N19Ckb1fb58PDP2xlRCsampleLAgaussTDpdpISO0hd1c539dd6144Wd13faed45939R1,kertrace,6,37,complete,10755,13401,13401,0.58,401,347,347,True,344143546475.16,427316522248,423875790592.74
IC1N19Ckb1fb58PDP2xlRCsampleLAgaussTDpdpISO0hd1c539dd6144,66a58baf9ee3,IC1N19Ckb1fb58PDP2xlRCsampleLAgaussTDpdpISO0hd1c539dd6144W66a58baf9ee3R1,kertrace,6,37,complete,10755,19004,19004,1.8,401,403,403,True,344143546475.16,600493350658,597900918633.785
IC1N19Ckb1fb62PDP2xlRCsampleLAgaussTDpdpISO0h0b6a6c6cebbd,a4edb1cafa4a,IC1N19Ckb1fb62PDP2xlRCsampleLAgaussTDpdpISO0h0b6a6c6cebbdWa4edb1cafa4aR1,prefix,6,1,complete,30430,38284,38284,0.45,682,1141,1141,True,834307732532.1392,1078536713072,1056891693904.9999
IC1N19Ckb1fb62PDP2xlRCsampleLAgaussTDpdpISO0h0b6a6c6cebbd,d13faed45939,IC1N19Ckb1fb62PDP2xlRCsampleLAgaussTDpdpISO0h0b6a6c6cebbdWd13faed45939R1,prefix,6,1,complete,30430,18442,18442,-0.69,682,412,412,True,834307732532.1392,513790858213,506124437673.31995
IC1N19Ckb1fb62PDP2xlRCsampleLAgaussTDpdpISO0h0b6a6c6cebbd,66a58baf9ee3,IC1N19Ckb1fb62PDP2xlRCsampleLAgaussTDpdpISO0h0b6a6c6cebbdW66a58baf9ee3R1,prefix,6,1,complete,30430,21980,21980,-0.48,682,894,894,True,834307732532.1392,631004665115,613755781314.9199
IC1N19Ckb1fb66PDP2xlRCsampleLAgaussTDpdpISO0h64e3bfe79d60,a4edb1cafa4a,IC1N19Ckb1fb66PDP2xlRCsampleLAgaussTDpdpISO0h64e3bfe79d60Wa4edb1cafa4aR1,random,6,29,complete,8207,8439,8439,0.08,351,448,448,True,257203023885.73663,283003643820,267025211859.34
IC1N19Ckb1fb66PDP2xlRCsampleLAgaussTDpdpISO0h64e3bfe79d60,d13faed45939,IC1N19Ckb1fb66PDP2xlRCsampleLAgaussTDpdpISO0h64e3bfe79d60Wd13faed45939R1,random,6,29,complete,8207,9336,9336,0.4,351,141,141,True,257203023885.73663,295115601327,284666124433.14
IC1N19Ckb1fb66PDP2xlRCsampleLAgaussTDpdpISO0h64e3bfe79d60,66a58baf9ee3,IC1N19Ckb1fb66PDP2xlRCsampleLAgaussTDpdpISO0h64e3bfe79d60W66a58baf9ee3R1,random,6,29,complete,8207,11845,11845,1.28,351,225,225,True,257203023885.73663,375228892717,362196440202.4
IC1N19Ckb1fb60PDP2xlRCsampleLAgaussTDpdpISO0ha631ab2b7105,a4edb1cafa4a,IC1N19Ckb1fb60PDP2xlRCsampleLAgaussTDpdpISO0ha631ab2b7105Wa4edb1cafa4aR1,random,6,17,complete,19390,34768,34768,2.53,825,1237,1237,True,616278053641.2942,1130605969920,1096639260905.85
IC1N19Ckb1fb60PDP2xlRCsampleLAgaussTDpdpISO0ha631ab2b7105,d13faed45939,IC1N19Ckb1fb60PDP2xlRCsampleLAgaussTDpdpISO0ha631ab2b7105Wd13faed45939R1,random,6,17,complete,19390,27844,27844,1.39,825,845,845,True,616278053641.2942,897890283523,874069130508.53
IC1N19Ckb1fb60PDP2xlRCsampleLAgaussTDpdpISO0ha631ab2b7105,66a58baf9ee3,IC1N19Ckb1fb60PDP2xlRCsampleLAgaussTDpdpISO0ha631ab2b7105W66a58baf9ee3R1,random,6,17,complete,19390,24207,24207,0.79,825,974,974,True,616278053641.2942,792841179218,767347422275.37
IC1N19Ckb1fb46PDP2xlRCsampleLAgaussTDpdpISO0hf22e0769b66a,a4edb1cafa4a,IC1N19Ckb1fb46PDP2xlRCsampleLAgaussTDpdpISO0hf22e0769b66aWa4edb1cafa4aR1,random,6,28,complete,64399,139163,139163,1.23,1175,363,363,True,1986460448998.8015,4221442294403,4225499418697.7803
IC1N19Ckb1fb46PDP2xlRCsampleLAgaussTDpdpISO0hf22e0769b66a,d13faed45939,IC1N19Ckb1fb46PDP2xlRCsampleLAgaussTDpdpISO0hf22e0769b66aWd13faed45939R1,random,6,28,complete,64399,22887,22887,-0.68,1175,1655,1655,True,1986460448998.8015,773391131778,744111427172.26
IC1N19Ckb1fb46PDP2xlRCsampleLAgaussTDpdpISO0hf22e0769b66a,66a58baf9ee3,IC1N19Ckb1fb46PDP2xlRCsampleLAgaussTDpdpISO0hf22e0769b66aW66a58baf9ee3R1,random,6,28,complete,64399,63558,63558,-0.01,1175,1835,1835,True,1986460448998.8015,2007934735328,1980963344324.29
IC1N19Ckb1fb152PDP2xlRCsampleLAgaussTDpdpISO0h63941627eb1e,a4edb1cafa4a,IC1N19Ckb1fb152PDP2xlRCsampleLAgaussTDpdpISO0h63941627eb1eWa4edb1cafa4aR1,geometric,7,11,complete,8720,11260,11260,1.19,135,300,300,True,331686811345.8074,484922155409,430895117480.2
IC1N19Ckb1fb152PDP2xlRCsampleLAgaussTDpdpISO0h63941627eb1e,d13faed45939,IC1N19Ckb1fb152PDP2xlRCsampleLAgaussTDpdpISO0h63941627eb1eWd13faed45939R1,geometric,7,11,complete,8720,8376,8376,-0.16,135,102,102,True,331686811345.8074,348183702119,317837814005.56
IC1N19Ckb1fb152PDP2xlRCsampleLAgaussTDpdpISO0h63941627eb1e,66a58baf9ee3,IC1N19Ckb1fb152PDP2xlRCsampleLAgaussTDpdpISO0h63941627eb1eW66a58baf9ee3R1,geometric,7,11,complete,8720,7154,7154,-0.73,135,64,64,True,331686811345.8074,305764165651,271617112390.36002
IC1N19Ckb1fb136PDP2xlRCsampleLAgaussTDpdpISO0h9981681ce8d5,a4edb1cafa4a,IC1N19Ckb1fb136PDP2xlRCsampleLAgaussTDpdpISO0h9981681ce8d5Wa4edb1cafa4aR1,geometric,7,35,complete,9405,7924,7924,-0.63,171,259,259,True,404602691402.4957,347604397427,346578433972.01996
IC1N19Ckb1fb136PDP2xlRCsampleLAgaussTDpdpISO0h9981681ce8d5,d13faed45939,IC1N19Ckb1fb136PDP2xlRCsampleLAgaussTDpdpISO0h9981681ce8d5Wd13faed45939R1,geometric,7,35,complete,9405,11045,11045,0.7,171,212,212,True,404602691402.4957,453604709406,474632082527.57996
IC1N19Ckb1fb136PDP2xlRCsampleLAgaussTDpdpISO0h9981681ce8d5,66a58baf9ee3,IC1N19Ckb1fb136PDP2xlRCsampleLAgaussTDpdpISO0h9981681ce8d5W66a58baf9ee3R1,geometric,7,35,complete,9405,10806,10806,0.59,171,18,18,True,404602691402.4957,426782118237,456594597223.56
IC1N19Ckb1fb112PDP2xlRCsampleLAgaussTDpdpISO0h0a7d8a6f3394,a4edb1cafa4a,IC1N19Ckb1fb112PDP2xlRCsampleLAgaussTDpdpISO0h0a7d8a6f3394Wa4edb1cafa4aR1,geometric,7,34,complete,13233,9289,9289,-0.87,224,171,171,True,551723909882.3593,376592425495,388984872664.7
IC1N19Ckb1fb112PDP2xlRCsampleLAgaussTDpdpISO0h0a7d8a6f3394,d13faed45939,IC1N19Ckb1fb112PDP2xlRCsampleLAgaussTDpdpISO0h0a7d8a6f3394Wd13faed45939R1,geometric,7,34,complete,13233,29411,29411,3.56,224,241,241,True,551723909882.3593,1139147802951,1211080689477.34
IC1N19Ckb1fb112PDP2xlRCsampleLAgaussTDpdpISO0h0a7d8a6f3394,66a58baf9ee3,IC1N19Ckb1fb112PDP2xlRCsampleLAgaussTDpdpISO0h0a7d8a6f3394W66a58baf9ee3R1,geometric,7,34,complete,13233,9851,9851,-0.74,224,224,224,True,551723909882.3593,402248604394,414023943947.375
IC1N19Ckb1fb130PDP2xlRCsampleLAgaussTDpdpISO0hb34aa06f6d50,a4edb1cafa4a,IC1N19Ckb1fb130PDP2xlRCsampleLAgaussTDpdpISO0hb34aa06f6d50Wa4edb1cafa4aR1,geomtraceu,7,3,complete,4730,6040,6040,1.12,93,159,159,True,196656735574.74478,300295858937,251730521794.86002
IC1N19Ckb1fb130PDP2xlRCsampleLAgaussTDpdpISO0hb34aa06f6d50,d13faed45939,IC1N19Ckb1fb130PDP2xlRCsampleLAgaussTDpdpISO0hb34aa06f6d50Wd13faed45939R1,geomtraceu,7,3,complete,4730,7204,7204,2.11,93,47,47,True,196656735574.74478,340162544267,293846146870.14
IC1N19Ckb1fb130PDP2xlRCsampleLAgaussTDpdpISO0hb34aa06f6d50,66a58baf9ee3,IC1N19Ckb1fb130PDP2xlRCsampleLAgaussTDpdpISO0hb34aa06f6d50W66a58baf9ee3R1,geomtraceu,7,3,complete,4730,5124,5124,0.34,93,40,40,True,196656735574.74478,245922522232,210295472409.96
IC1N19Ckb1fb108PDP2xlRCsampleLAgaussTDpdpISO0h990cb5d5d404,a4edb1cafa4a,IC1N19Ckb1fb108PDP2xlRCsampleLAgaussTDpdpISO0h990cb5d5d404Wa4edb1cafa4aR1,geomtraceu,7,37,complete,5573,5723,5723,0.09,134,271,271,True,232637777518.7845,283453447319,244226740155.86
IC1N19Ckb1fb108PDP2xlRCsampleLAgaussTDpdpISO0h990cb5d5d404,d13faed45939,IC1N19Ckb1fb108PDP2xlRCsampleLAgaussTDpdpISO0h990cb5d5d404Wd13faed45939R1,geomtraceu,7,37,complete,5573,5794,5794,0.14,134,187,187,True,232637777518.7845,274514380910,243702888292.38998
IC1N19Ckb1fb108PDP2xlRCsampleLAgaussTDpdpISO0h990cb5d5d404,66a58baf9ee3,IC1N19Ckb1fb108PDP2xlRCsampleLAgaussTDpdpISO0h990cb5d5d404W66a58baf9ee3R1,geomtraceu,7,37,complete,5573,9214,9214,2.27,134,91,91,True,232637777518.7845,414683327984,377647780151.94995
IC1N19Ckb1fb138PDP2xlRCsampleLAgaussTDpdpISO0h2e843e1ec086,a4edb1cafa4a,IC1N19Ckb1fb138PDP2xlRCsampleLAgaussTDpdpISO0h2e843e1ec086Wa4edb1cafa4aR1,geomtraceu,7,9,complete,5498,4821,4821,-0.37,75,130,130,True,279722343996.92206,255491974613,248944207699.04
IC1N19Ckb1fb138PDP2xlRCsampleLAgaussTDpdpISO0h2e843e1ec086,d13faed45939,IC1N19Ckb1fb138PDP2xlRCsampleLAgaussTDpdpISO0h2e843e1ec086Wd13faed45939R1,geomtraceu,7,9,complete,5498,4531,4531,-0.52,75,40,40,True,279722343996.92206,228948791037,230139937323.84
IC1N19Ckb1fb138PDP2xlRCsampleLAgaussTDpdpISO0h2e843e1ec086,66a58baf9ee3,IC1N19Ckb1fb138PDP2xlRCsampleLAgaussTDpdpISO0h2e843e1ec086W66a58baf9ee3R1,geomtraceu,7,9,complete,5498,6105,6105,0.33,75,53,53,True,279722343996.92206,306685242149,308672508601.32
IC1N19Ckb1fb142PDP2xlRCsampleLAgaussTDpdpISO0h76cb647a55ba,a4edb1cafa4a,IC1N19Ckb1fb142PDP2xlRCsampleLAgaussTDpdpISO0h76cb647a55baWa4edb1cafa4aR1,kertrace,7,22,complete,4541,3579,3579,-0.83,78,33,33,True,332890147089.8897,283063621453,261209472732.58002
IC1N19Ckb1fb142PDP2xlRCsampleLAgaussTDpdpISO0h76cb647a55ba,d13faed45939,IC1N19Ckb1fb142PDP2xlRCsampleLAgaussTDpdpISO0h76cb647a55baWd13faed45939R1,kertrace,7,22,complete,4541,5058,5058,0.45,78,63,63,True,332890147089.8897,400968379458,368646919681.765
IC1N19Ckb1fb142PDP2xlRCsampleLAgaussTDpdpISO0h76cb647a55ba,66a58baf9ee3,IC1N19Ckb1fb142PDP2xlRCsampleLAgaussTDpdpISO0h76cb647a55baW66a58baf9ee3R1,kertrace,7,22,complete,4541,3682,3682,-0.74,78,77,77,True,332890147089.8897,301324371866,271675546093.43503
IC1N19Ckb1fb138PDP2xlRCsampleLAgaussTDpdpISO0h0ea4b887b395,a4edb1cafa4a,IC1N19Ckb1fb138PDP2xlRCsampleLAgaussTDpdpISO0h0ea4b887b395Wa4edb1cafa4aR1,kertrace,7,21,complete,4598,4565,4565,-0.03,83,122,122,True,388356349160.9965,375367794894,388857560119.83997
IC1N19Ckb1fb138PDP2xlRCsampleLAgaussTDpdpISO0h0ea4b887b395,d13faed45939,IC1N19Ckb1fb138PDP2xlRCsampleLAgaussTDpdpISO0h0ea4b887b395Wd13faed45939R1,kertrace,7,21,complete,4598,4042,4042,-0.48,83,45,45,True,388356349160.9965,307564249875,339573398527.83997
IC1N19Ckb1fb138PDP2xlRCsampleLAgaussTDpdpISO0h0ea4b887b395,66a58baf9ee3,IC1N19Ckb1fb138PDP2xlRCsampleLAgaussTDpdpISO0h0ea4b887b395W66a58baf9ee3R1,kertrace,7,21,complete,4598,3010,3010,-1.37,83,179,179,True,388356349160.9965,263045362128,265811436678.47998
IC1N19Ckb1fb124PDP2xlRCsampleLAgaussTDpdpISO0h818dfcb8a4c3,a4edb1cafa4a,IC1N19Ckb1fb124PDP2xlRCsampleLAgaussTDpdpISO0h818dfcb8a4c3Wa4edb1cafa4aR1,kertrace,7,15,complete,6638,12189,12189,2.37,86,77,77,True,538107192975.7228,960826163317,978913416842.66
IC1N19Ckb1fb124PDP2xlRCsampleLAgaussTDpdpISO0h818dfcb8a4c3,d13faed45939,IC1N19Ckb1fb124PDP2xlRCsampleLAgaussTDpdpISO0h818dfcb8a4c3Wd13faed45939R1,kertrace,7,15,complete,6638,8034,8034,0.6,86,26,26,True,538107192975.7228,629211801415,644367253583.6001
IC1N19Ckb1fb124PDP2xlRCsampleLAgaussTDpdpISO0h818dfcb8a4c3,66a58baf9ee3,IC1N19Ckb1fb124PDP2xlRCsampleLAgaussTDpdpISO0h818dfcb8a4c3W66a58baf9ee3R1,kertrace,7,15,complete,6638,4502,4502,-0.91,86,57,57,True,538107192975.7228,365730076733,365896945079.09
IC1N19Ckb1fb136PDP2xlRCsampleLAgaussTDpdpISO0h249c2b4b8d9c,a4edb1cafa4a,IC1N19Ckb1fb136PDP2xlRCsampleLAgaussTDpdpISO0h249c2b4b8d9cWa4edb1cafa4aR1,prefix,7,1,complete,10301,8655,8655,-0.52,160,175,175,True,387840733158.5799,358204248005,328008762956.95
IC1N19Ckb1fb136PDP2xlRCsampleLAgaussTDpdpISO0h249c2b4b8d9c,d13faed45939,IC1N19Ckb1fb136PDP2xlRCsampleLAgaussTDpdpISO0h249c2b4b8d9cWd13faed45939R1,prefix,7,1,complete,10301,7058,7058,-1.03,160,161,161,True,387840733158.5799,295188974728,268905049562.63498
IC1N19Ckb1fb136PDP2xlRCsampleLAgaussTDpdpISO0h249c2b4b8d9c,66a58baf9ee3,IC1N19Ckb1fb136PDP2xlRCsampleLAgaussTDpdpISO0h249c2b4b8d9cW66a58baf9ee3R1,prefix,7,1,complete,10301,9218,9218,-0.34,160,147,147,True,387840733158.5799,380269580214,347636625567.725
IC1N19Ckb1fb116PDP2xlRCsampleLAgaussTDpdpISO0h8b98a8b480fb,a4edb1cafa4a,IC1N19Ckb1fb116PDP2xlRCsampleLAgaussTDpdpISO0h8b98a8b480fbWa4edb1cafa4aR1,random,7,47,complete,5325,3325,3325,-1.31,117,139,139,True,390472177458.473,265631297739,249646001002.43997
IC1N19Ckb1fb116PDP2xlRCsampleLAgaussTDpdpISO0h8b98a8b480fb,d13faed45939,IC1N19Ckb1fb116PDP2xlRCsampleLAgaussTDpdpISO0h8b98a8b480fbWd13faed45939R1,random,7,47,complete,5325,4301,4301,-0.67,117,174,174,True,390472177458.473,337541743904,321632111631.0
IC1N19Ckb1fb116PDP2xlRCsampleLAgaussTDpdpISO0h8b98a8b480fb,66a58baf9ee3,IC1N19Ckb1fb116PDP2xlRCsampleLAgaussTDpdpISO0h8b98a8b480fbW66a58baf9ee3R1,random,7,47,complete,5325,9551,9551,2.77,117,291,291,True,390472177458.473,724474118766,703777963009.32
IC1N19Ckb1fb124PDP2xlRCsampleLAgaussTDpdpISO0h33bfd876a487,a4edb1cafa4a,IC1N19Ckb1fb124PDP2xlRCsampleLAgaussTDpdpISO0h33bfd876a487Wa4edb1cafa4aR1,random,7,8,complete,10959,9319,9319,-0.51,201,93,93,True,794271049862.9501,709465239429,670651666110.1
IC1N19Ckb1fb124PDP2xlRCsampleLAgaussTDpdpISO0h33bfd876a487,d13faed45939,IC1N19Ckb1fb124PDP2xlRCsampleLAgaussTDpdpISO0h33bfd876a487Wd13faed45939R1,random,7,8,complete,10959,12577,12577,0.5,201,281,281,True,794271049862.9501,978443941160,914263607679.1499
IC1N19Ckb1fb124PDP2xlRCsampleLAgaussTDpdpISO0h33bfd876a487,66a58baf9ee3,IC1N19Ckb1fb124PDP2xlRCsampleLAgaussTDpdpISO0h33bfd876a487W66a58baf9ee3R1,random,7,8,complete,10959,9115,9115,-0.57,201,233,233,True,794271049862.9501,719110331142,666127242354.9
IC1N19Ckb1fb118PDP2xlRCsampleLAgaussTDpdpISO0hdbd2249cf263,a4edb1cafa4a,IC1N19Ckb1fb118PDP2xlRCsampleLAgaussTDpdpISO0hdbd2249cf263Wa4edb1cafa4aR1,random,7,41,complete,12403,17002,17002,1.12,208,187,187,True,1043828563746.4454,1314392419714,1421186168557.3699
IC1N19Ckb1fb118PDP2xlRCsampleLAgaussTDpdpISO0hdbd2249cf263,d13faed45939,IC1N19Ckb1fb118PDP2xlRCsampleLAgaussTDpdpISO0hdbd2249cf263Wd13faed45939R1,random,7,41,complete,12403,11501,11501,-0.22,208,241,241,True,1043828563746.4454,915190256463,972214795079.86
IC1N19Ckb1fb118PDP2xlRCsampleLAgaussTDpdpISO0hdbd2249cf263,66a58baf9ee3,IC1N19Ckb1fb118PDP2xlRCsampleLAgaussTDpdpISO0hdbd2249cf263W66a58baf9ee3R1,random,7,41,complete,12403,22162,22162,2.37,208,164,164,True,1043828563746.4454,1698892757566,1844605655532.58
