group,orbit,curve_id,b,basis,m,l,seed,status,verified,cpu,vars,monomials,max_deg,first_zero_deg,degree_profile,max_rows,max_cols,pairs_reduced,zero_reductions,basis_size
random,,r34,0x27183f6ce33848dde3948dcd3e643d623,qroot,3,4,1,solved,True,0.09150699999999999,12,1043,6,4,6-3-4-2-3-2-3-4-5-6,4870,4805,726,460,17
descendant,0,d35,0x346ea84d1619dcf1d9f0728023cea89de,qroot,3,4,1,solved,True,0.09496999999999998,12,1043,6,4,6-3-4-2-3-2-3-4-5-6,4161,4097,709,445,17
random,,r15,0x428b16566f49d70583495040a60feeb8b,qroot,3,5,1,solved,True,28.713781,15,3436,6,6,6-6-6-6-6-2-3-4-5-6,31386,31171,29348,21852,20
descendant,0,d173,0x6c47616f1280f94adc981b2965d460068,qroot,3,5,1,solved,True,28.63854,15,3436,6,6,6-6-6-6-6-2-3-4-5-6,31395,31176,29345,21854,20
descendant,1,d83,0x62b4a3a40650f0529e2400d3eece5659a,qroot,3,5,1,solved,True,28.729548,15,3436,6,6,6-6-6-6-6-2-3-4-5-6,31403,31181,29360,21864,20
descendant,1,d72,0x4d3b1d9ee79e96a369d10edd1823f9f05,qroot,3,4,1,solved,True,0.07905899999999733,12,1043,6,4,6-4-2-3-2-3-4-5-6,4152,4088,679,420,17
descendant,1,d213,0x15a18d2e9ecf8109f0f06bc557f80398f,qroot,3,5,1,solved,True,28.622228,15,3436,6,6,6-6-6-6-6-2-3-4-5-6,31408,31189,29360,21859,20
random,,r33,0x4abaedb2c606a04f40b4a938c050fd5ee,qroot,3,4,1,solved,True,0.09880500000000225,12,1043,6,4,6-4-2-3-2-3-4-5-6,4219,4154,690,430,17
descendant,0,d63,0x497ecc75314c41f72cd92399ce7c421ed,qroot,3,4,1,solved,True,0.08758100000000013,12,1043,6,4,6-4-2-3-2-3-4-5-6,4077,4013,684,425,17
random,,r27,0x4d9d1a3a0f43e414dce5cedbb4223bfe,qroot,3,4,1,solved,True,0.09501000000000204,12,1043,6,3,6-3-3-3-3-4-2-3-4-5-6,3772,3706,1320,967,17
descendant,0,d142,0x34c30acadb5f75eef45c8fba19984a310,qroot,3,4,1,solved,True,0.09163599999999761,12,1043,6,4,6-3-4-2-3-2-3-4-5-6,4776,4712,818,524,17
descendant,1,d120,0x2f9433432d037272266e032fffaaf89aa,qroot,3,4,1,solved,True,0.08745400000000103,12,1043,6,4,6-3-4-2-3-2-3-4-5-6,4370,4307,712,444,17
descendant,0,d82,0x455dcf9b6baf55904fcddf7add088312b,qroot,3,5,1,solved,True,29.036514,15,3436,6,6,6-6-6-6-6-2-3-4-5-6,31402,31185,29332,21849,20
descendant,0,d90,0x1a6f6c03bac6dc9bda445ec557a88a30f,qroot,3,5,1,solved,True,28.804226,15,3436,6,6,6-6-6-6-6-2-3-4-5-6,31481,31173,29342,21844,20
descendant,1,d91,0x77a59fa1ec12e7df8655dd995dec5bef2,qroot,3,4,1,solved,True,0.09237899999999755,12,1043,6,4,6-3-4-2-3-2-3-4-5-6,4213,4149,718,454,17
descendant,1,d138,0x11e5a601d7acc53b58f3e174eaf2cc403,qroot,3,5,1,solved,True,9.321200000000005,15,3436,6,6,6-6-6-6-5-5-5-5-5-2-3-2-3-4-5-6,31904,29130,9803,5049,20
descendant,0,d257,0x28b1c177268e3c6110c268f0efdd3cece,qroot,3,5,1,solved,True,27.090417000000002,15,3436,6,6,6-6-6-6-6-2-3-4-5-6,31393,31173,29342,21847,20
random,,r2,0x490a6e586591c9fb91f8938a1e54b0b8a,qroot,3,5,1,solved,True,27.219045,15,3436,6,6,6-6-6-6-6-2-3-4-5-6,31384,31163,29349,21848,20
descendant,1,d163,0x57cf20cccd0d555c5f95c58ccda8fc4a7,qroot,3,5,1,solved,True,27.284504,15,3436,6,6,6-6-6-6-6-2-3-4-5-6,31410,31194,29348,21858,20
descendant,1,d253,0x5145b780bee05e43a87a5392935996539,qroot,3,5,1,solved,True,27.343385999999995,15,3436,6,6,6-6-6-6-6-2-3-4-5-6,31401,31182,29355,21855,20
random,,r37,0x4ce67bee4ade9092fcb54c378868d6f66,qroot,3,4,1,solved,True,0.09851899999999603,12,1043,6,4,6-3-4-2-3-2-3-4-5-6,4999,4933,724,456,17
random,,r7,0x5735ec1b3e70ba8eb2af62099b904552a,qroot,3,5,1,solved,True,27.871342000000002,15,3436,6,6,6-6-6-6-6-2-3-4-5-6,31564,31165,29437,21913,20
random,,r14,0x4fd5edbf8fc086ce28aa87a3ec776f49e,qroot,3,4,1,solved,True,0.0841609999999946,12,1043,6,4,6-3-4-2-3-2-3-4-5-6,4636,4571,699,434,17
descendant,0,d234,0x25d7f81aeee3dbbbba7e1a86fe7b1cb46,qroot,3,4,1,solved,True,0.09332300000000515,12,1043,6,4,6-3-4-2-3-2-3-4-5-6,4269,4205,716,449,17
descendant,1,d17,0x5af8670acd2af76dce9608b01311d81af,qroot,3,4,1,solved,True,0.10328499999999963,12,1043,6,4,6-3-4-2-3-2-3-4-5-6,5209,5144,720,454,17
descendant,1,d157,0x2a281bc876e2581b088fa834d83f0118a,qroot,3,4,1,solved,True,0.09495400000000132,12,1043,6,4,6-3-4-2-3-2-3-4-5-6,4452,4386,715,449,17
descendant,1,d140,0x7ab8ae4276ab4d0bd26cd9c54ce5c228a,qroot,3,5,1,solved,True,28.683633999999998,15,3436,6,6,6-6-6-6-6-2-3-4-5-6,31408,31190,29344,21848,20
random,,r10,0x3c4dd28efe34d6468bb457da9023f13ef,qroot,3,4,1,solved,True,0.08111499999999694,12,1043,6,4,6-3-4-2-3-2-3-4-5-6,5169,5103,710,445,17
descendant,1,d198,0x5688660fa87d686a97e803aa88524ab9b,qroot,3,4,1,solved,True,0.08861700000001349,12,1043,6,4,6-4-2-3-2-3-4-5-6,4365,4301,688,429,17
descendant,0,d250,0x8178f927f73e8a15ddf180e79fe764c9,qroot,3,5,1,solved,True,28.84868199999999,15,3436,6,6,6-6-6-6-5-6-2-3-4-5-6,32450,32106,29393,21893,20
random,,r30,0x180d79ef8ffbb8c736b044cd1f23e5147,qroot,3,4,1,solved,True,0.08114600000000394,12,1043,6,4,6-4-2-3-2-3-4-5-6,4340,4274,691,431,17
descendant,0,d63,0x497ecc75314c41f72cd92399ce7c421ed,qroot,3,5,1,solved,True,28.91477599999999,15,3436,6,6,6-6-6-6-6-2-3-4-5-6,31399,31180,29356,21861,20
descendant,0,d255,0x7438ead7f6b216d711dd286006c31aa3e,qroot,3,5,1,solved,True,28.943539,15,3436,6,6,6-6-6-6-6-2-3-4-5-6,31403,31186,29361,21862,20
descendant,1,d5,0x76315ddd75f560eb451bd6a21a52afe3a,qroot,3,5,1,solved,True,28.658428000000015,15,3436,6,6,6-6-6-6-6-2-3-4-5-6,31403,31192,29344,21847,20
random,,r22,0x1c109605f1137a32b7e925fa3d122d73e,qroot,3,4,1,solved,True,0.09058899999999426,12,1043,6,4,6-3-4-2-3-2-3-4-5-6,5068,5005,732,466,17
descendant,1,d76,0x7fb7abef5d088e70bff2b2264ca09f8cc,qroot,3,5,1,solved,True,28.597176000000005,15,3436,6,6,6-6-6-6-6-2-3-4-5-6,31389,31174,29352,21846,20
descendant,0,d25,0x67cc5b712def5cd3ed463983f4bbfd1fc,qroot,3,4,1,solved,True,0.08084299999998734,12,1043,6,4,6-3-4-2-3-2-3-4-5-6,5018,4953,721,453,17
descendant,1,d136,0x824921094879bc269f3074668ba97b8f,qroot,3,4,1,solved,True,0.08718300000001022,12,1043,6,4,6-4-2-3-2-3-4-5-6,4566,4500,693,433,17
descendant,1,d139,0x3f3a3c2426b89e5f111720f26746debb6,qroot,3,5,1,solved,True,28.382401999999985,15,3436,6,6,6-6-6-6-6-2-3-4-5-6,31424,31200,29357,21869,20
descendant,1,d115,0x1d26fc45a9f09b8d2f83e069e8549267f,qroot,3,5,1,solved,True,28.161806,15,3436,6,6,6-6-6-6-6-2-3-4-5-6,31418,31202,29363,21866,20
descendant,1,d163,0x57cf20cccd0d555c5f95c58ccda8fc4a7,qroot,3,4,1,solved,True,0.09333099999999206,12,1043,6,4,6-4-2-3-2-3-4-5-6,4061,3998,677,419,17
descendant,1,d104,0x4df77d1a97b20dfb21192482f1cd7bd6d,qroot,3,5,1,solved,True,28.804303000000004,15,3436,6,6,6-6-6-6-6-2-3-4-5-6,31406,31190,29363,21861,20
descendant,0,d226,0x784c5a04e4248b2f69d9fbad9c33498a8,qroot,3,4,1,solved,True,0.09182400000001678,12,1043,6,4,6-3-4-2-3-2-3-4-5-6,4132,4067,714,445,17
descendant,0,d156,0x5d1252c137c628984d489db9419b53db9,qroot,3,4,1,solved,True,0.10107299999999952,12,1043,6,4,6-3-4-2-3-2-3-4-5-6,5060,4996,780,499,17
descendant,0,d45,0x40bb9e1577a5e671bfd24982cff49b933,qroot,3,4,1,solved,True,0.08627499999998633,12,1043,6,4,6-3-4-2-3-2-3-4-5-6,4176,4111,717,450,17
descendant,1,d85,0x521634e1195c62fbebdbbc62e7e3de8df,qroot,3,5,1,solved,True,29.075057,15,3436,6,6,6-6-6-6-5-6-2-3-4-5-6,32587,32254,29403,21901,20
descendant,1,d44,0x17712105a1a917330c2e36631b0bf2477,qroot,3,4,1,solved,True,0.09991000000000838,12,1043,6,4,6-3-4-2-3-2-3-4-5-6,5161,5097,733,464,17
descendant,0,d162,0x3094ecfe37acc53953a51556d0b08b87a,qroot,3,5,1,solved,True,28.889945999999995,15,3436,6,6,6-6-6-6-5-6-2-3-4-5-6,32661,32325,29415,21905,20
random,,r7,0x5735ec1b3e70ba8eb2af62099b904552a,qroot,3,4,1,solved,True,0.08049700000000826,12,1043,6,4,6-3-4-2-3-2-3-4-5-6,4471,4406,793,504,17
descendant,0,d244,0x359360a49691c8a9c4c16a28eccc13dda,qroot,3,4,1,solved,True,0.09306200000000331,12,1043,6,4,6-3-4-2-3-2-3-4-5-6,4014,3949,715,449,17
descendant,1,d223,0x7f59881f65b46784928483fc532a92ca2,qroot,3,4,1,solved,True,0.08436899999999525,12,1043,6,4,6-3-4-2-3-2-3-4-5-6,3969,3905,706,440,17
descendant,1,d212,0x7bb07582e4bc549f5d1ef63096b31b622,qroot,3,4,1,solved,True,0.08398199999999179,12,1043,6,4,6-3-4-2-3-2-3-4-5-6,4278,4212,717,449,17
descendant,1,d89,0x367d8673783c2f4673a447a4ed5269516,qroot,3,4,1,solved,True,0.09844700000000728,12,1043,6,4,6-3-4-2-3-2-3-4-5-6,5036,4970,814,524,17
descendant,0,d137,0xa9a6abd86871900d7522445f88eb3041,qroot,3,4,1,solved,True,0.0890240000000091,12,1043,6,4,6-3-4-2-3-2-3-4-5-6,5057,4994,796,512,17
descendant,0,d3,0x2970943988085c950a464102342c27420,qroot,3,4,1,solved,True,0.09473599999999749,12,1043,6,4,6-3-4-2-3-2-3-4-5-6,4875,4812,786,499,17
descendant,1,d138,0x11e5a601d7acc53b58f3e174eaf2cc403,qroot,3,4,1,solved,True,0.09812499999999602,12,1043,6,4,6-3-4-2-3-2-3-4-5-6,4803,4737,716,449,17
descendant,0,d167,0xd6388e419fb08df478217c6472aa9a03,qroot,3,5,1,solved,True,28.495001000000002,15,3436,6,6,6-6-6-6-6-2-3-4-5-6,31397,31179,29378,21876,20
descendant,1,d240,0x5438ba06e14c74e998373466a491bf47b,qroot,3,4,1,solved,True,0.08768999999999494,12,1043,6,4,6-3-4-2-3-2-3-4-5-6,4828,4763,720,450,17
descendant,1,d169,0x481775947d9b40c5b2c73300165906ba1,qroot,3,4,1,solved,True,0.08572799999998892,12,1043,6,4,6-4-2-3-2-3-4-5-6,4312,4248,694,435,17
descendant,1,d218,0x52455e82f4810c9381cc3e182bb9590cb,qroot,3,5,1,solved,True,9.861608000000004,15,3436,6,6,6-6-6-6-5-5-5-5-5-2-3-2-3-4-5-6,31864,29102,9781,5036,20
descendant,0,d217,0x4a61b1d6894bdf065f2e8452518ba7929,qroot,3,4,1,solved,True,0.09295400000000598,12,1043,6,4,6-3-4-2-3-2-3-4-5-6,4311,4245,715,445,17
descendant,1,d184,0x2a50cae17267e4772e3b0132877996912,qroot,3,5,1,solved,True,28.654300000000006,15,3436,6,6,6-6-6-6-6-2-3-4-5-6,31408,31187,29364,21869,20
descendant,0,d69,0x49d06671fce2974f3f7c4b57ac263a037,qroot,3,5,1,solved,True,27.553511999999998,15,3436,6,6,6-6-6-6-6-2-3-4-5-6,31403,31177,29346,21854,20
descendant,0,d1,0x53b2a15d2d4705b05b37fc29b03e5b64d,qroot,3,5,1,solved,True,27.650947000000002,15,3436,6,6,6-6-6-6-6-2-3-4-5-6,31403,31184,29348,21851,20
descendant,1,d237,0x4e96d24e294b11bdfd4dff9e1fd7635c3,qroot,3,4,1,solved,True,0.0797759999999812,12,1043,6,4,6-3-4-2-3-2-3-4-5-6,4499,4433,792,505,17
descendant,0,d53,0x3aad5ebb6187af0a2c53cbc9010d36552,qroot,3,4,1,solved,True,0.0848789999999724,12,1043,6,4,6-3-4-2-3-2-3-4-5-6,4338,4274,704,437,17
descendant,0,d179,0x6de1658849e91ec7771f95239aa975018,qroot,3,5,1,solved,True,27.49052599999999,15,3436,6,6,6-6-6-6-6-2-3-4-5-6,31411,31192,29340,21853,20
random,,r39,0x17f6c1f4e6a18e32e97b46fcc519c19ca,qroot,3,4,1,solved,True,0.08819700000000807,12,1043,6,4,6-3-4-2-3-2-3-4-5-6,4108,4044,709,442,17
descendant,1,d253,0x5145b780bee05e43a87a5392935996539,qroot,3,4,1,solved,True,0.08072200000000862,12,1043,6,4,6-3-4-2-3-2-3-4-5-6,4888,4823,776,494,17
descendant,1,d210,0x4629681bbd7f5f6d22f01b3d433bb361,qroot,3,5,1,solved,True,27.706159,15,3436,6,6,6-6-6-6-5-6-2-3-4-5-6,32178,31839,29433,21919,20
random,,r36,0x79a58d762514600707aabe58bb3c067e7,qroot,3,5,1,solved,True,27.28667199999998,15,3436,6,6,6-6-6-6-6-2-3-4-5-6,31406,31189,29353,21854,20
descendant,1,d73,0x6c207545189a4d6a1a9a36f6ef83e6e40,qroot,3,4,1,solved,True,0.08555400000003033,12,1043,6,4,6-3-4-2-3-2-3-4-5-6,4408,4343,713,447,17
descendant,1,d195,0x4c19c43afe8b10ad1c4b9aa0c35f8fcc3,qroot,3,4,1,solved,True,0.07905499999998256,12,1043,6,4,6-3-4-2-3-2-3-4-5-6,4476,4412,789,504,17
descendant,1,d101,0x7defc95597964352e85e6d26547e563f,qroot,3,5,1,solved,True,27.213620000000006,15,3436,6,6,6-6-6-6-6-2-3-4-5-6,31419,31201,29355,21851,20
descendant,1,d117,0xc3fba0ce2cceeb15eac58c76061f5329,qroot,3,4,1,solved,True,0.08383899999998334,12,1043,6,4,6-3-4-2-3-2-3-4-5-6,4380,4314,709,442,17
descendant,1,d89,0x367d8673783c2f4673a447a4ed5269516,qroot,3,5,1,solved,True,8.53716700000001,15,3436,6,6,6-6-6-6-5-5-5-2-3-2-3-4-5-6,31659,28925,9010,4640,20
descendant,1,d254,0x6737d2ee8492e7c8b943a0e1a26e6a046,qroot,3,4,1,solved,True,0.08764999999999645,12,1043,6,4,6-3-4-2-3-2-3-4-5-6,4387,4321,799,511,17
descendant,0,d175,0x692a771f8f3fa6b2d0fa10aa1f61f4334,qroot,3,4,1,solved,True,0.08165700000000697,12,1043,6,3,6-3-3-4-2-2-3-2-3-4-5-6,4815,4750,765,484,17
descendant,0,d130,0x473b886587d259f1598c51e253c2395b3,qroot,3,4,1,solved,True,0.09752599999998779,12,1043,6,4,6-3-4-2-3-2-3-4-5-6,5057,4994,710,448,17
descendant,0,d42,0x1729343319b55ebc3b3a82b1dc095d5b,qroot,3,5,1,solved,True,8.29244,15,3436,6,6,6-6-6-6-5-5-5-2-3-2-3-4-5-6,31286,28558,8987,4612,20
descendant,0,d177,0x7c141cdbe2d6a4df286f268ecc455da3e,qroot,3,4,1,solved,True,0.09315699999999083,12,1043,6,4,6-3-4-2-3-2-3-4-5-6,4168,4104,743,465,17
descendant,1,d240,0x5438ba06e14c74e998373466a491bf47b,qroot,3,5,1,solved,True,27.459874000000013,15,3436,6,6,6-6-6-6-6-2-3-4-5-6,31421,31199,29354,21855,20
descendant,0,d165,0x64fcdc81cc55310cd05c6a8d83db3faae,qroot,3,4,1,solved,True,0.09198200000000156,12,1043,6,4,6-3-4-2-3-2-3-4-5-6,4591,4526,788,504,17
descendant,1,d34,0x4ccd3eb998bd563dec81902c927ba27b1,qroot,3,5,1,solved,True,27.358723000000026,15,3436,6,6,6-6-6-6-6-2-3-4-5-6,31398,31179,29344,21858,20
random,,r17,0x32b640c1bba37107df49617b5077ca29b,qroot,3,5,1,solved,True,27.253251000000006,15,3436,6,6,6-6-6-6-6-2-3-4-5-6,31406,31192,29357,21854,20
descendant,1,d147,0x3248ef31f25d6830126239dd3fd7c593a,qroot,3,4,1,solved,True,0.0811909999999898,12,1043,6,4,6-3-4-2-3-2-3-4-5-6,4059,3995,714,447,17
descendant,1,d153,0x346ba0b68f99e5ec6b9dafa57f0d311ba,qroot,3,4,1,solved,True,0.07846800000001508,12,1043,6,4,6-3-4-2-3-2-3-4-5-6,4207,4142,718,450,17
descendant,0,d55,0x1563f9161eef2c9011a70c492782a707b,qroot,3,4,1,solved,True,0.08153299999997898,12,1043,6,4,6-3-4-2-3-2-3-4-5-6,4685,4621,717,451,17
descendant,1,d29,0x240891e374d1dfe93cc8455e3433948c0,qroot,3,5,1,solved,True,27.209422000000018,15,3436,6,6,6-6-6-6-6-2-3-4-5-6,31384,31168,29354,21853,20
random,,r3,0x12bffc766b5be2c3419af41fff7255cda,qroot,3,5,1,solved,True,27.52138099999999,15,3436,6,6,6-6-6-6-6-2-3-4-5-6,31405,31190,29347,21854,20
descendant,0,d235,0x48720f769953b071364d6cf5ee51d79d1,qroot,3,4,1,solved,True,0.08488900000000399,12,1043,6,4,6-3-4-2-3-2-3-4-5-6,5275,5209,715,449,17
descendant,0,d152,0x208a2d7942206e50ac164b06555e88aa0,qroot,3,4,1,solved,True,0.08109400000000733,12,1043,6,4,6-4-2-3-2-3-4-5-6,4347,4281,688,427,17
descendant,0,d74,0x2cf415e1766477ef5e5333ed06afc98d6,qroot,3,5,1,solved,True,27.675876000000017,15,3436,6,6,6-6-6-6-6-2-3-4-5-6,31384,31167,29345,21848,20
descendant,0,d74,0x2cf415e1766477ef5e5333ed06afc98d6,qroot,3,4,1,solved,True,0.07840100000001371,12,1043,6,4,6-4-2-3-2-3-4-5-6,4309,4244,697,437,17
descendant,1,d236,0x9581dc3d7b73f42601641f2d5d75927d,qroot,3,5,1,solved,True,27.683919000000003,15,3436,6,6,6-6-6-6-6-2-3-4-5-6,31413,31196,29388,21877,20
descendant,0,d181,0x67a9cb278d47eca3db9edf1d62c3ea42a,qroot,3,5,1,solved,True,28.049453,15,3436,6,6,6-6-6-6-6-2-3-4-5-6,31415,31190,29358,21861,20
descendant,0,d55,0x1563f9161eef2c9011a70c492782a707b,qroot,3,5,1,solved,True,27.501216999999997,15,3436,6,6,6-6-6-6-6-2-3-4-5-6,31396,31176,29343,21850,20
descendant,0,d49,0x73e8cc09e3496e8ad78bb3b46c1751126,qroot,3,4,1,solved,True,0.08877200000003427,12,1043,6,4,6-3-4-2-3-2-3-4-5-6,5101,5037,816,521,17
random,,r23,0x364aa93cd8344b4826835c30eea11ef03,qroot,3,5,1,solved,True,8.153230999999977,15,3436,6,6,6-6-6-6-5-5-5-5-4-4-2-3-2-3-4-5-6,32257,29553,8642,4331,20
descendant,1,d103,0x7daf41c59cc347af322f3eeb07d3de9ea,qroot,3,5,1,solved,True,27.481543000000016,15,3436,6,6,6-6-6-6-6-2-3-4-5-6,31405,31192,29358,21856,20
random,,r22,0x1c109605f1137a32b7e925fa3d122d73e,qroot,3,5,1,solved,True,27.64274499999999,15,3436,6,6,6-6-6-6-6-2-3-4-5-6,31410,31187,29343,21848,20
random,,r1,0x663f611ae0458018c496d4a4d64951786,qroot,3,4,1,solved,True,0.0827510000000018,12,1043,6,4,6-3-4-2-3-2-3-4-5-6,4483,4417,716,447,17
descendant,0,d260,0x42574b08f9dc08ecd2e13d8090ad12b21,qroot,3,4,1,solved,True,0.08078800000001252,12,1043,6,4,6-4-2-3-2-3-4-5-6,4121,4056,686,426,17
descendant,1,d48,0x469178f28f291f06dae284c0c8e07033b,qroot,3,5,1,solved,True,9.46383099999997,15,3436,6,6,6-6-6-6-5-5-5-5-5-2-3-2-3-4-5-6,31258,28486,9782,5029,20
random,,r23,0x364aa93cd8344b4826835c30eea11ef03,qroot,3,4,1,solved,True,0.08462000000000103,12,1043,6,4,6-4-2-3-2-3-4-5-6,4088,4024,688,429,17
descendant,1,d159,0x7734d104e2ae353b2a9a15cc93e4e26e2,qroot,3,5,1,solved,True,27.420511000000005,15,3436,6,6,6-6-6-6-6-2-3-4-5-6,31412,31197,29361,21859,20
descendant,0,d179,0x6de1658849e91ec7771f95239aa975018,qroot,3,4,1,solved,True,0.07950399999998581,12,1043,6,4,6-3-4-2-3-2-3-4-5-6,5123,5058,720,452,17
descendant,1,d58,0x5229515737573a5546f22f68949d2651d,qroot,3,4,1,solved,True,0.07911599999999908,12,1043,6,4,6-4-2-3-2-3-4-5-6,4436,4369,689,428,17
random,,r30,0x180d79ef8ffbb8c736b044cd1f23e5147,qroot,3,5,1,solved,True,27.30555499999997,15,3436,6,6,6-6-6-6-6-2-3-4-5-6,31412,31198,29364,21856,20
descendant,1,d131,0x5aec3bd9f85ce0f5ba815deed00bd4299,qroot,3,4,1,solved,True,0.08273600000001124,12,1043,6,4,6-3-4-2-3-2-3-4-5-6,4103,4038,730,458,17
descendant,0,d258,0x370c6fa8b5d187828b6e9524b4ddd2bf,qroot,3,5,1,solved,True,27.68539199999998,15,3436,6,6,6-6-6-6-6-2-3-4-5-6,31388,31175,29354,21857,20
descendant,1,d254,0x6737d2ee8492e7c8b943a0e1a26e6a046,qroot,3,5,1,solved,True,27.533506999999986,15,3436,6,6,6-6-6-6-6-2-3-4-5-6,31407,31182,29344,21852,20
descendant,1,d28,0xb4952f009fc0edd12dbd419804e5f43d,qroot,3,5,1,solved,True,27.97768800000003,15,3436,6,6,6-6-6-6-6-2-3-4-5-6,31406,31190,29355,21853,20
descendant,1,d96,0x2269b6d64e03765c0739b92bdbd1228ca,qroot,3,5,1,solved,True,28.013033000000007,15,3436,6,6,6-6-6-6-6-2-3-4-5-6,31392,31171,29368,21866,20
descendant,1,d29,0x240891e374d1dfe93cc8455e3433948c0,qroot,3,4,1,solved,True,0.08908000000002403,12,1043,6,4,6-3-4-2-3-2-3-4-5-6,4422,4358,715,452,17
descendant,1,d151,0x3273222f340ba0d98c96a57fafdd64b08,qroot,3,5,1,solved,True,27.744369000000006,15,3436,6,6,6-6-6-6-6-2-3-4-5-6,31403,31186,29345,21851,20
descendant,1,d5,0x76315ddd75f560eb451bd6a21a52afe3a,qroot,3,4,1,solved,True,0.08566100000001597,12,1043,6,4,6-3-4-2-3-2-3-4-5-6,4241,4176,792,504,17
descendant,1,d158,0x6f514cabfdbec0ee57f5dcc4987dc83f0,qroot,3,4,1,solved,True,0.07787899999999581,12,1043,6,4,6-3-4-2-3-2-3-4-5-6,4017,3953,724,457,17
descendant,1,d9,0x1235e6bb63c0ae62d2ad06c66f0075dd1,qroot,3,5,1,solved,True,27.96873099999999,15,3436,6,6,6-6-6-6-6-2-3-4-5-6,31411,31194,29356,21857,20
descendant,1,d225,0x641725bc746169a468daa4939c4cadd22,qroot,3,5,1,solved,True,27.444255999999996,15,3436,6,6,6-6-6-6-6-2-3-4-5-6,31397,31176,29368,21866,20
descendant,0,d256,0xbb969cbaa0877655284db88fa983010d,qroot,3,5,1,solved,True,27.496757000000002,15,3436,6,6,6-6-6-6-6-2-3-4-5-6,31399,31182,29345,21845,20
descendant,0,d49,0x73e8cc09e3496e8ad78bb3b46c1751126,qroot,3,5,1,solved,True,28.626682999999986,15,3436,6,6,6-6-6-6-6-2-3-4-5-6,31838,31168,29554,22014,20
descendant,0,d202,0x395581209ce2b0a65125651ee71539026,qroot,3,5,1,solved,True,27.60283100000001,15,3436,6,6,6-6-6-6-6-2-3-4-5-6,31377,31161,29351,21848,20
descendant,1,d121,0x93f2dda1165f5e8aacc5756cde1d20ed,qroot,3,4,1,solved,True,0.08569399999993266,12,1043,6,4,6-4-2-3-2-3-4-5-6,4220,4155,686,426,17
descendant,1,d252,0xe43fb0fe777efe51039f44e71025f65f,qroot,3,4,1,solved,True,0.0850730000000226,12,1043,6,4,6-3-4-2-3-2-3-4-5-6,5375,5308,721,453,17
descendant,0,d247,0x247cc923f8dba9dedcc08874b53bc07f8,qroot,3,5,1,solved,True,27.656600999999995,15,3436,6,6,6-6-6-6-6-2-3-4-5-6,31417,31196,29356,21866,20
descendant,0,d211,0x1581f324b9e850f34ce478a3c6a23a449,qroot,3,4,1,solved,True,0.07881800000001249,12,1043,6,4,6-3-4-2-3-2-3-4-5-6,4120,4056,707,441,17
descendant,1,d166,0x1759e17144a253114d8383811b000df63,qroot,3,4,1,solved,True,0.07828399999999647,12,1043,6,4,6-3-4-2-3-2-3-4-5-6,4756,4691,723,457,17
descendant,1,d121,0x93f2dda1165f5e8aacc5756cde1d20ed,qroot,3,5,1,solved,True,27.336212000000017,15,3436,6,6,6-6-6-6-6-2-3-4-5-6,31397,31179,29340,21839,20
descendant,1,d227,0x2e613bc8778a0d73245609465a031c716,qroot,3,4,1,solved,True,0.08130999999997357,12,1043,6,4,6-3-4-2-3-2-3-4-5-6,5368,5301,727,460,17
descendant,0,d168,0x38e96ec5419519eb1b1b583429e4a4574,qroot,3,5,1,solved,True,27.592332,15,3436,6,6,6-6-6-6-6-2-3-4-5-6,31399,31184,29353,21862,20
descendant,0,d155,0x6a26ae33f796563d34a0d159f9b5dc012,qroot,3,5,1,solved,True,27.892428000000024,15,3436,6,6,6-6-6-6-6-2-3-4-5-6,31379,31168,29329,21833,20
random,,r15,0x428b16566f49d70583495040a60feeb8b,qroot,3,4,1,solved,True,0.07999299999994491,12,1043,6,4,6-3-4-2-3-2-3-4-5-6,4535,4471,794,507,17
descendant,1,d153,0x346ba0b68f99e5ec6b9dafa57f0d311ba,qroot,3,5,1,solved,True,27.50655800000004,15,3436,6,6,6-6-6-6-6-2-3-4-5-6,31409,31188,29363,21863,20
descendant,0,d197,0x283e0e7def2f755a62c475993b97cc610,qroot,3,4,1,solved,True,0.08449800000005325,12,1043,6,4,6-3-4-2-3-2-3-4-5-6,5041,4976,733,462,17
descendant,1,d182,0x33db101d94ca827f757e351001f0b87a6,qroot,3,4,1,solved,True,0.09365299999996068,12,1043,6,4,6-4-2-3-2-3-4-5-6,4472,4408,693,435,17
descendant,1,d192,0x3e7b386a26013c81d84cea0f890897db8,qroot,3,5,1,solved,True,8.233476000000053,15,3436,6,6,6-6-6-6-5-5-5-5-4-4-2-3-2-3-4-5-6,32402,29695,8654,4347,20
descendant,0,d261,0x184c28af14000136d0051c59203a1e0f5,qroot,3,4,1,solved,True,0.08357200000000375,12,1043,6,4,6-3-4-2-3-2-3-4-5-6,4050,3987,729,458,17
descendant,1,d170,0xae83df036e8fb794a59398cb5e86a119,qroot,3,4,1,solved,True,0.09702499999997372,12,1043,6,4,6-3-4-2-3-2-3-4-5-6,5837,5770,725,458,17
descendant,0,d168,0x38e96ec5419519eb1b1b583429e4a4574,qroot,3,4,1,solved,True,0.07792699999998831,12,1043,6,4,6-3-4-2-3-2-3-4-5-6,4157,4092,706,440,17
descendant,1,d127,0x69e71437e6d7cbd4e1fcdbc13bd0ec89,qroot,3,4,1,solved,True,0.07770299999998542,12,1043,6,4,6-3-4-2-3-2-3-4-5-6,3990,3925,707,441,17
descendant,0,d176,0x7b98285ee2943dc8682f5f529fd52c980,qroot,3,5,1,solved,True,27.750433999999984,15,3436,6,6,6-6-6-6-6-2-3-4-5-6,31410,31193,29368,21864,20
descendant,0,d257,0x28b1c177268e3c6110c268f0efdd3cece,qroot,3,4,1,solved,True,0.08749800000003916,12,1043,6,4,6-3-4-2-3-2-3-4-5-6,5116,5052,751,475,17
descendant,0,d238,0x60f7c8d9e19a06f553b0a1d1ed90b923c,qroot,3,4,1,solved,True,0.08545200000003206,12,1043,6,4,6-3-4-2-3-2-3-4-5-6,4581,4513,721,451,17
random,,r21,0x4d4c870d513017a31a0bc4f966ea8965b,qroot,3,5,1,solved,True,27.804808999999977,15,3436,6,6,6-6-6-6-6-2-3-4-5-6,31419,31199,29371,21870,20
descendant,0,d134,0x3ac6e24c614ec7d66d9b971c65619de54,qroot,3,5,1,solved,True,9.393951999999956,15,3436,6,6,6-6-6-6-5-5-5-5-5-2-3-2-3-4-5-6,31938,29169,9789,5038,20
descendant,1,d242,0x54aae193ab4ce46cc2cfbeb7a32a56e7b,qroot,3,5,1,solved,True,9.550733999999977,15,3436,6,6,6-6-6-6-5-5-5-5-5-2-3-2-3-4-5-6,31342,28572,9775,5027,20
descendant,1,d54,0x63d8c46984cdd26391c524343b47e012c,qroot,3,5,1,solved,True,28.051845000000014,15,3436,6,6,6-6-6-6-5-6-2-3-4-5-6,32541,32202,29409,21903,20
descendant,1,d39,0x3c78dedcf68e2e98f70c556392ccec84a,qroot,3,4,1,solved,True,0.08100099999995791,12,1043,6,4,6-4-2-3-2-3-4-5-6,4089,4025,679,420,17
descendant,1,d140,0x7ab8ae4276ab4d0bd26cd9c54ce5c228a,qroot,3,4,1,solved,True,0.08199899999999616,12,1043,6,4,6-3-4-2-3-2-3-4-5-6,3995,3931,722,451,17
descendant,1,d50,0xfe8b818862e2a1f881b6755c04b53b3b,qroot,3,5,1,solved,True,27.705803999999944,15,3436,6,6,6-6-6-6-6-2-3-4-5-6,31406,31186,29368,21870,20
descendant,0,d109,0x2b24f66ea95ae86e2f6bf59345edf6bd6,qroot,3,5,1,solved,True,27.890102000000013,15,3436,6,6,6-6-6-6-6-2-3-4-5-6,31402,31182,29354,21857,20
descendant,0,d207,0x55eac751209601ca8754ed4089ed7c3bf,qroot,3,4,1,solved,True,0.08751600000005055,12,1043,6,4,6-3-4-2-3-2-3-4-5-6,4267,4202,726,453,17
descendant,1,d118,0x662a65f2587d8d4e1c80dd4bcbdffdba0,qroot,3,4,1,solved,True,0.07997499999999036,12,1043,6,4,6-4-2-3-2-3-4-5-6,4277,4211,687,427,17
descendant,0,d202,0x395581209ce2b0a65125651ee71539026,qroot,3,4,1,solved,True,0.08739300000002004,12,1043,6,4,6-4-2-3-2-3-4-5-6,4050,3985,686,426,17
descendant,1,d27,0x2e670ee2b9b86c05d6a242148468dc3d6,qroot,3,4,1,solved,True,0.08362900000003037,12,1043,6,4,6-3-4-2-3-2-3-4-5-6,4981,4916,716,450,17
descendant,1,d120,0x2f9433432d037272266e032fffaaf89aa,qroot,3,5,1,solved,True,27.644560000000013,15,3436,6,6,6-6-6-6-6-2-3-4-5-6,31419,31199,29349,21854,20
descendant,0,d186,0x3dba68d2d1db144f20fe0652052ae0350,qroot,3,4,1,solved,True,0.08355600000004415,12,1043,6,4,6-3-4-2-3-2-3-4-5-6,4347,4283,729,460,17
descendant,0,d10,0x21efbc6d26559ce29fb0fb16beed8bc74,qroot,3,4,1,solved,True,0.07961699999992788,12,1043,6,4,6-4-2-3-2-3-4-5-6,4182,4118,679,420,17
descendant,1,d54,0x63d8c46984cdd26391c524343b47e012c,qroot,3,4,1,solved,True,0.07710500000007414,12,1043,6,4,6-3-4-2-3-2-3-4-5-6,4039,3974,706,440,17
descendant,0,d66,0x710351313dbb97511f377b21f0b7e015c,qroot,3,4,1,solved,True,0.0862329999999929,12,1043,6,4,6-3-4-2-3-2-3-4-5-6,4454,4390,752,471,17
descendant,0,d256,0xbb969cbaa0877655284db88fa983010d,qroot,3,4,1,solved,True,0.07684099999994487,12,1043,6,4,6-4-2-3-2-3-4-5-6,4390,4324,692,431,17
descendant,1,d221,0x1c70789724f0da89c0a636792b2d9d101,qroot,3,5,1,solved,True,9.645416000000012,15,3436,6,6,6-6-6-6-5-5-5-5-5-2-3-2-3-4-5-6,31532,28755,9791,5035,20
descendant,0,d31,0x4b1b29aee3f459f4bcd186dc352d0372b,qroot,3,4,1,solved,True,0.09567100000003848,12,1043,6,4,6-3-4-2-3-2-3-4-5-6,4236,4172,712,446,17
descendant,1,d214,0x501aa57af4679d98c4318041493aef709,qroot,3,5,1,solved,True,28.581696000000022,15,3436,6,6,6-6-6-6-6-2-3-4-5-6,31535,31164,29371,21856,20
descendant,0,d116,0x522a0dc6e5a8a3a25617a4db3848460fd,qroot,3,4,1,solved,True,0.10946199999995088,12,1043,6,4,6-3-4-2-3-2-3-4-5-6,4494,4428,715,448,17
descendant,1,d135,0x4b6f4aedf31a71f526b4308aeb2db1361,qroot,3,4,1,solved,True,0.10691300000002002,12,1043,6,4,6-3-4-2-3-2-3-4-5-6,5285,5221,725,459,17
descendant,0,d133,0x7d79e288bbf062c834da78d42e4a17ce0,qroot,3,5,1,solved,True,28.760786999999993,15,3436,6,6,6-6-6-6-6-2-3-4-5-6,31389,31170,29354,21854,20
descendant,0,d174,0x5db654363927d10d6771bbfe235a4245d,qroot,3,5,1,solved,True,29.600628999999913,15,3436,6,6,6-6-6-6-6-2-3-4-5-6,31413,31200,29362,21856,20
descendant,0,d51,0x27e09a4aefd0a32b4edd5c9d3c2207c3a,qroot,3,5,1,solved,True,29.715243999999984,15,3436,6,6,6-6-6-6-6-2-3-4-5-6,31390,31169,29356,21858,20
random,,r12,0x2a6480a010e4cbacc6be41a6273edb5a,qroot,3,4,1,solved,True,0.10786899999999378,12,1043,6,4,6-3-4-2-3-2-3-4-5-6,4432,4368,715,448,17
descendant,1,d50,0xfe8b818862e2a1f881b6755c04b53b3b,qroot,3,4,1,solved,True,0.10158899999998994,12,1043,6,4,6-3-4-2-3-2-3-4-5-6,4246,4181,716,448,17
descendant,1,d111,0x4d8262c03b2b0b4bd0e3de7f489167e1d,qroot,3,4,1,solved,True,0.1132690000000025,12,1043,6,4,6-3-4-2-3-2-3-4-5-6,4759,4692,783,496,17
descendant,0,d145,0x5c7d9e1810ff3dcb66944c37d53c3e765,qroot,3,5,1,solved,True,30.910194999999987,15,3436,6,6,6-6-6-6-6-2-3-4-5-6,31383,31165,29332,21849,20
descendant,0,d68,0x3fe369f302d9da1afecabdbe0fd5caa7a,qroot,3,5,1,solved,True,31.539117999999974,15,3436,6,6,6-6-6-6-6-2-3-4-5-6,31408,31185,29350,21860,20
descendant,1,d188,0x42bb69ba29abd1c6ec710ef684632de23,qroot,3,5,1,solved,True,10.327375000000018,15,3436,6,6,6-6-6-6-5-5-5-2-3-2-3-4-5-6,31246,28532,8979,4616,20
descendant,0,d200,0x42635959679c428526fef4c7fa45ed8d5,qroot,3,4,1,solved,True,0.08738600000003771,12,1043,6,4,6-3-4-2-3-2-3-4-5-6,4583,4518,719,453,17
random,,r11,0x6166d7f51a48315926f85cfc243b1340b,qroot,3,5,1,solved,True,8.956882000000007,15,3436,6,6,6-6-6-6-5-5-5-5-4-4-2-3-2-3-4-5-6,32233,29536,8643,4346,20
descendant,1,d203,0x4b0e2eee613b7872f3b562cc8bbbb2c5d,qroot,3,4,1,solved,True,0.10143200000004526,12,1043,6,4,6-3-4-2-3-2-3-4-5-6,4265,4200,715,447,17
descendant,0,d109,0x2b24f66ea95ae86e2f6bf59345edf6bd6,qroot,3,4,1,solved,True,0.09933199999994713,12,1043,6,4,6-3-4-2-3-2-3-4-5-6,4669,4605,723,458,17
descendant,0,d56,0x5d316d4b7afaec476c88d203d130e1c73,qroot,3,4,1,solved,True,0.10697700000002897,12,1043,6,4,6-3-4-2-3-2-3-4-5-6,5169,5102,709,442,17
random,,r0,0x820c33d3c516171b5f58d8c050c05c5b,qroot,3,4,1,solved,True,0.10198800000000574,12,1043,6,4,6-4-2-3-2-3-4-5-6,4349,4285,688,429,17
descendant,1,d72,0x4d3b1d9ee79e96a369d10edd1823f9f05,qroot,3,5,1,solved,True,30.96592400000003,15,3436,6,6,6-6-6-6-6-2-3-4-5-6,31389,31175,29348,21849,20
descendant,1,d208,0x690f9adc941f9084e345e3f18c06d5ed,qroot,3,5,1,solved,True,30.793476000000055,15,3436,6,6,6-6-6-6-6-2-3-4-5-6,31402,31186,29360,21859,20
descendant,0,d126,0x2cacb70dc47e5b9a6349c787b5c32bcfa,qroot,3,4,1,solved,True,0.09038199999997687,12,1043,6,4,6-4-2-3-2-3-4-5-6,4389,4324,708,444,17
descendant,0,d97,0x5f839b44fc3eb024c876bf2d4d24f0239,qroot,3,5,1,solved,True,29.160814000000016,15,3436,6,6,6-6-6-6-6-2-3-4-5-6,31419,31196,29372,21871,20
descendant,1,d17,0x5af8670acd2af76dce9608b01311d81af,qroot,3,5,1,solved,True,28.355504999999994,15,3436,6,6,6-6-6-6-5-6-2-3-4-5-6,32510,32174,29400,21888,20
random,,r21,0x4d4c870d513017a31a0bc4f966ea8965b,qroot,3,4,1,solved,True,0.08331300000003239,12,1043,6,4,6-3-4-2-3-2-3-4-5-6,4268,4204,714,447,17
descendant,0,d156,0x5d1252c137c628984d489db9419b53db9,qroot,3,5,1,solved,True,27.838971000000015,15,3436,6,6,6-6-6-6-6-2-3-4-5-6,31398,31176,29344,21852,20
descendant,1,d101,0x7defc95597964352e85e6d26547e563f,qroot,3,4,1,solved,True,0.08193699999998216,12,1043,6,4,6-4-2-3-2-3-4-5-6,3942,3878,679,420,17
descendant,0,d232,0x56db1c7ced76f32ddbe5383de1a2b8f2f,qroot,3,4,1,solved,True,0.09467699999999013,12,1043,6,4,6-3-4-2-3-2-3-4-5-6,4631,4567,768,486,17
descendant,1,d2,0x52dc359100c4cf6f6ff021f34d38a5abd,qroot,3,4,1,solved,True,0.08460299999995868,12,1043,6,4,6-3-4-2-3-2-3-4-5-6,4268,4203,720,452,17
descendant,1,d92,0x4901868d3d3ffba413e1c8e2c6fd8f659,qroot,3,5,1,solved,True,27.305852000000016,15,3436,6,6,6-6-6-6-6-2-3-4-5-6,31386,31166,29343,21844,20
descendant,1,d15,0x3ebf8a5e492fd2ec12dc99e23299fe124,qroot,3,4,1,solved,True,0.07963999999992666,12,1043,6,4,6-3-4-2-3-2-3-4-5-6,4244,4179,785,498,17
descendant,0,d57,0x7e692af8166d618f5dfcae83e865bcd56,qroot,3,4,1,solved,True,0.0860510000000545,12,1043,6,4,6-3-4-2-3-2-3-4-5-6,4866,4801,802,511,17
random,,r0,0x820c33d3c516171b5f58d8c050c05c5b,qroot,3,5,1,solved,True,27.006429000000026,15,3436,6,6,6-6-6-6-6-2-3-4-5-6,31403,31190,29359,21853,20
descendant,0,d86,0x2407f5a189084bee8284bcec49dc97dda,qroot,3,5,1,solved,True,26.991633999999976,15,3436,6,6,6-6-6-6-6-2-3-4-5-6,31407,31183,29364,21863,20
descendant,0,d232,0x56db1c7ced76f32ddbe5383de1a2b8f2f,qroot,3,5,1,solved,True,9.337506000000019,15,3436,6,6,6-6-6-6-5-5-5-2-3-2-3-4-5-6,31973,29203,9896,5114,20
random,,r8,0x534fd2b74bcd31e5ec9180f46977edf92,qroot,3,5,1,solved,True,27.253558999999996,15,3436,6,6,6-6-6-6-5-6-2-3-4-5-6,32183,31838,29426,21919,20
descendant,0,d23,0x73d4550749610733989b4267b13ceb154,qroot,3,4,1,solved,True,0.08430200000003651,12,1043,6,4,6-4-2-3-2-3-4-5-6,4052,3989,677,419,17
descendant,1,d164,0x4f0c59bdf8c9054d7b84ff2224bf718eb,qroot,3,4,1,solved,True,0.08845999999999776,12,1043,6,4,6-3-4-2-3-2-3-4-5-6,5163,5096,784,498,17
random,,r26,0x513835c8bc81a770bc62c6fb3425b721e,qroot,3,5,1,solved,True,27.013376999999934,15,3436,6,6,6-6-6-6-6-2-3-4-5-6,31424,31209,29329,21845,20
descendant,0,d145,0x5c7d9e1810ff3dcb66944c37d53c3e765,qroot,3,4,1,solved,True,0.0790850000000205,12,1043,6,4,6-4-2-3-2-3-4-5-6,4396,4332,684,425,17
descendant,1,d161,0x1d194974d8161ca780f827b909834aa53,qroot,3,4,1,solved,True,0.09202800000002753,12,1043,6,4,6-3-4-2-3-2-3-4-5-6,4363,4299,726,455,17
descendant,0,d142,0x34c30acadb5f75eef45c8fba19984a310,qroot,3,5,1,solved,True,26.97224600000004,15,3436,6,6,6-6-6-6-6-2-3-4-5-6,31420,31206,29361,21860,20
descendant,0,d207,0x55eac751209601ca8754ed4089ed7c3bf,qroot,3,5,1,solved,True,9.036193999999966,15,3436,6,6,6-6-6-6-5-5-5-5-5-2-3-2-3-4-5-6,31823,29047,9799,5046,20
descendant,1,d18,0x289bcd46096a3b58450dd47e44342c9b,qroot,3,5,1,solved,True,8.12615199999999,15,3436,6,6,6-6-6-6-5-5-5-5-4-4-2-3-2-3-4-5-6,32584,29864,8705,4378,20
random,,r2,0x490a6e586591c9fb91f8938a1e54b0b8a,qroot,3,4,1,solved,True,0.08104900000000725,12,1043,6,4,6-3-4-2-3-2-3-4-5-6,4445,4380,716,450,17
descendant,0,d86,0x2407f5a189084bee8284bcec49dc97dda,qroot,3,4,1,solved,True,0.07825000000002547,12,1043,6,4,6-3-4-2-3-2-3-4-5-6,4629,4565,798,512,17
descendant,0,d239,0x68905d439cade3be5a153f42f8766b01c,qroot,3,4,1,solved,True,0.09068499999995083,12,1043,6,2,6-2-3-3-4-2-3-2-3-4-5-6,4382,4318,712,453,17
descendant,0,d137,0xa9a6abd86871900d7522445f88eb3041,qroot,3,5,1,solved,True,26.80454599999996,15,3436,6,6,6-6-6-6-6-2-3-4-5-6,31385,31167,29368,21869,20
descendant,1,d95,0x166016c7eb66b831db4d56e3a8b3b83e5,qroot,3,5,1,solved,True,27.552260000000047,15,3436,6,6,6-6-6-6-5-6-2-3-4-5-6,32250,31906,29412,21910,20
descendant,1,d111,0x4d8262c03b2b0b4bd0e3de7f489167e1d,qroot,3,5,1,solved,True,26.879325999999992,15,3436,6,6,6-6-6-6-6-2-3-4-5-6,31408,31191,29374,21867,20
descendant,1,d11,0x1f3826f848cff1f6c9657117ef4ddd139,qroot,3,5,1,solved,True,9.343998,15,3436,6,6,6-6-6-6-5-5-5-5-5-2-3-2-3-4-5-6,31224,28458,9765,5022,20
descendant,1,d135,0x4b6f4aedf31a71f526b4308aeb2db1361,qroot,3,5,1,solved,True,9.373350000000016,15,3436,6,6,6-6-6-6-5-5-5-5-5-2-3-2-3-4-5-6,31831,29071,9770,5028,20
descendant,0,d250,0x8178f927f73e8a15ddf180e79fe764c9,qroot,3,4,1,solved,True,0.08622999999994363,12,1043,6,4,6-3-4-2-3-2-3-4-5-6,5123,5058,718,451,17
descendant,1,d224,0xc4ac85375f72fc79e95084d34d4c31cd,qroot,3,5,1,solved,True,27.22998100000001,15,3436,6,6,6-6-6-6-6-2-3-4-5-6,31421,31201,29352,21855,20
descendant,1,d150,0x3a134cd82c8690680bc849e9f981cba90,qroot,3,5,1,solved,True,27.29047700000001,15,3436,6,6,6-6-6-6-6-2-3-4-5-6,31390,31174,29370,21859,20
descendant,1,d208,0x690f9adc941f9084e345e3f18c06d5ed,qroot,3,4,1,solved,True,0.09555299999999534,12,1043,6,4,6-3-4-2-3-2-3-4-5-6,5074,5009,789,503,17
descendant,0,d205,0x35f1527fb1e374f3438b4a58a83be437,qroot,3,4,1,solved,True,0.09223000000002912,12,1043,6,4,6-3-4-2-3-2-3-4-5-6,4140,4077,707,441,17
descendant,0,d216,0x106ff1a099860bdcc3b55b1e4da480799,qroot,3,4,1,solved,True,0.08378299999998262,12,1043,6,4,6-3-4-2-3-2-3-4-5-6,5030,4965,729,463,17
descendant,0,d238,0x60f7c8d9e19a06f553b0a1d1ed90b923c,qroot,3,5,1,solved,True,27.05831500000005,15,3436,6,6,6-6-6-6-6-2-3-4-5-6,31408,31188,29357,21858,20
descendant,1,d122,0x6e6d2f8eef1aeb976397ba9770acbf436,qroot,3,4,1,solved,True,0.08469899999994368,12,1043,6,4,6-4-2-3-2-3-4-5-6,4159,4095,687,429,17
descendant,1,d124,0x15dbca5211d9ba2d338bb55c508f06c69,qroot,3,4,1,solved,True,0.08691100000004326,12,1043,6,4,6-4-2-3-2-3-4-5-6,4116,4052,688,429,17
descendant,1,d194,0x77160635e989a07d009776db14fef7a7a,qroot,3,5,1,solved,True,9.30588199999994,15,3436,6,6,6-6-6-6-5-5-5-5-5-2-3-2-3-4-5-6,31382,28607,9780,5033,20
descendant,0,d244,0x359360a49691c8a9c4c16a28eccc13dda,qroot,3,5,1,solved,True,27.343819999999994,15,3436,6,6,6-6-6-6-6-2-3-4-5-6,31403,31182,29350,21853,20
descendant,1,d118,0x662a65f2587d8d4e1c80dd4bcbdffdba0,qroot,3,5,1,solved,True,8.24796699999996,15,3436,6,6,6-6-6-6-5-5-5-5-4-4-2-3-2-3-4-5-6,32903,30217,8642,4348,20
descendant,1,d28,0xb4952f009fc0edd12dbd419804e5f43d,qroot,3,4,1,solved,True,0.09000399999996489,12,1043,6,4,6-3-4-2-3-2-3-4-5-6,4108,4044,719,450,17
descendant,0,d177,0x7c141cdbe2d6a4df286f268ecc455da3e,qroot,3,5,1,solved,True,8.00384100000008,15,3436,6,6,6-6-6-6-5-5-5-2-3-2-3-4-5-6,31840,29114,9002,4635,20
random,,r13,0x5f90bb86993867ddc983e693e8305dee,qroot,3,5,1,solved,True,26.948312000000044,15,3436,6,6,6-6-6-6-6-2-3-4-5-6,31415,31195,29375,21870,20
descendant,0,d132,0x66be1b1e0c8ac87b7df12d81a076d24c8,qroot,3,5,1,solved,True,26.750271999999995,15,3436,6,6,6-6-6-6-6-2-3-4-5-6,31385,31169,29349,21851,20
descendant,0,d112,0x1994e3603f97ef024ee05440540a67bc7,qroot,3,5,1,solved,True,9.090301999999951,15,3436,6,6,6-6-6-6-5-5-5-5-5-2-3-2-3-4-5-6,31336,28570,9771,5029,20
descendant,1,d58,0x5229515737573a5546f22f68949d2651d,qroot,3,5,1,solved,True,26.55775099999994,15,3436,6,6,6-6-6-6-6-2-3-4-5-6,31407,31191,29361,21861,20
random,,r6,0x8b4ac10d3930cd0ef2535de93352dee3,qroot,3,4,1,solved,True,0.08213499999999385,12,1043,6,4,6-3-4-2-3-2-3-4-5-6,4944,4880,736,465,17
descendant,1,d263,0x4f92b8d91d1a921ae5b2bc79ab620f75d,qroot,3,4,1,solved,True,0.09069200000004685,12,1043,6,4,6-4-2-3-2-3-4-5-6,4350,4285,686,426,17
descendant,0,d187,0x73e3352312fe23aa3df7bc1387bd0f90e,qroot,3,4,1,solved,True,0.08404500000000326,12,1043,6,4,6-3-4-2-3-2-3-4-5-6,4532,4467,718,450,17
descendant,1,d221,0x1c70789724f0da89c0a636792b2d9d101,qroot,3,4,1,solved,True,0.09703900000005206,12,1043,6,4,6-3-4-2-3-2-3-4-5-6,4855,4790,733,467,17
descendant,0,d46,0x4b2f5a6a9f200e2ac4fddf1fce4666629,qroot,3,4,1,solved,True,0.07737099999997099,12,1043,6,4,6-4-2-3-2-3-4-5-6,4233,4168,690,430,17
descendant,0,d67,0x5ad886fec50f02b8ab5fabfd00ecdb001,qroot,3,5,1,solved,True,26.631388000000015,15,3436,6,6,6-6-6-6-6-2-3-4-5-6,31409,31185,29351,21855,20
descendant,1,d12,0x5c3fe6e2e934a8b041ddfe024314ef4f5,qroot,3,4,1,solved,True,0.0740350000000376,12,1043,6,4,6-4-2-3-2-3-4-5-6,4399,4333,688,427,17
descendant,0,d205,0x35f1527fb1e374f3438b4a58a83be437,qroot,3,5,1,solved,True,26.698064000000045,15,3436,6,6,6-6-6-6-6-2-3-4-5-6,31390,31175,29327,21847,20
descendant,1,d88,0x11c4791a0462daffe9cf91df98b522b83,qroot,3,5,1,solved,True,8.945081999999957,15,3436,6,6,6-6-6-6-5-5-5-5-2-3-2-3-4-5-6,32044,29283,9776,5040,20
descendant,0,d14,0x6d1293ed7a6e90cef0292851db18baa38,qroot,3,5,1,solved,True,26.288885999999934,15,3436,6,6,6-6-6-6-6-2-3-4-5-6,31400,31181,29357,21855,20
random,,r14,0x4fd5edbf8fc086ce28aa87a3ec776f49e,qroot,3,5,1,solved,True,26.613089000000002,15,3436,6,6,6-6-6-6-6-2-3-4-5-6,31413,31187,29342,21850,20
descendant,1,d123,0x1ca05b9628bda070c6e1981acf88bdc35,qroot,3,5,1,solved,True,26.853039999999964,15,3436,6,6,6-6-6-6-6-2-3-4-5-6,31404,31190,29340,21842,20
descendant,1,d171,0x6160c4d7681e3872568b87486e0ac852a,qroot,3,5,1,solved,True,26.816392000000008,15,3436,6,6,6-6-6-6-6-2-3-4-5-6,31400,31183,29356,21871,20
descendant,1,d166,0x1759e17144a253114d8383811b000df63,qroot,3,5,1,solved,True,27.24633899999992,15,3436,6,6,6-6-6-6-6-2-3-4-5-6,31398,31180,29351,21857,20
descendant,0,d216,0x106ff1a099860bdcc3b55b1e4da480799,qroot,3,5,1,solved,True,27.337534000000062,15,3436,6,6,6-6-6-6-6-2-3-4-5-6,31404,31183,29364,21866,20
random,,r17,0x32b640c1bba37107df49617b5077ca29b,qroot,3,4,1,solved,True,0.07950799999991887,12,1043,6,4,6-3-4-2-3-2-3-4-5-6,5116,5052,778,494,17
descendant,0,d53,0x3aad5ebb6187af0a2c53cbc9010d36552,qroot,3,5,1,solved,True,27.582589999999982,15,3436,6,6,6-6-6-6-6-2-3-4-5-6,31406,31192,29367,21858,20
descendant,0,d185,0x5a4e7d16ce77472dec7477e78fbf9905b,qroot,3,4,1,solved,True,0.08270000000004529,12,1043,6,4,6-3-4-2-3-2-3-4-5-6,4817,4752,726,456,17
descendant,1,d149,0x6a29a1bba81a817f02b7940b0723de894,qroot,3,4,1,solved,True,0.08369799999996985,12,1043,6,4,6-3-4-2-3-2-3-4-5-6,4370,4305,711,445,17
descendant,0,d77,0x35111962dbd84377113e28c969a80c3a4,qroot,3,4,1,solved,True,0.08039900000005673,12,1043,6,4,6-4-2-3-2-3-4-5-6,4059,3995,678,420,17
random,,r33,0x4abaedb2c606a04f40b4a938c050fd5ee,qroot,3,5,1,solved,True,27.34453300000007,15,3436,6,6,6-6-6-6-6-2-3-4-5-6,31403,31184,29344,21850,20
descendant,1,d84,0x6e0be5e9f6818112b00a4841f809a1d9e,qroot,3,4,1,solved,True,0.07767899999998917,12,1043,6,4,6-4-2-3-2-3-4-5-6,4677,4610,696,434,17
random,,r5,0x57d2f5a17fa44525671162d58f74a9fe6,qroot,3,4,1,solved,True,0.07741099999998369,12,1043,6,4,6-3-4-2-3-2-3-4-5-6,4381,4316,696,430,17
descendant,0,d4,0x38a1549552e8ad1cc78b1295a7f14eac4,qroot,3,5,1,solved,True,7.881409000000076,15,3436,6,6,6-6-6-6-5-5-5-5-4-4-2-3-2-3-4-5-6,31969,29280,8617,4316,20
descendant,0,d174,0x5db654363927d10d6771bbfe235a4245d,qroot,3,4,1,solved,True,0.07560100000000602,12,1043,6,4,6-3-4-2-3-2-3-4-5-6,4829,4764,719,454,17
descendant,1,d48,0x469178f28f291f06dae284c0c8e07033b,qroot,3,4,1,solved,True,0.0907819999999333,12,1043,6,4,6-3-4-2-3-2-3-4-5-6,4911,4846,725,456,17
random,,r18,0x30054085902972ca948229e2be0afae5a,qroot,3,5,1,solved,True,26.948680000000024,15,3436,6,6,6-6-6-6-6-2-3-4-5-6,31380,31163,29361,21863,20
descendant,0,d173,0x6c47616f1280f94adc981b2965d460068,qroot,3,4,1,solved,True,0.0853349999999864,12,1043,6,4,6-4-2-3-2-3-4-5-6,4266,4203,692,434,17
descendant,1,d231,0x4e242904c3aff1fb588689f9e72ecbd5f,qroot,3,5,1,solved,True,27.272376000000065,15,3436,6,6,6-6-6-6-6-2-3-4-5-6,31393,31180,29351,21849,20
descendant,0,d235,0x48720f769953b071364d6cf5ee51d79d1,qroot,3,5,1,solved,True,27.22437500000001,15,3436,6,6,6-6-6-6-6-2-3-4-5-6,31421,31201,29365,21861,20
descendant,1,d78,0x64de8b1ac1c7462bc6433bda1d43510c2,qroot,3,4,1,solved,True,0.09938700000009248,12,1043,6,4,6-3-4-2-3-2-3-4-5-6,4087,4023,708,443,17
descendant,0,d193,0x3613dae75f27455877c5ff6325ef7002a,qroot,3,5,1,solved,True,9.446534000000042,15,3436,6,6,6-6-6-6-5-5-5-5-5-2-3-2-3-4-5-6,31366,28582,9798,5039,20
descendant,0,d4,0x38a1549552e8ad1cc78b1295a7f14eac4,qroot,3,4,1,solved,True,0.08647199999995792,12,1043,6,4,6-3-4-2-3-2-3-4-5-6,4057,3993,705,440,17
descendant,1,d150,0x3a134cd82c8690680bc849e9f981cba90,qroot,3,4,1,solved,True,0.08052999999995336,12,1043,6,4,6-4-2-3-2-3-4-5-6,4166,4102,684,425,17
descendant,0,d193,0x3613dae75f27455877c5ff6325ef7002a,qroot,3,4,1,solved,True,0.08354700000006687,12,1043,6,4,6-3-4-2-3-2-3-4-5-6,5062,4996,717,450,17
descendant,1,d107,0x1e1c60e485ca18e811e59d7a38ab556d3,qroot,3,4,1,solved,True,0.07650300000000243,12,1043,6,4,6-3-4-2-3-2-3-4-5-6,4241,4177,705,440,17
random,,r28,0x35f7e77b334105b5e1948efc0c9e1b2b6,qroot,3,5,1,solved,True,27.1582029999999,15,3436,6,6,6-6-6-6-6-2-3-4-5-6,31391,31177,29329,21846,20
descendant,1,d19,0x2a911d75f664c9aa5ea884f6a43d404ea,qroot,3,5,1,solved,True,27.399539000000004,15,3436,6,6,6-6-6-6-6-2-3-4-5-6,31407,31185,29366,21868,20
random,,r13,0x5f90bb86993867ddc983e693e8305dee,qroot,3,4,1,solved,True,0.09216700000001765,12,1043,6,4,6-3-4-2-3-2-3-4-5-6,5207,5143,791,502,17
descendant,1,d224,0xc4ac85375f72fc79e95084d34d4c31cd,qroot,3,4,1,solved,True,0.08700500000009015,12,1043,6,4,6-3-4-2-3-2-3-4-5-6,4890,4825,786,500,17
descendant,0,d234,0x25d7f81aeee3dbbbba7e1a86fe7b1cb46,qroot,3,5,1,solved,True,27.77471300000002,15,3436,6,6,6-6-6-6-5-6-2-3-4-5-6,32184,31839,29420,21913,20
descendant,1,d84,0x6e0be5e9f6818112b00a4841f809a1d9e,qroot,3,5,1,solved,True,9.23400700000002,15,3436,6,6,6-6-6-6-5-5-5-5-5-2-3-2-3-4-5-6,31313,28541,9777,5025,20
random,,r24,0x747d2357324667ee875d2604ed162987a,qroot,3,4,1,solved,True,0.081737999999973,12,1043,6,4,6-3-4-2-3-2-3-4-5-6,4083,4021,686,425,17
descendant,1,d188,0x42bb69ba29abd1c6ec710ef684632de23,qroot,3,4,1,solved,True,0.08418299999993906,12,1043,6,4,6-3-4-2-3-2-3-4-5-6,4996,4931,732,460,17
descendant,0,d248,0xc756e1ddb5f119ccfbc736687ea9d9ad,qroot,3,5,1,solved,True,27.56172099999992,15,3436,6,6,6-6-6-6-6-2-3-4-5-6,31403,31189,29367,21863,20
descendant,0,d228,0x6d20a8996fe80a6e006d15d8384fb540c,qroot,3,5,1,solved,True,27.26968499999998,15,3436,6,6,6-6-6-6-6-2-3-4-5-6,31394,31177,29340,21845,20
descendant,1,d106,0x16971f8c50d977ad1a9887c8ec15c1615,qroot,3,4,1,solved,True,0.07687299999997776,12,1043,6,4,6-4-2-3-2-3-4-5-6,4374,4308,691,431,17
descendant,1,d227,0x2e613bc8778a0d73245609465a031c716,qroot,3,5,1,solved,True,27.22954900000002,15,3436,6,6,6-6-6-6-6-2-3-4-5-6,31402,31182,29360,21858,20
descendant,1,d21,0xadada875c148325bf5339de87d1af447,qroot,3,4,1,solved,True,0.07915799999989304,12,1043,6,4,6-4-2-3-2-3-4-5-6,4159,4095,688,429,17
descendant,1,d9,0x1235e6bb63c0ae62d2ad06c66f0075dd1,qroot,3,4,1,solved,True,0.07424600000013015,12,1043,6,4,6-3-4-2-3-2-3-4-5-6,4695,4629,721,453,17
random,,r34,0x27183f6ce33848dde3948dcd3e643d623,qroot,3,5,1,solved,True,27.260215000000017,15,3436,6,6,6-6-6-6-6-2-3-4-5-6,31401,31183,29345,21856,20
descendant,0,d80,0x12714bc33324078d5926b7cadb4f82a2b,qroot,3,4,1,solved,True,0.08087100000000191,12,1043,6,4,6-3-4-2-3-2-3-4-5-6,4453,4387,719,452,17
descendant,0,d59,0x1cec9f43ce245075b0ea308b7973cd86d,qroot,3,4,1,solved,True,0.07952999999997701,12,1043,6,4,6-4-2-3-2-3-4-5-6,4346,4279,688,428,17
descendant,0,d178,0x2c9787372de01833166562c539cbae02c,qroot,3,4,1,solved,True,0.07759699999996883,12,1043,6,4,6-3-4-2-3-2-3-4-5-6,4284,4220,751,475,17
descendant,1,d27,0x2e670ee2b9b86c05d6a242148468dc3d6,qroot,3,5,1,solved,True,27.324435000000108,15,3436,6,6,6-6-6-6-6-2-3-4-5-6,31396,31174,29349,21850,20
descendant,0,d69,0x49d06671fce2974f3f7c4b57ac263a037,qroot,3,4,1,solved,True,0.08068599999990056,12,1043,6,4,6-3-4-2-3-2-3-4-5-6,3975,3911,718,448,17
descendant,0,d132,0x66be1b1e0c8ac87b7df12d81a076d24c8,qroot,3,4,1,solved,True,0.0926080000000411,12,1043,6,4,6-3-4-2-3-2-3-4-5-6,4199,4134,732,461,17
descendant,0,d13,0x63ded55f267083bb775bb261b518421d6,qroot,3,5,1,solved,True,27.231329000000073,15,3436,6,6,6-6-6-6-6-2-3-4-5-6,31392,31174,29342,21845,20
descendant,1,d233,0x765838b47f9f40f77070ab500719552ea,qroot,3,4,1,solved,True,0.09719499999994241,12,1043,6,4,6-3-4-2-3-2-3-4-5-6,4086,4022,712,447,17
descendant,0,d36,0x451b962e8e37e5267349c9f6aae91ea13,qroot,3,5,1,solved,True,27.092682999999965,15,3436,6,6,6-6-6-6-6-2-3-4-5-6,31387,31171,29360,21862,20
descendant,1,d141,0x1d905d916248f4d5b99bffb706fccae9f,qroot,3,4,1,solved,True,0.07941100000005008,12,1043,6,4,6-3-4-2-3-2-3-4-5-6,4300,4233,720,450,17
random,,r38,0x7c9c6d2352c2608a8e1ac55e2a08404a6,qroot,3,5,1,solved,True,27.070108000000005,15,3436,6,6,6-6-6-6-6-2-3-4-5-6,31388,31172,29350,21856,20
descendant,0,d204,0x41e5c9c12a84e81e5d2a9ea4246c36d67,qroot,3,4,1,solved,True,0.08265900000003512,12,1043,6,4,6-3-4-2-3-2-3-4-5-6,4915,4850,720,452,17
descendant,1,d161,0x1d194974d8161ca780f827b909834aa53,qroot,3,5,1,solved,True,8.162331999999878,15,3436,6,6,6-6-6-6-5-5-5-2-3-2-3-4-5-6,31791,29061,9004,4633,20
descendant,0,d245,0x16d04b90c7148e2cc402d6641bc2b904f,qroot,3,4,1,solved,True,0.08145500000000538,12,1043,6,4,6-3-4-2-3-2-3-4-5-6,4974,4909,704,440,17
random,,r27,0x4d9d1a3a0f43e414dce5cedbb4223bfe,qroot,3,5,1,solved,True,26.79407399999991,15,3436,6,6,6-6-6-6-6-2-3-4-5-6,31401,31182,29340,21844,20
descendant,1,d198,0x5688660fa87d686a97e803aa88524ab9b,qroot,3,5,1,solved,True,8.315844999999968,15,3436,6,6,6-6-6-6-5-5-5-2-3-2-3-4-5-6,31662,28943,8987,4623,20
descendant,1,d127,0x69e71437e6d7cbd4e1fcdbc13bd0ec89,qroot,3,5,1,solved,True,8.102370000000064,15,3436,6,6,6-6-6-6-5-5-5-2-3-2-3-4-5-6,31205,28478,8983,4614,20
descendant,1,d230,0x33804ac2d6f98bb4947ddda6f5532523e,qroot,3,5,1,solved,True,26.668537000000015,15,3436,6,6,6-6-6-6-6-2-3-4-5-6,31434,31211,29364,21867,20
descendant,0,d80,0x12714bc33324078d5926b7cadb4f82a2b,qroot,3,5,1,solved,True,8.894228000000112,15,3436,6,6,6-6-6-6-5-5-5-5-5-2-3-2-3-4-5-6,31690,28927,9769,5026,20
descendant,1,d147,0x3248ef31f25d6830126239dd3fd7c593a,qroot,3,5,1,solved,True,26.712356,15,3436,6,6,6-6-6-6-6-2-3-4-5-6,31401,31184,29351,21857,20
descendant,0,d51,0x27e09a4aefd0a32b4edd5c9d3c2207c3a,qroot,3,4,1,solved,True,0.08748500000001513,12,1043,6,4,6-4-2-3-2-3-4-5-6,4002,3938,678,420,17
descendant,0,d239,0x68905d439cade3be5a153f42f8766b01c,qroot,3,5,1,solved,True,27.125005999999985,15,3436,6,6,6-6-6-6-6-2-3-4-5-6,31427,31209,29361,21863,20
descendant,0,d229,0x2439e5e8ce836a3b3b4c69b74af0a2938,qroot,3,5,1,solved,True,27.315613999999982,15,3436,6,6,6-6-6-6-6-2-3-4-5-6,31388,31174,29354,21858,20
random,,r19,0xf927f03ec08af50e561038de2624e156,qroot,3,5,1,solved,True,27.24470800000006,15,3436,6,6,6-6-6-6-6-2-3-4-5-6,31412,31188,29342,21849,20
descendant,1,d195,0x4c19c43afe8b10ad1c4b9aa0c35f8fcc3,qroot,3,5,1,solved,True,27.278111999999965,15,3436,6,6,6-6-6-6-6-2-3-4-5-6,31423,31205,29378,21872,20
descendant,0,d110,0x3a679fc181d676d23a785c044985269e8,qroot,3,4,1,solved,True,0.08033999999997832,12,1043,6,4,6-4-2-3-2-3-4-5-6,4394,4329,681,421,17
descendant,0,d162,0x3094ecfe37acc53953a51556d0b08b87a,qroot,3,4,1,solved,True,0.09104500000000826,12,1043,6,4,6-4-2-3-2-3-4-5-6,4004,3940,678,420,17
descendant,1,d214,0x501aa57af4679d98c4318041493aef709,qroot,3,4,1,solved,True,0.08340099999998074,12,1043,6,4,6-3-4-2-3-2-3-4-5-6,4118,4053,715,449,17
descendant,1,d12,0x5c3fe6e2e934a8b041ddfe024314ef4f5,qroot,3,5,1,solved,True,9.121081000000004,15,3436,6,6,6-6-6-6-5-5-5-5-5-2-3-2-3-4-5-6,31735,28978,9771,5027,20
descendant,0,d7,0x5ce2bafcd949830ce62ec0235672883e9,qroot,3,4,1,solved,True,0.08293400000002293,12,1043,6,4,6-3-4-2-3-2-3-4-5-6,4682,4618,721,455,17
descendant,0,d67,0x5ad886fec50f02b8ab5fabfd00ecdb001,qroot,3,4,1,solved,True,0.0836899999999332,12,1043,6,4,6-3-4-2-3-2-3-4-5-6,4906,4842,727,459,17
descendant,0,d262,0x604b34f08ba6232f19646f0a85306eaea,qroot,3,5,1,solved,True,27.544715999999994,15,3436,6,6,6-6-6-6-6-2-3-4-5-6,31403,31182,29346,21849,20
descendant,1,d43,0x3eac3e851da537c0d7da0938edc51d5ca,qroot,3,4,1,solved,True,0.08969899999999598,12,1043,6,4,6-4-2-3-2-3-4-5-6,4191,4127,688,429,17
random,,r18,0x30054085902972ca948229e2be0afae5a,qroot,3,4,1,solved,True,0.09076900000002297,12,1043,6,4,6-3-4-2-3-2-3-4-5-6,5334,5269,803,517,17
descendant,1,d263,0x4f92b8d91d1a921ae5b2bc79ab620f75d,qroot,3,5,1,solved,True,9.121909999999957,15,3436,6,6,6-6-6-6-5-5-5-5-5-2-3-2-3-4-5-6,31976,29206,9791,5037,20
descendant,0,d26,0x4800e3f366f34256d3a0e9d83c733f723,qroot,3,4,1,solved,True,0.09283100000004652,12,1043,6,4,6-3-4-2-3-2-3-4-5-6,4172,4108,734,463,17
descendant,1,d33,0x344bf04093f8a908f2df7b012e6a1ff46,qroot,3,5,1,solved,True,27.497260000000097,15,3436,6,6,6-6-6-6-6-2-3-4-5-6,31413,31197,29359,21854,20
descendant,1,d170,0xae83df036e8fb794a59398cb5e86a119,qroot,3,5,1,solved,True,9.216627000000017,15,3436,6,6,6-6-6-6-5-5-5-5-5-2-3-2-3-4-5-6,31383,28623,9761,5017,20
descendant,0,d167,0xd6388e419fb08df478217c6472aa9a03,qroot,3,4,1,solved,True,0.09025899999994635,12,1043,6,4,6-3-4-2-3-2-3-4-5-6,5097,5032,701,435,17
descendant,0,d255,0x7438ead7f6b216d711dd286006c31aa3e,qroot,3,4,1,solved,True,0.08196199999997589,12,1043,6,4,6-3-4-2-3-2-3-4-5-6,4668,4603,734,467,17
descendant,1,d19,0x2a911d75f664c9aa5ea884f6a43d404ea,qroot,3,4,1,solved,True,0.09959700000013072,12,1043,6,4,6-3-4-2-3-2-3-4-5-6,5029,4965,714,449,17
descendant,0,d16,0x76e25cb26bddbb5a5c6117a0b88853294,qroot,3,5,1,solved,True,26.83448199999998,15,3436,6,6,6-6-6-6-6-2-3-4-5-6,31403,31186,29345,21853,20
descendant,1,d44,0x17712105a1a917330c2e36631b0bf2477,qroot,3,5,1,solved,True,27.16878399999996,15,3436,6,6,6-6-6-6-6-2-3-4-5-6,31415,31199,29354,21855,20
descendant,0,d148,0x5c3f205e9443a84d910ad16f8c39be75,qroot,3,5,1,solved,True,27.13788099999988,15,3436,6,6,6-6-6-6-6-2-3-4-5-6,31416,31196,29342,21857,20
descendant,0,d130,0x473b886587d259f1598c51e253c2395b3,qroot,3,5,1,solved,True,27.667288999999982,15,3436,6,6,6-6-6-6-5-6-2-3-4-5-6,32508,32169,29366,21874,20
random,,r8,0x534fd2b74bcd31e5ec9180f46977edf92,qroot,3,4,1,solved,True,0.07828100000006089,12,1043,6,4,6-3-4-2-3-2-3-4-5-6,5012,4947,717,450,17
descendant,0,d94,0x201948b922c9601f6abed0f30a801999c,qroot,3,5,1,solved,True,27.262625999999955,15,3436,6,6,6-6-6-6-6-2-3-4-5-6,31412,31195,29360,21859,20
descendant,1,d209,0x53d636e33f1f10e6597bfb1937eb25ad5,qroot,3,5,1,solved,True,9.174416000000065,15,3436,6,6,6-6-6-6-5-5-5-5-5-2-3-2-3-4-5-6,32091,29325,9786,5042,20
descendant,1,d81,0x12ea4ec43439524172de0ad354a6c5941,qroot,3,4,1,solved,True,0.0792909999998983,12,1043,6,4,6-4-2-3-2-3-4-5-6,4243,4179,693,435,17
descendant,1,d33,0x344bf04093f8a908f2df7b012e6a1ff46,qroot,3,4,1,solved,True,0.08598200000005818,12,1043,6,4,6-3-4-2-3-2-3-4-5-6,4913,4847,718,451,17
descendant,0,d133,0x7d79e288bbf062c834da78d42e4a17ce0,qroot,3,4,1,solved,True,0.0764609999998811,12,1043,6,4,6-4-2-3-2-3-4-5-6,4183,4118,686,426,17
descendant,1,d230,0x33804ac2d6f98bb4947ddda6f5532523e,qroot,3,4,1,solved,True,0.07649400000002515,12,1043,6,4,6-3-4-2-3-2-3-4-5-6,4899,4834,745,473,17
descendant,0,d59,0x1cec9f43ce245075b0ea308b7973cd86d,qroot,3,5,1,solved,True,27.034835999999927,15,3436,6,6,6-6-6-6-6-2-3-4-5-6,31412,31187,29380,21877,20
descendant,0,d7,0x5ce2bafcd949830ce62ec0235672883e9,qroot,3,5,1,solved,True,27.196639000000005,15,3436,6,6,6-6-6-6-6-2-3-4-5-6,31408,31192,29346,21854,20
descendant,1,d215,0x337578b65f444d299ae723bed169c1cf4,qroot,3,4,1,solved,True,0.08541300000013052,12,1043,6,4,6-3-4-2-3-2-3-4-5-6,4463,4397,714,447,17
descendant,1,d212,0x7bb07582e4bc549f5d1ef63096b31b622,qroot,3,5,1,solved,True,9.207744000000162,15,3436,6,6,6-6-6-6-5-5-5-5-5-2-3-2-3-4-5-6,31358,28601,9757,5009,20
descendant,0,d206,0xce1c9f7cab8afa7b83eb7a279f351fff,qroot,3,4,1,solved,True,0.07541200000002846,12,1043,6,4,6-4-2-3-2-3-4-5-6,4110,4046,688,429,17
descendant,0,d16,0x76e25cb26bddbb5a5c6117a0b88853294,qroot,3,4,1,solved,True,0.08367499999997108,12,1043,6,4,6-4-2-3-2-3-4-5-6,4562,4495,692,432,17
descendant,0,d87,0xd18ba4b0f46de0f1595b84056b3fcffb,qroot,3,5,1,solved,True,27.11732200000006,15,3436,6,6,6-6-6-6-6-2-3-4-5-6,31407,31184,29337,21847,20
random,,r28,0x35f7e77b334105b5e1948efc0c9e1b2b6,qroot,3,4,1,solved,True,0.08276999999998225,12,1043,6,4,6-4-2-3-2-3-4-5-6,4567,4500,693,432,17
descendant,1,d70,0x1f89dd540b9b75905ab799dfe0c123771,qroot,3,5,1,solved,True,8.084428000000003,15,3436,6,6,6-6-6-6-5-5-5-5-4-4-2-3-2-3-4-5-6,32047,29342,8644,4343,20
descendant,0,d41,0x11254be458763df1497f7eceb9b73c56b,qroot,3,5,1,solved,True,26.82030999999995,15,3436,6,6,6-6-6-6-6-2-3-4-5-6,31401,31176,29333,21851,20
descendant,1,d231,0x4e242904c3aff1fb588689f9e72ecbd5f,qroot,3,4,1,solved,True,0.08089800000004743,12,1043,6,4,6-3-4-2-3-2-3-4-5-6,4055,3992,717,449,17
descendant,1,d79,0x1e188b2f3f04871f4b035dae5eb59feab,qroot,3,5,1,solved,True,27.025371999999948,15,3436,6,6,6-6-6-6-6-2-3-4-5-6,31414,31190,29359,21858,20
descendant,1,d115,0x1d26fc45a9f09b8d2f83e069e8549267f,qroot,3,4,1,solved,True,0.08653800000001866,12,1043,6,4,6-3-4-2-3-2-3-4-5-6,4302,4237,713,447,17
descendant,0,d38,0x40fc2570132c44b84b8fe1e531eac5b1f,qroot,3,5,1,solved,True,26.658122999999932,15,3436,6,6,6-6-6-6-6-2-3-4-5-6,31407,31191,29346,21854,20
descendant,0,d98,0x64aa618e4d7cf361dd0ab74a21806f1f0,qroot,3,5,1,solved,True,26.983140999999932,15,3436,6,6,6-6-6-6-6-2-3-4-5-6,31398,31177,29359,21863,20
descendant,1,d62,0x7c8857448d048353655694cc56d75363c,qroot,3,5,1,solved,True,26.842465999999945,15,3436,6,6,6-6-6-6-6-2-3-4-5-6,31406,31182,29360,21863,20
random,,r6,0x8b4ac10d3930cd0ef2535de93352dee3,qroot,3,5,1,solved,True,27.096619999999916,15,3436,6,6,6-6-6-6-6-2-3-4-5-6,31405,31179,29369,21873,20
descendant,0,d99,0x5f3d085e99edc7c4a2d95fca485a75af1,qroot,3,4,1,solved,True,0.082157000000052,12,1043,6,4,6-3-4-2-3-2-3-4-5-6,4321,4256,707,441,17
descendant,0,d25,0x67cc5b712def5cd3ed463983f4bbfd1fc,qroot,3,5,1,solved,True,26.939579999999978,15,3436,6,6,6-6-6-6-6-2-3-4-5-6,31396,31180,29353,21852,20
descendant,0,d0,0x7a90344c571894684e176f4797bae946e,qroot,3,4,1,solved,True,0.08424000000002252,12,1043,6,4,6-3-4-2-3-2-3-4-5-6,4681,4616,727,456,17
descendant,0,d75,0x588cdbe30c37d9547410df815a02110fb,qroot,3,5,1,solved,True,26.88231399999995,15,3436,6,6,6-6-6-6-6-2-3-4-5-6,31396,31177,29350,21848,20
descendant,0,d110,0x3a679fc181d676d23a785c044985269e8,qroot,3,5,1,solved,True,26.889874000000077,15,3436,6,6,6-6-6-6-6-2-3-4-5-6,31396,31178,29351,21860,20
descendant,1,d213,0x15a18d2e9ecf8109f0f06bc557f80398f,qroot,3,4,1,solved,True,0.08746599999994942,12,1043,6,4,6-3-4-2-3-2-3-4-5-6,5238,5173,723,457,17
descendant,1,d81,0x12ea4ec43439524172de0ad354a6c5941,qroot,3,5,1,solved,True,26.8152419999999,15,3436,6,6,6-6-6-6-6-2-3-4-5-6,31390,31168,29351,21854,20
descendant,1,d159,0x7734d104e2ae353b2a9a15cc93e4e26e2,qroot,3,4,1,solved,True,0.07374000000004344,12,1043,6,4,6-4-2-3-2-3-4-5-6,4159,4094,690,430,17
descendant,0,d68,0x3fe369f302d9da1afecabdbe0fd5caa7a,qroot,3,4,1,solved,True,0.07820300000003044,12,1043,6,4,6-3-4-2-3-2-3-4-5-6,4443,4377,715,448,17
random,,r16,0x2ccdb1f2f7e0e0618f895376df6fc0f2f,qroot,3,5,1,solved,True,26.726549999999975,15,3436,6,6,6-6-6-6-6-2-3-4-5-6,31414,31192,29365,21867,20
descendant,1,d2,0x52dc359100c4cf6f6ff021f34d38a5abd,qroot,3,5,1,solved,True,26.64775199999997,15,3436,6,6,6-6-6-6-6-2-3-4-5-6,31405,31184,29337,21848,20
random,,r37,0x4ce67bee4ade9092fcb54c378868d6f66,qroot,3,5,1,solved,True,26.61603100000002,15,3436,6,6,6-6-6-6-6-2-3-4-5-6,31387,31167,29372,21863,20
descendant,1,d259,0x6d46a1b88290e348d3116055c40d4b21e,qroot,3,5,1,solved,True,26.576794000000064,15,3436,6,6,6-6-6-6-6-2-3-4-5-6,31416,31192,29358,21865,20
descendant,0,d114,0x1f68d35be6e1253263633db1508483125,qroot,3,5,1,solved,True,26.832664000000022,15,3436,6,6,6-6-6-6-6-2-3-4-5-6,31406,31184,29353,21857,20
descendant,0,d148,0x5c3f205e9443a84d910ad16f8c39be75,qroot,3,4,1,solved,True,0.07901800000001913,12,1043,6,4,6-3-4-2-3-2-3-4-5-6,4521,4456,725,458,17
descendant,0,d144,0x3780d33c0316979e8c8eaf60a204c2906,qroot,3,5,1,solved,True,26.575887999999964,15,3436,6,6,6-6-6-6-6-2-3-4-5-6,31379,31165,29330,21835,20
descendant,0,d181,0x67a9cb278d47eca3db9edf1d62c3ea42a,qroot,3,4,1,solved,True,0.08944499999995514,12,1043,6,4,6-3-4-2-3-2-3-4-5-6,4308,4244,705,440,17
descendant,0,d248,0xc756e1ddb5f119ccfbc736687ea9d9ad,qroot,3,4,1,solved,True,0.08317700000009154,12,1043,6,4,6-3-4-2-3-2-3-4-5-6,4453,4387,725,458,17
descendant,1,d180,0x1e7d56fa1e94716a29fd4c6e079432427,qroot,3,5,1,solved,True,26.61201200000005,15,3436,6,6,6-6-6-6-6-2-3-4-5-6,31415,31201,29348,21852,20
descendant,1,d123,0x1ca05b9628bda070c6e1981acf88bdc35,qroot,3,4,1,solved,True,0.08367499999997108,12,1043,6,4,6-3-4-2-3-2-3-4-5-6,4725,4661,725,459,17
descendant,1,d70,0x1f89dd540b9b75905ab799dfe0c123771,qroot,3,4,1,solved,True,0.09860600000001796,12,1043,6,3,6-3-3-3-4-2-2-3-4-5-6,4380,4314,951,633,17
descendant,0,d0,0x7a90344c571894684e176f4797bae946e,qroot,3,5,1,solved,True,26.60762299999999,15,3436,6,6,6-6-6-6-6-2-3-4-5-6,31398,31182,29350,21855,20
descendant,1,d146,0x73f7535c6e0b5b5c9d0b24b2809486a0e,qroot,3,5,1,solved,True,9.05751199999986,15,3436,6,6,6-6-6-6-5-5-5-5-5-2-3-2-3-4-5-6,31668,28900,9778,5031,20
descendant,1,d122,0x6e6d2f8eef1aeb976397ba9770acbf436,qroot,3,5,1,solved,True,26.733822000000032,15,3436,6,6,6-6-6-6-6-2-3-4-5-6,31410,31189,29381,21878,20
descendant,0,d191,0x7a8fc7068fa065ddd29042d4bc728e400,qroot,3,5,1,solved,True,26.385940000000005,15,3436,6,6,6-6-6-6-6-2-3-4-5-6,31419,31201,29355,21855,20
descendant,0,d41,0x11254be458763df1497f7eceb9b73c56b,qroot,3,4,1,solved,True,0.08346099999994294,12,1043,6,4,6-4-2-3-2-3-4-5-6,4196,4132,684,425,17
descendant,0,d10,0x21efbc6d26559ce29fb0fb16beed8bc74,qroot,3,5,1,solved,True,26.58014700000001,15,3436,6,6,6-6-6-6-6-2-3-4-5-6,31396,31176,29355,21857,20
descendant,1,d236,0x9581dc3d7b73f42601641f2d5d75927d,qroot,3,4,1,solved,True,0.0757380000000012,12,1043,6,4,6-4-2-3-2-3-4-5-6,4484,4418,683,422,17
descendant,0,d77,0x35111962dbd84377113e28c969a80c3a4,qroot,3,5,1,solved,True,9.398917000000097,15,3436,6,6,6-6-6-6-5-5-5-5-5-2-3-2-3-4-5-6,31255,28489,9772,5027,20
descendant,0,d100,0x5bfbcc3510ca0a9d591a1a066a729f6fd,qroot,3,5,1,solved,True,8.346233999999981,15,3436,6,6,6-6-6-6-5-5-5-2-3-2-3-4-5-6,31464,28756,8966,4606,20
random,,r25,0x1a67be1095d6dd2e0cfc9ce7df923cbbb,qroot,3,4,1,solved,True,0.08908500000006825,12,1043,6,4,6-3-4-2-3-2-3-4-5-6,4613,4549,692,428,17
descendant,1,d79,0x1e188b2f3f04871f4b035dae5eb59feab,qroot,3,4,1,solved,True,0.08331199999997807,12,1043,6,4,6-4-2-3-2-3-4-5-6,4400,4334,698,437,17
random,,r25,0x1a67be1095d6dd2e0cfc9ce7df923cbbb,qroot,3,5,1,solved,True,27.16086400000006,15,3436,6,6,6-6-6-6-6-2-3-4-5-6,31412,31189,29361,21866,20
descendant,0,d183,0x39220c2fa0ef016238dfe3c8c43313928,qroot,3,5,1,solved,True,27.584440000000086,15,3436,6,6,6-6-6-6-5-6-2-3-4-5-6,32544,32198,29384,21880,20
descendant,1,d199,0xf3be1caa95cb497917b9e131862e6fbd,qroot,3,4,1,solved,True,0.07986900000003061,12,1043,6,4,6-3-4-2-3-2-3-4-5-6,5265,5199,720,452,17
descendant,0,d183,0x39220c2fa0ef016238dfe3c8c43313928,qroot,3,4,1,solved,True,0.0817659999999023,12,1043,6,4,6-4-2-3-2-3-4-5-6,4773,4708,722,456,17
descendant,0,d206,0xce1c9f7cab8afa7b83eb7a279f351fff,qroot,3,5,1,solved,True,27.30423899999994,15,3436,6,6,6-6-6-6-6-2-3-4-5-6,31430,31204,29358,21865,20
descendant,0,d160,0x6edf6cf25c3495625e3f83de43362a932,qroot,3,4,1,solved,True,0.07716100000004644,12,1043,6,4,6-4-2-3-2-3-4-5-6,4248,4183,690,430,17
descendant,0,d262,0x604b34f08ba6232f19646f0a85306eaea,qroot,3,4,1,solved,True,0.07982700000002296,12,1043,6,4,6-3-4-2-3-2-3-4-5-6,5103,5039,757,478,17
descendant,1,d78,0x64de8b1ac1c7462bc6433bda1d43510c2,qroot,3,5,1,solved,True,27.24194100000011,15,3436,6,6,6-6-6-6-6-2-3-4-5-6,31386,31169,29367,21863,20
descendant,1,d52,0x62ae49abea18c3bf2d4eb301cea6f5cc8,qroot,3,5,1,solved,True,27.304517000000033,15,3436,6,6,6-6-6-6-6-2-3-4-5-6,31420,31200,29340,21846,20
descendant,1,d119,0x15ce9d4d971bf063c018cb2ac172e1699,qroot,3,5,1,solved,True,9.333906999999954,15,3436,6,6,6-6-6-6-5-5-5-5-5-2-3-2-3-4-5-6,32284,29516,9797,5048,20
descendant,0,d35,0x346ea84d1619dcf1d9f0728023cea89de,qroot,3,5,1,solved,True,27.572320999999988,15,3436,6,6,6-6-6-6-5-6-2-3-4-5-6,32585,32247,29424,21912,20
descendant,1,d6,0x9399e01e8799a5fdd6da3c246e32acd5,qroot,3,4,1,solved,True,0.07778299999995397,12,1043,6,4,6-3-4-2-3-2-3-4-5-6,4740,4675,723,454,17
descendant,1,d106,0x16971f8c50d977ad1a9887c8ec15c1615,qroot,3,5,1,solved,True,27.421258999999964,15,3436,6,6,6-6-6-6-6-2-3-4-5-6,31419,31193,29350,21858,20
descendant,0,d90,0x1a6f6c03bac6dc9bda445ec557a88a30f,qroot,3,4,1,solved,True,0.08006599999998798,12,1043,6,4,6-4-2-3-2-3-4-5-6,4103,4038,686,426,17
descendant,0,d228,0x6d20a8996fe80a6e006d15d8384fb540c,qroot,3,4,1,solved,True,0.08318199999996523,12,1043,6,4,6-3-4-2-3-2-3-4-5-6,4911,4845,720,453,17
descendant,0,d243,0xb41df04135dbd12d89cc1cd57e12d4f7,qroot,3,5,1,solved,True,9.595176000000038,15,3436,6,6,6-6-6-6-5-5-5-5-5-2-3-2-3-4-5-6,31942,29165,9806,5051,20
descendant,0,d211,0x1581f324b9e850f34ce478a3c6a23a449,qroot,3,5,1,solved,True,27.82817,15,3436,6,6,6-6-6-6-6-2-3-4-5-6,31388,31167,29350,21852,20
descendant,0,d61,0x61dafffc801e3d12d932586bf313fc4fa,qroot,3,4,1,solved,True,0.07927100000006249,12,1043,6,4,6-3-4-2-3-2-3-4-5-6,5125,5060,729,463,17
descendant,1,d129,0x142bc9983801d5399f9f7a19881c1f6d,qroot,3,4,1,solved,True,0.0897499999999809,12,1043,6,4,6-4-2-3-2-3-4-5-6,4209,4144,686,426,17
random,,r9,0xbcbc4456bdb91df8d0c788266f072be3,qroot,3,4,1,solved,True,0.08480699999995522,12,1043,6,4,6-3-4-2-3-2-3-4-5-6,4558,4493,724,458,17
descendant,0,d176,0x7b98285ee2943dc8682f5f529fd52c980,qroot,3,4,1,solved,True,0.08056900000008227,12,1043,6,4,6-3-4-2-3-2-3-4-5-6,4353,4287,724,457,17
descendant,0,d82,0x455dcf9b6baf55904fcddf7add088312b,qroot,3,4,1,solved,True,0.09303799999997864,12,1043,6,4,6-3-4-2-3-2-3-4-5-6,4539,4475,807,517,17
random,,r10,0x3c4dd28efe34d6468bb457da9023f13ef,qroot,3,5,1,solved,True,27.651303999999982,15,3436,6,6,6-6-6-6-6-2-3-4-5-6,31424,31203,29381,21876,20
descendant,0,d175,0x692a771f8f3fa6b2d0fa10aa1f61f4334,qroot,3,5,1,solved,True,28.159383000000048,15,3436,6,6,6-6-6-6-6-2-3-4-5-6,31408,31191,29349,21849,20
descendant,1,d30,0x76380792d43b1dbb8f81b33d0279557ee,qroot,3,4,1,solved,True,0.09004499999991822,12,1043,6,4,6-3-4-2-3-2-3-4-5-6,4258,4194,722,455,17
random,,r35,0x2b74588391ee3766abe909bc5e572f583,qroot,3,5,1,solved,True,9.530630999999971,15,3436,6,6,6-6-6-6-5-5-5-5-5-2-3-2-3-4-5-6,32044,29281,9790,5037,20
descendant,0,d105,0x16757ef5aeaa0592f69ecd0e05d2727c1,qroot,3,4,1,solved,True,0.08356800000001385,12,1043,6,4,6-3-4-2-3-2-3-4-5-6,4707,4643,723,455,17
descendant,0,d249,0x61aeef6ef85ff4a68818d4d0aa03567ea,qroot,3,5,1,solved,True,28.595062999999982,15,3436,6,6,6-6-6-6-5-6-2-3-4-5-6,32634,32299,29407,21891,20
descendant,0,d217,0x4a61b1d6894bdf065f2e8452518ba7929,qroot,3,5,1,solved,True,28.395629999999983,15,3436,6,6,6-6-6-6-6-2-3-4-5-6,31411,31188,29349,21850,20
descendant,0,d87,0xd18ba4b0f46de0f1595b84056b3fcffb,qroot,3,4,1,solved,True,0.07986000000005333,12,1043,6,4,6-3-4-2-3-2-3-4-5-6,4279,4214,712,446,17
random,,r29,0x1432bc8937487ee95232c92aec87eb936,qroot,3,4,1,solved,True,0.08312200000000303,12,1043,6,4,6-3-4-2-3-2-3-4-5-6,4293,4226,737,463,17
descendant,1,d242,0x54aae193ab4ce46cc2cfbeb7a32a56e7b,qroot,3,4,1,solved,True,0.09583700000007411,12,1043,6,4,6-3-4-2-3-2-3-4-5-6,5112,5047,718,451,17
descendant,0,d185,0x5a4e7d16ce77472dec7477e78fbf9905b,qroot,3,5,1,solved,True,10.550123999999983,15,3436,6,6,6-6-6-6-5-5-5-5-5-2-3-2-3-4-5-6,33972,31243,10215,5264,20
descendant,1,d184,0x2a50cae17267e4772e3b0132877996912,qroot,3,4,1,solved,True,0.0794100000000526,12,1043,6,4,6-4-2-3-2-3-4-5-6,4107,4043,688,429,17
descendant,1,d102,0x7200cf2ff4d279ce096e5dba8b281d236,qroot,3,5,1,solved,True,28.12632599999995,15,3436,6,6,6-6-6-6-6-2-3-4-5-6,31420,31202,29369,21868,20
descendant,0,d45,0x40bb9e1577a5e671bfd24982cff49b933,qroot,3,5,1,solved,True,28.200095000000033,15,3436,6,6,6-6-6-6-6-2-3-4-5-6,31409,31181,29379,21882,20
descendant,1,d103,0x7daf41c59cc347af322f3eeb07d3de9ea,qroot,3,4,1,solved,True,0.10116200000004483,12,1043,6,4,6-3-4-2-3-2-3-4-5-6,4739,4675,877,559,17
descendant,1,d91,0x77a59fa1ec12e7df8655dd995dec5bef2,qroot,3,5,1,solved,True,28.125730999999973,15,3436,6,6,6-6-6-6-6-2-3-4-5-6,31388,31168,29356,21859,20
descendant,1,d43,0x3eac3e851da537c0d7da0938edc51d5ca,qroot,3,5,1,solved,True,28.27076199999999,15,3436,6,6,6-6-6-6-6-2-3-4-5-6,31398,31185,29358,21858,20
descendant,0,d57,0x7e692af8166d618f5dfcae83e865bcd56,qroot,3,5,1,solved,True,9.736442000000011,15,3436,6,6,6-6-6-6-5-5-5-5-2-3-2-3-4-5-6,31271,28504,9775,5030,20
descendant,0,d20,0x70ee59e58bd87a0ac65827c10cbf6d4b4,qroot,3,4,1,solved,True,0.07955099999992399,12,1043,6,4,6-4-2-3-2-3-4-5-6,4374,4307,689,428,17
descendant,0,d241,0x413b94cd1c2e83d2a5b45741dd6b3795f,qroot,3,4,1,solved,True,0.09959700000001703,12,1043,6,4,6-3-4-2-3-2-3-4-5-6,4611,4546,720,454,17
descendant,1,d259,0x6d46a1b88290e348d3116055c40d4b21e,qroot,3,4,1,solved,True,0.08295399999997244,12,1043,6,4,6-3-4-2-3-2-3-4-5-6,4051,3987,708,444,17
descendant,0,d201,0x5be8944d433669e6e1d91f80af0203097,qroot,3,5,1,solved,True,28.275294999999915,15,3436,6,6,6-6-6-6-6-2-3-4-5-6,31408,31190,29367,21871,20
descendant,1,d93,0x2369c56cd97a340070a36bb606e2a62d8,qroot,3,4,1,solved,True,0.09232199999996737,12,1043,6,4,6-3-4-2-3-2-3-4-5-6,4579,4513,811,520,17
random,,r12,0x2a6480a010e4cbacc6be41a6273edb5a,qroot,3,5,1,solved,True,9.707672000000116,15,3436,6,6,6-6-6-6-5-5-5-5-2-3-2-3-4-5-6,31830,29074,9772,5034,20
descendant,1,d180,0x1e7d56fa1e94716a29fd4c6e079432427,qroot,3,4,1,solved,True,0.08535199999994347,12,1043,6,4,6-3-4-2-3-2-3-4-5-6,3933,3869,705,441,17
descendant,0,d155,0x6a26ae33f796563d34a0d159f9b5dc012,qroot,3,4,1,solved,True,0.09025199999996403,12,1043,6,4,6-3-4-2-3-2-3-4-5-6,5374,5307,714,448,17
descendant,1,d141,0x1d905d916248f4d5b99bffb706fccae9f,qroot,3,5,1,solved,True,28.398893999999927,15,3436,6,6,6-6-6-6-6-2-3-4-5-6,31397,31179,29351,21850,20
descendant,0,d37,0x5621482622ef68231a3a01496c65aee5d,qroot,3,4,1,solved,True,0.09601499999996577,12,1043,6,4,6-3-4-2-3-2-3-4-5-6,4620,4555,726,458,17
descendant,0,d114,0x1f68d35be6e1253263633db1508483125,qroot,3,4,1,solved,True,0.08227500000009513,12,1043,6,4,6-3-4-2-3-2-3-4-5-6,4435,4369,708,441,17
descendant,0,d36,0x451b962e8e37e5267349c9f6aae91ea13,qroot,3,4,1,solved,True,0.08442700000000514,12,1043,6,4,6-3-4-2-3-2-3-4-5-6,4258,4194,708,443,17
random,,r29,0x1432bc8937487ee95232c92aec87eb936,qroot,3,5,1,solved,True,8.542877999999973,15,3436,6,6,6-6-6-6-5-5-5-5-4-4-2-3-2-3-4-5-6,32276,29598,8596,4306,20
descendant,0,d165,0x64fcdc81cc55310cd05c6a8d83db3faae,qroot,3,5,1,solved,True,28.481308000000013,15,3436,6,6,6-6-6-6-6-2-3-4-5-6,31394,31181,29346,21856,20
descendant,0,d226,0x784c5a04e4248b2f69d9fbad9c33498a8,qroot,3,5,1,solved,True,9.868064999999888,15,3436,6,6,6-6-6-6-5-5-5-5-5-2-3-2-3-4-5-6,31792,29036,9778,5029,20
descendant,0,d3,0x2970943988085c950a464102342c27420,qroot,3,5,1,solved,True,28.416902999999934,15,3436,6,6,6-6-6-6-6-2-3-4-5-6,31419,31199,29375,21870,20
descendant,1,d218,0x52455e82f4810c9381cc3e182bb9590cb,qroot,3,4,1,solved,True,0.08133299999997234,12,1043,6,4,6-4-2-3-2-3-4-5-6,4041,3977,684,425,17
random,,r16,0x2ccdb1f2f7e0e0618f895376df6fc0f2f,qroot,3,4,1,solved,True,0.08548800000005485,12,1043,6,4,6-3-4-2-3-2-3-4-5-6,4308,4243,792,506,17
descendant,1,d149,0x6a29a1bba81a817f02b7940b0723de894,qroot,3,5,1,solved,True,28.649928000000045,15,3436,6,6,6-6-6-6-6-2-3-4-5-6,31405,31184,29333,21845,20
random,,r20,0x631526e649146dd8e894a9297744d40d3,qroot,3,5,1,solved,True,9.684342000000015,15,3436,6,6,6-6-6-6-5-5-5-5-2-3-2-3-4-5-6,31333,28570,9760,5019,20
descendant,1,d30,0x76380792d43b1dbb8f81b33d0279557ee,qroot,3,5,1,solved,True,28.508555,15,3436,6,6,6-6-6-6-6-2-3-4-5-6,31395,31180,29359,21858,20
descendant,0,d126,0x2cacb70dc47e5b9a6349c787b5c32bcfa,qroot,3,5,1,solved,True,27.932984000000033,15,3436,6,6,6-6-6-6-6-2-3-4-5-6,31391,31173,29362,21861,20
descendant,0,d189,0x42a1f19b9bc836a1efec12c5c3d2c8e51,qroot,3,5,1,solved,True,28.046515999999997,15,3436,6,6,6-6-6-6-6-2-3-4-5-6,31401,31184,29356,21858,20
descendant,0,d108,0x63d191066a33756500331f9bdec19981a,qroot,3,4,1,solved,True,0.08497199999999339,12,1043,6,4,6-3-4-2-3-2-3-4-5-6,4091,4028,715,448,17
descendant,0,d247,0x247cc923f8dba9dedcc08874b53bc07f8,qroot,3,4,1,solved,True,0.09339999999997417,12,1043,6,4,6-3-4-2-3-2-3-4-5-6,4526,4460,715,448,17
descendant,1,d71,0x112ac2dcb4366ab589479f8be934e6f93,qroot,3,5,1,solved,True,8.32627600000012,15,3436,6,6,6-6-6-6-5-5-5-5-4-4-2-3-2-3-4-5-6,32582,29877,8652,4346,20
descendant,1,d172,0x31ac4e23f32628817f72908e8f41db46e,qroot,3,5,1,solved,True,8.191353999999933,15,3436,6,6,6-6-6-6-5-5-5-5-4-4-2-3-2-3-4-5-6,32698,29994,8649,4340,20
descendant,1,d95,0x166016c7eb66b831db4d56e3a8b3b83e5,qroot,3,4,1,solved,True,0.08274700000004032,12,1043,6,4,6-3-4-2-3-2-3-4-5-6,4378,4313,719,451,17
descendant,0,d100,0x5bfbcc3510ca0a9d591a1a066a729f6fd,qroot,3,4,1,solved,True,0.0837619999999788,12,1043,6,4,6-4-2-3-2-3-4-5-6,4431,4365,688,427,17
descendant,1,d11,0x1f3826f848cff1f6c9657117ef4ddd139,qroot,3,4,1,solved,True,0.08705000000009022,12,1043,6,4,6-3-4-2-3-2-3-4-5-6,4344,4279,739,468,17
descendant,0,d46,0x4b2f5a6a9f200e2ac4fddf1fce4666629,qroot,3,5,1,solved,True,27.707547999999974,15,3436,6,6,6-6-6-6-6-2-3-4-5-6,31412,31187,29371,21870,20
descendant,1,d158,0x6f514cabfdbec0ee57f5dcc4987dc83f0,qroot,3,5,1,solved,True,27.954340000000002,15,3436,6,6,6-6-6-6-6-2-3-4-5-6,31388,31177,29369,21865,20
descendant,1,d18,0x289bcd46096a3b58450dd47e44342c9b,qroot,3,4,1,solved,True,0.08533200000010766,12,1043,6,4,6-3-4-2-3-2-3-4-5-6,4900,4836,724,454,17
descendant,1,d190,0x5f45884e703f81e86996cccf0a8c14659,qroot,3,5,1,solved,True,27.741764000000103,15,3436,6,6,6-6-6-6-6-2-3-4-5-6,31411,31185,29372,21874,20
descendant,1,d190,0x5f45884e703f81e86996cccf0a8c14659,qroot,3,4,1,solved,True,0.08332199999995282,12,1043,6,4,6-3-4-2-3-2-3-4-5-6,4215,4152,715,452,17
descendant,0,d108,0x63d191066a33756500331f9bdec19981a,qroot,3,5,1,solved,True,27.627442000000087,15,3436,6,6,6-6-6-6-6-2-3-4-5-6,31401,31181,29351,21851,20
descendant,1,d47,0x260f9f8f3f79f7086acab2a71f18a1e02,qroot,3,4,1,solved,True,0.08761700000002293,12,1043,6,4,6-3-4-2-3-2-3-4-5-6,4344,4278,716,449,17
descendant,0,d201,0x5be8944d433669e6e1d91f80af0203097,qroot,3,4,1,solved,True,0.09437799999989238,12,1043,6,4,6-3-4-2-3-2-3-4-5-6,5375,5310,871,555,17
descendant,1,d62,0x7c8857448d048353655694cc56d75363c,qroot,3,4,1,solved,True,0.08168000000000575,12,1043,6,4,6-4-2-3-2-3-4-5-6,4174,4111,685,428,17
descendant,0,d66,0x710351313dbb97511f377b21f0b7e015c,qroot,3,5,1,solved,True,27.950085999999942,15,3436,6,6,6-6-6-6-6-2-3-4-5-6,31403,31186,29360,21859,20
descendant,1,d199,0xf3be1caa95cb497917b9e131862e6fbd,qroot,3,5,1,solved,True,27.503416000000016,15,3436,6,6,6-6-6-6-6-2-3-4-5-6,31387,31169,29350,21857,20
descendant,1,d125,0x6f9ec285d8991601bad5803fdac48a14c,qroot,3,5,1,solved,True,27.59056099999998,15,3436,6,6,6-6-6-6-6-2-3-4-5-6,31404,31186,29334,21847,20
descendant,0,d97,0x5f839b44fc3eb024c876bf2d4d24f0239,qroot,3,4,1,solved,True,0.08019400000000587,12,1043,6,4,6-3-4-2-3-2-3-4-5-6,4141,4076,713,444,17
descendant,1,d169,0x481775947d9b40c5b2c73300165906ba1,qroot,3,5,1,solved,True,27.477179999999976,15,3436,6,6,6-6-6-6-6-2-3-4-5-6,31403,31183,29345,21856,20
descendant,0,d13,0x63ded55f267083bb775bb261b518421d6,qroot,3,4,1,solved,True,0.08496999999988475,12,1043,6,4,6-3-4-2-3-2-3-4-5-6,5205,5139,820,530,17
descendant,0,d38,0x40fc2570132c44b84b8fe1e531eac5b1f,qroot,3,4,1,solved,True,0.08836300000007213,12,1043,6,4,6-4-2-3-2-3-4-5-6,4432,4366,711,446,17
descendant,0,d241,0x413b94cd1c2e83d2a5b45741dd6b3795f,qroot,3,5,1,solved,True,27.41472799999997,15,3436,6,6,6-6-6-6-6-2-3-4-5-6,31392,31177,29370,21860,20
descendant,1,d124,0x15dbca5211d9ba2d338bb55c508f06c69,qroot,3,5,1,solved,True,27.42264,15,3436,6,6,6-6-6-6-6-2-3-4-5-6,31414,31194,29373,21874,20
random,,r11,0x6166d7f51a48315926f85cfc243b1340b,qroot,3,4,1,solved,True,0.08605199999999513,12,1043,6,4,6-3-4-2-3-2-3-4-5-6,4751,4683,801,513,17
random,,r4,0x5aed395528d9334d7b0db1091b2fccab3,qroot,3,5,1,solved,True,9.522875999999997,15,3436,6,6,6-6-6-6-5-5-5-5-5-2-3-2-3-4-5-6,31655,28890,9787,5033,20
descendant,1,d164,0x4f0c59bdf8c9054d7b84ff2224bf718eb,qroot,3,5,1,solved,True,8.34315700000002,15,3436,6,6,6-6-6-6-5-5-5-5-4-4-2-3-2-3-4-5-6,32344,29651,8633,4336,20
random,,r32,0x13660c9d070543bce43b933f85c1a1816,qroot,3,5,1,solved,True,27.78050399999995,15,3436,6,6,6-6-6-6-6-2-3-4-5-6,31403,31178,29343,21851,20
random,,r31,0x40137030b0fd3ef8da5ea4ff481444876,qroot,3,4,1,solved,True,0.0777180000000044,12,1043,6,4,6-3-4-2-3-2-3-4-5-6,4931,4866,732,460,17
descendant,1,d24,0x2d22cfd861ae9e73299a94b877a445f40,qroot,3,5,1,solved,True,27.67794499999991,15,3436,6,6,6-6-6-6-6-2-3-4-5-6,31410,31192,29361,21861,20
descendant,1,d24,0x2d22cfd861ae9e73299a94b877a445f40,qroot,3,4,1,solved,True,0.08578700000009576,12,1043,6,4,6-3-4-2-3-2-3-4-5-6,4938,4872,700,434,17
descendant,1,d47,0x260f9f8f3f79f7086acab2a71f18a1e02,qroot,3,5,1,solved,True,27.90894400000002,15,3436,6,6,6-6-6-6-6-2-3-4-5-6,31414,31196,29348,21855,20
descendant,1,d246,0x351aae75214f94bf197cf8bb77c135d24,qroot,3,5,1,solved,True,27.938509000000067,15,3436,6,6,6-6-6-6-6-2-3-4-5-6,31411,31191,29355,21859,20
descendant,0,d178,0x2c9787372de01833166562c539cbae02c,qroot,3,5,1,solved,True,28.01790100000005,15,3436,6,6,6-6-6-6-6-2-3-4-5-6,31398,31178,29367,21872,20
descendant,0,d75,0x588cdbe30c37d9547410df815a02110fb,qroot,3,4,1,solved,True,0.0888639999999441,12,1043,6,4,6-3-4-2-3-2-3-4-5-6,5009,4944,724,458,17
descendant,0,d56,0x5d316d4b7afaec476c88d203d130e1c73,qroot,3,5,1,solved,True,9.624605999999972,15,3436,6,6,6-6-6-6-5-5-5-5-5-2-3-2-3-4-5-6,31609,28844,9778,5029,20
descendant,1,d52,0x62ae49abea18c3bf2d4eb301cea6f5cc8,qroot,3,4,1,solved,True,0.08324400000003607,12,1043,6,4,6-3-4-2-3-2-3-4-5-6,4561,4496,782,496,17
descendant,1,d32,0x6df517c2da1d083293a36a0c29450e6d8,qroot,3,4,1,solved,True,0.08094099999993887,12,1043,6,4,6-3-4-2-3-2-3-4-5-6,4773,4708,699,434,17
descendant,1,d237,0x4e96d24e294b11bdfd4dff9e1fd7635c3,qroot,3,5,1,solved,True,27.66756399999997,15,3436,6,6,6-6-6-6-6-2-3-4-5-6,31382,31159,29348,21851,20
descendant,0,d219,0x2bb98e98beee47dc4dac5c21dde510d9,qroot,3,4,1,solved,True,0.09529000000009091,12,1043,6,4,6-3-4-2-3-2-3-4-5-6,5355,5290,722,456,17
descendant,1,d171,0x6160c4d7681e3872568b87486e0ac852a,qroot,3,4,1,solved,True,0.07381199999997534,12,1043,6,4,6-3-4-2-3-2-3-4-5-6,5689,5621,727,457,17
descendant,1,d88,0x11c4791a0462daffe9cf91df98b522b83,qroot,3,4,1,solved,True,0.08470299999987674,12,1043,6,4,6-3-4-2-3-2-3-4-5-6,4212,4148,710,445,17
descendant,0,d116,0x522a0dc6e5a8a3a25617a4db3848460fd,qroot,3,5,1,solved,True,9.384890000000155,15,3436,6,6,6-6-6-6-5-5-5-5-5-2-3-2-3-4-5-6,31619,28858,9773,5028,20
descendant,0,d191,0x7a8fc7068fa065ddd29042d4bc728e400,qroot,3,4,1,solved,True,0.07563399999992271,12,1043,6,4,6-4-2-3-2-3-4-5-6,4234,4171,686,428,17
descendant,1,d117,0xc3fba0ce2cceeb15eac58c76061f5329,qroot,3,5,1,solved,True,27.58245499999998,15,3436,6,6,6-6-6-6-6-2-3-4-5-6,31407,31188,29359,21863,20
descendant,1,d113,0x57e3b39aea7b420456d85034025e6935f,qroot,3,4,1,solved,True,0.08442300000001524,12,1043,6,4,6-3-4-2-3-2-3-4-5-6,4807,4743,704,439,17
descendant,1,d60,0x2f19d882161a586fe5dcf491ce6055114,qroot,3,4,1,solved,True,0.07867399999986446,12,1043,6,4,6-4-2-3-2-3-4-5-6,4268,4203,696,436,17
descendant,1,d139,0x3f3a3c2426b89e5f111720f26746debb6,qroot,3,4,1,solved,True,0.08364400000004935,12,1043,6,4,6-3-4-2-3-2-3-4-5-6,4355,4289,705,438,17
descendant,0,d197,0x283e0e7def2f755a62c475993b97cc610,qroot,3,5,1,solved,True,27.497216999999864,15,3436,6,6,6-6-6-6-6-2-3-4-5-6,31398,31173,29360,21863,20
descendant,0,d8,0x3b6646f40bb8585bd29898f087d04aaa2,qroot,3,4,1,solved,True,0.08190999999999349,12,1043,6,4,6-3-4-2-3-2-3-4-5-6,4486,4420,717,450,17
descendant,1,d125,0x6f9ec285d8991601bad5803fdac48a14c,qroot,3,4,1,solved,True,0.08937900000012178,12,1043,6,4,6-3-4-2-3-2-3-4-5-6,4521,4453,718,450,17
descendant,1,d73,0x6c207545189a4d6a1a9a36f6ef83e6e40,qroot,3,5,1,solved,True,9.203691000000049,15,3436,6,6,6-6-6-6-5-5-5-5-5-2-3-2-3-4-5-6,31686,28917,9786,5037,20
descendant,1,d136,0x824921094879bc269f3074668ba97b8f,qroot,3,5,1,solved,True,27.186612999999966,15,3436,6,6,6-6-6-6-6-2-3-4-5-6,31394,31178,29350,21855,20
descendant,0,d222,0x1b9b6a54a2b4db0634c71eb2d65d3a5d5,qroot,3,5,1,solved,True,27.140273999999977,15,3436,6,6,6-6-6-6-6-2-3-4-5-6,31394,31184,29327,21837,20
descendant,1,d172,0x31ac4e23f32628817f72908e8f41db46e,qroot,3,4,1,solved,True,0.07958699999994678,12,1043,6,4,6-3-4-2-3-2-3-4-5-6,5122,5054,720,452,17
random,,r38,0x7c9c6d2352c2608a8e1ac55e2a08404a6,qroot,3,4,1,solved,True,0.08630300000004354,12,1043,6,4,6-4-2-3-2-3-4-5-6,4426,4359,689,428,17
random,,r24,0x747d2357324667ee875d2604ed162987a,qroot,3,5,1,solved,True,9.329611999999997,15,3436,6,6,6-6-6-6-5-5-5-5-5-2-3-2-3-4-5-6,31350,28575,9777,5022,20
descendant,1,d119,0x15ce9d4d971bf063c018cb2ac172e1699,qroot,3,4,1,solved,True,0.08721299999990606,12,1043,6,3,6-3-3-3-4-2-2-3-4-5-6,4855,4790,969,650,17
descendant,0,d31,0x4b1b29aee3f459f4bcd186dc352d0372b,qroot,3,5,1,solved,True,8.462978000000021,15,3436,6,6,6-6-6-6-5-5-5-2-3-2-3-4-5-6,32401,29669,9025,4650,20
descendant,1,d85,0x521634e1195c62fbebdbbc62e7e3de8df,qroot,3,4,1,solved,True,0.07837700000004588,12,1043,6,4,6-4-2-3-2-3-4-5-6,4157,4093,678,420,17
descendant,1,d60,0x2f19d882161a586fe5dcf491ce6055114,qroot,3,5,1,solved,True,27.138954000000012,15,3436,6,6,6-6-6-6-6-2-3-4-5-6,31399,31185,29373,21865,20
descendant,0,d105,0x16757ef5aeaa0592f69ecd0e05d2727c1,qroot,3,5,1,solved,True,27.42267400000003,15,3436,6,6,6-6-6-6-5-6-2-3-4-5-6,32511,32172,29406,21904,20
descendant,1,d131,0x5aec3bd9f85ce0f5ba815deed00bd4299,qroot,3,5,1,solved,True,27.48240199999998,15,3436,6,6,6-6-6-6-6-2-3-4-5-6,31396,31175,29365,21863,20
descendant,0,d20,0x70ee59e58bd87a0ac65827c10cbf6d4b4,qroot,3,5,1,solved,True,27.54297399999996,15,3436,6,6,6-6-6-6-6-2-3-4-5-6,31401,31182,29359,21865,20
random,,r19,0xf927f03ec08af50e561038de2624e156,qroot,3,4,1,solved,True,0.09025399999995898,12,1043,6,4,6-3-4-2-3-2-3-4-5-6,4906,4842,722,454,17
descendant,0,d222,0x1b9b6a54a2b4db0634c71eb2d65d3a5d5,qroot,3,4,1,solved,True,0.09196400000007543,12,1043,6,4,6-3-4-2-3-2-3-4-5-6,4887,4822,730,462,17
descendant,0,d260,0x42574b08f9dc08ecd2e13d8090ad12b21,qroot,3,5,1,solved,True,27.50883900000008,15,3436,6,6,6-6-6-6-6-2-3-4-5-6,31423,31206,29353,21860,20
descendant,0,d243,0xb41df04135dbd12d89cc1cd57e12d4f7,qroot,3,4,1,solved,True,0.08414000000004762,12,1043,6,4,6-4-2-3-2-3-4-5-6,4285,4220,696,436,17
random,,r20,0x631526e649146dd8e894a9297744d40d3,qroot,3,4,1,solved,True,0.08953999999994267,12,1043,6,4,6-3-4-2-3-2-3-4-5-6,4626,4560,742,464,17
descendant,0,d64,0x1c9be51908f70d585373c6ee768481d1f,qroot,3,5,1,solved,True,27.153464999999983,15,3436,6,6,6-6-6-6-6-2-3-4-5-6,31395,31180,29368,21860,20
descendant,0,d40,0x1d91fad937e37dd0872eb5940e37f9123,qroot,3,4,1,solved,True,0.07799100000011094,12,1043,6,4,6-3-4-2-3-2-3-4-5-6,4536,4470,720,451,17
descendant,1,d154,0x67e7ce47a6ab0a6952374decd34902208,qroot,3,4,1,solved,True,0.07671799999980067,12,1043,6,4,6-3-4-2-3-2-3-4-5-6,5208,5143,737,466,17
descendant,1,d203,0x4b0e2eee613b7872f3b562cc8bbbb2c5d,qroot,3,5,1,solved,True,26.98940700000003,15,3436,6,6,6-6-6-6-6-2-3-4-5-6,31384,31167,29367,21867,20
descendant,0,d160,0x6edf6cf25c3495625e3f83de43362a932,qroot,3,5,1,solved,True,26.891706999999883,15,3436,6,6,6-6-6-6-6-2-3-4-5-6,31402,31183,29354,21853,20
descendant,0,d134,0x3ac6e24c614ec7d66d9b971c65619de54,qroot,3,4,1,solved,True,0.07836100000008628,12,1043,6,4,6-3-4-2-3-2-3-4-5-6,5119,5053,744,472,17
descendant,1,d92,0x4901868d3d3ffba413e1c8e2c6fd8f659,qroot,3,4,1,solved,True,0.08194000000003143,12,1043,6,4,6-4-2-3-2-3-4-5-6,4302,4238,693,435,17
descendant,1,d71,0x112ac2dcb4366ab589479f8be934e6f93,qroot,3,4,1,solved,True,0.08423300000026757,12,1043,6,4,6-3-4-2-3-2-3-4-5-6,4985,4921,705,442,17
descendant,1,d34,0x4ccd3eb998bd563dec81902c927ba27b1,qroot,3,4,1,solved,True,0.09186399999998685,12,1043,6,4,6-3-4-2-3-2-3-4-5-6,4147,4083,783,499,17
descendant,1,d192,0x3e7b386a26013c81d84cea0f890897db8,qroot,3,4,1,solved,True,0.07818599999995968,12,1043,6,4,6-3-4-2-3-2-3-4-5-6,4169,4104,719,453,17
descendant,1,d194,0x77160635e989a07d009776db14fef7a7a,qroot,3,4,1,solved,True,0.07965699999999742,12,1043,6,4,6-3-4-2-3-2-3-4-5-6,4644,4579,724,454,17
descendant,0,d189,0x42a1f19b9bc836a1efec12c5c3d2c8e51,qroot,3,4,1,solved,True,0.07810099999983322,12,1043,6,4,6-3-4-2-3-2-3-4-5-6,4029,3965,710,443,17
random,,r35,0x2b74588391ee3766abe909bc5e572f583,qroot,3,4,1,solved,True,0.07861900000011701,12,1043,6,4,6-3-4-2-3-2-3-4-5-6,4083,4020,713,450,17
descendant,0,d249,0x61aeef6ef85ff4a68818d4d0aa03567ea,qroot,3,4,1,solved,True,0.07976300000018455,12,1043,6,4,6-3-4-2-3-2-3-4-5-6,5426,5360,718,452,17
descendant,0,d128,0x47a535820bff7b9046dfb62d0ecf7fd8b,qroot,3,5,1,solved,True,26.814325000000053,15,3436,6,6,6-6-6-6-6-2-3-4-5-6,31403,31186,29349,21853,20
descendant,1,d251,0x2ceb5a2074f07d9841d4fc365c56074f0,qroot,3,5,1,solved,True,26.94410999999991,15,3436,6,6,6-6-6-6-6-2-3-4-5-6,31391,31173,29348,21845,20
descendant,0,d99,0x5f3d085e99edc7c4a2d95fca485a75af1,qroot,3,5,1,solved,True,26.91705499999989,15,3436,6,6,6-6-6-6-6-2-3-4-5-6,31408,31193,29354,21856,20
descendant,0,d186,0x3dba68d2d1db144f20fe0652052ae0350,qroot,3,5,1,solved,True,26.529561000000058,15,3436,6,6,6-6-6-6-6-2-3-4-5-6,31419,31191,29366,21878,20
random,,r5,0x57d2f5a17fa44525671162d58f74a9fe6,qroot,3,5,1,solved,True,26.607479999999896,15,3436,6,6,6-6-6-6-6-2-3-4-5-6,31393,31174,29328,21841,20
random,,r32,0x13660c9d070543bce43b933f85c1a1816,qroot,3,4,1,solved,True,0.08101299999998446,12,1043,6,4,6-3-4-2-3-2-3-4-5-6,4256,4191,712,446,17
descendant,1,d209,0x53d636e33f1f10e6597bfb1937eb25ad5,qroot,3,4,1,solved,True,0.07817000000000007,12,1043,6,4,6-4-2-3-2-3-4-5-6,4014,3950,684,425,17
descendant,0,d128,0x47a535820bff7b9046dfb62d0ecf7fd8b,qroot,3,4,1,solved,True,0.09425300000020798,12,1043,6,4,6-3-4-2-3-2-3-4-5-6,4694,4628,776,483,17
random,,r36,0x79a58d762514600707aabe58bb3c067e7,qroot,3,4,1,solved,True,0.08169299999985924,12,1043,6,4,6-3-4-2-3-2-3-4-5-6,4464,4398,734,458,17
descendant,0,d23,0x73d4550749610733989b4267b13ceb154,qroot,3,5,1,solved,True,26.770114999999805,15,3436,6,6,6-6-6-6-6-2-3-4-5-6,31406,31185,29344,21852,20
descendant,0,d112,0x1994e3603f97ef024ee05440540a67bc7,qroot,3,4,1,solved,True,0.07896800000003168,12,1043,6,4,6-4-2-3-2-3-4-5-6,3990,3926,679,420,17
random,,r39,0x17f6c1f4e6a18e32e97b46fcc519c19ca,qroot,3,5,1,solved,True,26.79904499999998,15,3436,6,6,6-6-6-6-6-2-3-4-5-6,31390,31176,29360,21861,20
descendant,1,d252,0xe43fb0fe777efe51039f44e71025f65f,qroot,3,5,1,solved,True,26.747589999999946,15,3436,6,6,6-6-6-6-6-2-3-4-5-6,31412,31192,29363,21865,20
descendant,1,d154,0x67e7ce47a6ab0a6952374decd34902208,qroot,3,5,1,solved,True,27.470722000000023,15,3436,6,6,6-6-6-6-6-2-3-4-5-6,31576,31180,29450,21922,20
descendant,1,d83,0x62b4a3a40650f0529e2400d3eece5659a,qroot,3,4,1,solved,True,0.08780900000010661,12,1043,6,4,6-4-2-3-2-3-4-5-6,4468,4402,688,427,17
descendant,0,d94,0x201948b922c9601f6abed0f30a801999c,qroot,3,4,1,solved,True,0.08148599999981343,12,1043,6,4,6-4-2-3-2-3-4-5-6,4017,3952,681,421,17
descendant,0,d219,0x2bb98e98beee47dc4dac5c21dde510d9,qroot,3,5,1,solved,True,9.162699999999859,15,3436,6,6,6-6-6-6-5-5-5-5-5-2-3-2-3-4-5-6,31683,28915,9779,5027,20
descendant,1,d146,0x73f7535c6e0b5b5c9d0b24b2809486a0e,qroot,3,4,1,solved,True,0.0825070000003052,12,1043,6,4,6-3-4-2-3-2-3-4-5-6,4404,4338,720,448,17
descendant,0,d26,0x4800e3f366f34256d3a0e9d83c733f723,qroot,3,5,1,solved,True,9.01765800000021,15,3436,6,6,6-6-6-6-5-5-5-5-5-2-3-2-3-4-5-6,31428,28659,9766,5024,20
descendant,1,d246,0x351aae75214f94bf197cf8bb77c135d24,qroot,3,4,1,solved,True,0.08458199999972749,12,1043,6,4,6-3-4-2-3-2-3-4-5-6,5075,5010,796,514,17
descendant,0,d229,0x2439e5e8ce836a3b3b4c69b74af0a2938,qroot,3,4,1,solved,True,0.07986899999991692,12,1043,6,4,6-4-2-3-2-3-4-5-6,4082,4017,686,426,17
descendant,0,d196,0x23a62a12fdf9debbc917395443182a71e,qroot,3,4,1,solved,True,0.07956800000010844,12,1043,6,4,6-3-4-2-3-2-3-4-5-6,4428,4363,720,452,17
descendant,0,d65,0x78b05fd79fa0a76be42333888ec90d7ca,qroot,3,4,1,solved,True,0.08461099999999533,12,1043,6,4,6-3-4-2-3-2-3-4-5-6,5185,5121,705,442,17
descendant,1,d39,0x3c78dedcf68e2e98f70c556392ccec84a,qroot,3,5,1,solved,True,26.834146000000146,15,3436,6,6,6-6-6-6-6-2-3-4-5-6,31419,31201,29356,21856,20
descendant,1,d251,0x2ceb5a2074f07d9841d4fc365c56074f0,qroot,3,4,1,solved,True,0.08380199999987781,12,1043,6,4,6-4-2-2-3-2-3-4-5-6,4804,4739,660,407,17
descendant,1,d6,0x9399e01e8799a5fdd6da3c246e32acd5,qroot,3,5,1,solved,True,26.982668999999987,15,3436,6,6,6-6-6-6-6-2-3-4-5-6,31388,31175,29344,21846,20
descendant,0,d1,0x53b2a15d2d4705b05b37fc29b03e5b64d,qroot,3,4,1,solved,True,0.0791349999999511,12,1043,6,4,6-3-4-2-3-2-3-4-5-6,5193,5129,715,450,17
descendant,0,d200,0x42635959679c428526fef4c7fa45ed8d5,qroot,3,5,1,solved,True,26.997195999999803,15,3436,6,6,6-6-6-6-5-6-2-3-4-5-6,32336,31997,29387,21888,20
descendant,1,d96,0x2269b6d64e03765c0739b92bdbd1228ca,qroot,3,4,1,solved,True,0.0829550000000836,12,1043,6,4,6-3-4-2-3-2-3-4-5-6,5131,5066,795,507,17
descendant,0,d14,0x6d1293ed7a6e90cef0292851db18baa38,qroot,3,4,1,solved,True,0.0781170000000202,12,1043,6,4,6-4-2-3-2-3-4-5-6,4297,4233,684,425,17
descendant,0,d204,0x41e5c9c12a84e81e5d2a9ea4246c36d67,qroot,3,5,1,solved,True,9.161125000000084,15,3436,6,6,6-6-6-6-5-5-5-5-5-2-3-2-3-4-5-6,31406,28635,9774,5023,20
descendant,0,d64,0x1c9be51908f70d585373c6ee768481d1f,qroot,3,4,1,solved,True,0.086037000000033,12,1043,6,4,6-3-4-2-3-2-3-4-5-6,4208,4141,712,445,17
random,,r4,0x5aed395528d9334d7b0db1091b2fccab3,qroot,3,4,1,solved,True,0.08232199999997647,12,1043,6,4,6-3-4-2-3-2-3-4-5-6,4382,4318,719,454,17
descendant,1,d157,0x2a281bc876e2581b088fa834d83f0118a,qroot,3,5,1,solved,True,26.765333000000282,15,3436,6,6,6-6-6-6-6-2-3-4-5-6,31413,31194,29336,21844,20
descendant,1,d32,0x6df517c2da1d083293a36a0c29450e6d8,qroot,3,5,1,solved,True,26.30320800000004,15,3436,6,6,6-6-6-6-6-2-3-4-5-6,31388,31169,29351,21853,20
descendant,0,d40,0x1d91fad937e37dd0872eb5940e37f9123,qroot,3,5,1,solved,True,26.875986999999895,15,3436,6,6,6-6-6-6-6-2-3-4-5-6,31424,31197,29360,21862,20
descendant,1,d107,0x1e1c60e485ca18e811e59d7a38ab556d3,qroot,3,5,1,solved,True,26.73911000000021,15,3436,6,6,6-6-6-6-6-2-3-4-5-6,31415,31195,29338,21850,20
descendant,1,d210,0x4629681bbd7f5f6d22f01b3d433bb361,qroot,3,4,1,solved,True,0.08627699999988181,12,1043,6,4,6-3-4-2-3-2-3-4-5-6,4203,4138,710,440,17
descendant,0,d261,0x184c28af14000136d0051c59203a1e0f5,qroot,3,5,1,solved,True,26.779565000000048,15,3436,6,6,6-6-6-6-6-2-3-4-5-6,31410,31192,29381,21875,20
random,,r1,0x663f611ae0458018c496d4a4d64951786,qroot,3,5,1,solved,True,7.758382999999867,15,3436,6,6,6-6-6-6-5-5-5-5-4-4-2-3-2-3-4-5-6,32156,29468,8612,4317,20
descendant,1,d233,0x765838b47f9f40f77070ab500719552ea,qroot,3,5,1,solved,True,26.71812,15,3436,6,6,6-6-6-6-6-2-3-4-5-6,31385,31162,29337,21846,20
descendant,1,d104,0x4df77d1a97b20dfb21192482f1cd7bd6d,qroot,3,4,1,solved,True,0.10105799999996634,12,1043,6,4,6-3-4-2-3-2-3-4-5-6,4827,4762,724,458,17
descendant,1,d21,0xadada875c148325bf5339de87d1af447,qroot,3,5,1,solved,True,8.965872999999874,15,3436,6,6,6-6-6-6-5-5-5-5-5-2-3-2-3-4-5-6,31945,29168,9798,5052,20
descendant,0,d143,0x629c3e04d9c9920d0562093e9e93e2892,qroot,3,5,1,solved,True,8.882903999999826,15,3436,6,6,6-6-6-6-5-5-5-5-5-2-3-2-3-4-5-6,31677,28922,9771,5025,20
descendant,0,d152,0x208a2d7942206e50ac164b06555e88aa0,qroot,3,5,1,solved,True,26.427598999999873,15,3436,6,6,6-6-6-6-6-2-3-4-5-6,31374,31161,29359,21853,20
descendant,1,d76,0x7fb7abef5d088e70bff2b2264ca09f8cc,qroot,3,4,1,solved,True,0.09035199999993893,12,1043,6,4,6-3-4-2-3-2-3-4-5-6,4090,4026,788,502,17
descendant,1,d102,0x7200cf2ff4d279ce096e5dba8b281d236,qroot,3,4,1,solved,True,0.0884329999998954,12,1043,6,4,6-3-4-2-3-2-3-4-5-6,4671,4607,765,486,17
random,,r9,0xbcbc4456bdb91df8d0c788266f072be3,qroot,3,5,1,solved,True,9.051273000000037,15,3436,6,6,6-6-6-6-5-5-5-5-5-2-3-2-3-4-5-6,31377,28594,9795,5039,20
descendant,1,d151,0x3273222f340ba0d98c96a57fafdd64b08,qroot,3,4,1,solved,True,0.07902600000011262,12,1043,6,4,6-4-2-3-2-3-4-5-6,4592,4528,700,442,17
descendant,1,d182,0x33db101d94ca827f757e351001f0b87a6,qroot,3,5,1,solved,True,8.237953000000061,15,3436,6,6,6-6-6-6-5-5-5-2-3-2-3-4-5-6,31383,28639,9008,4630,20
random,,r31,0x40137030b0fd3ef8da5ea4ff481444876,qroot,3,5,1,solved,True,26.669742000000042,15,3436,6,6,6-6-6-6-6-2-3-4-5-6,31402,31186,29358,21856,20
descendant,0,d37,0x5621482622ef68231a3a01496c65aee5d,qroot,3,5,1,solved,True,9.04915700000015,15,3436,6,6,6-6-6-6-5-5-5-5-5-2-3-2-3-4-5-6,31723,28951,9790,5038,20
descendant,0,d258,0x370c6fa8b5d187828b6e9524b4ddd2bf,qroot,3,4,1,solved,True,0.08291099999996732,12,1043,6,4,6-3-4-2-3-2-3-4-5-6,4273,4208,714,448,17
descendant,0,d98,0x64aa618e4d7cf361dd0ab74a21806f1f0,qroot,3,4,1,solved,True,0.08100999999987835,12,1043,6,4,6-3-4-2-3-2-3-4-5-6,4433,4368,720,454,17
descendant,0,d144,0x3780d33c0316979e8c8eaf60a204c2906,qroot,3,4,1,solved,True,0.0905880000000252,12,1043,6,4,6-3-4-2-3-2-3-4-5-6,4236,4171,711,446,17
random,,r26,0x513835c8bc81a770bc62c6fb3425b721e,qroot,3,4,1,solved,True,0.07776200000012068,12,1043,6,4,6-3-4-2-3-2-3-4-5-6,4231,4167,722,454,17
descendant,0,d143,0x629c3e04d9c9920d0562093e9e93e2892,qroot,3,4,1,solved,True,0.0789910000000873,12,1043,6,4,6-3-4-2-3-2-3-4-5-6,4068,4004,704,440,17
descendant,1,d225,0x641725bc746169a468daa4939c4cadd22,qroot,3,4,1,solved,True,0.08900100000005295,12,1043,6,4,6-3-4-2-3-2-3-4-5-6,4087,4022,706,440,17
descendant,1,d15,0x3ebf8a5e492fd2ec12dc99e23299fe124,qroot,3,5,1,solved,True,8.161252999999988,15,3436,6,6,6-6-6-6-5-5-5-2-3-2-3-4-5-6,31242,28529,8964,4596,20
descendant,0,d245,0x16d04b90c7148e2cc402d6641bc2b904f,qroot,3,5,1,solved,True,9.43902799999978,15,3436,6,6,6-6-6-6-5-5-5-5-5-2-3-2-3-4-5-6,32318,29596,10175,5229,20
descendant,1,d215,0x337578b65f444d299ae723bed169c1cf4,qroot,3,5,1,solved,True,8.196167999999943,15,3436,6,6,6-6-6-6-5-5-5-2-3-2-3-4-5-6,31061,28341,8976,4610,20
descendant,0,d61,0x61dafffc801e3d12d932586bf313fc4fa,qroot,3,5,1,solved,True,26.510455999999976,15,3436,6,6,6-6-6-6-6-2-3-4-5-6,31397,31178,29366,21864,20
descendant,0,d65,0x78b05fd79fa0a76be42333888ec90d7ca,qroot,3,5,1,solved,True,26.460557999999992,15,3436,6,6,6-6-6-6-6-2-3-4-5-6,31401,31180,29341,21849,20
descendant,0,d187,0x73e3352312fe23aa3df7bc1387bd0f90e,qroot,3,5,1,solved,True,26.70256399999994,15,3436,6,6,6-6-6-6-6-2-3-4-5-6,31405,31186,29343,21852,20
random,,r3,0x12bffc766b5be2c3419af41fff7255cda,qroot,3,4,1,solved,True,0.08602399999995214,12,1043,6,4,6-3-4-2-3-2-3-4-5-6,5068,5002,718,452,17
descendant,0,d42,0x1729343319b55ebc3b3a82b1dc095d5b,qroot,3,4,1,solved,True,0.08622899999977562,12,1043,6,4,6-3-4-2-3-2-3-4-5-6,4612,4545,724,453,17
descendant,0,d8,0x3b6646f40bb8585bd29898f087d04aaa2,qroot,3,5,1,solved,True,26.501469000000043,15,3436,6,6,6-6-6-6-6-2-3-4-5-6,31393,31177,29329,21846,20
descendant,1,d113,0x57e3b39aea7b420456d85034025e6935f,qroot,3,5,1,solved,True,27.034655000000157,15,3436,6,6,6-6-6-6-6-2-3-4-5-6,31543,31182,29372,21859,20
descendant,0,d196,0x23a62a12fdf9debbc917395443182a71e,qroot,3,5,1,solved,True,26.706006000000116,15,3436,6,6,6-6-6-6-6-2-3-4-5-6,31409,31185,29359,21864,20
descendant,1,d223,0x7f59881f65b46784928483fc532a92ca2,qroot,3,5,1,solved,True,26.81131800000003,15,3436,6,6,6-6-6-6-6-2-3-4-5-6,31386,31168,29375,21872,20
descendant,1,d93,0x2369c56cd97a340070a36bb606e2a62d8,qroot,3,5,1,solved,True,8.988643000000366,15,3436,6,6,6-6-6-6-5-5-5-5-5-2-3-2-3-4-5-6,31895,29127,9783,5040,20
descendant,1,d129,0x142bc9983801d5399f9f7a19881c1f6d,qroot,3,5,1,solved,True,26.772326999999905,15,3436,6,6,6-6-6-6-6-2-3-4-5-6,31389,31171,29357,21854,20
