bench_cell,candidate_id,workload_id,run_id,suite,curve_id,n,m,l,family,mode,status,verified,targets,targets_verified,fb_points,geometric_points,effective_columns,achievable_rank,final_rank,ordinary_queries,pdp_verified,pdp_proved_unsat,pdp_budget,pdp_lift_rejected,verified_relations,novel_rows,descent_attempts,ops_setup,ops_isogeny,ops_factor_base,ops_precompute,ops_queries,ops_pdp,ops_relation_check,ops_matrix_build,ops_relation_la,ops_target_descent,ops_recovery_check,total_operations,amortized_ops_per_target,ops_per_novel_row,rho_operations,rho_floor_operations,ratio_to_rho,ratio_to_floor,S_rps,S_ec_add,count_mac_op,count_anf_op,count_sys_word,count_gf_mul,count_gf_inv,count_gf_lin,count_ec_add,count_ec_lift,count_modr_mul,count_modr_inv,wall_ns,priced_over_wall,peak_rss_bytes,calibration_id,implementation_sha256,git_commit,recorded_at,host
n13m3l3-prefix-s1-mxl-w1,IC1N13Ckb1fb8PDP3xlRCsampleLAgaussTDpdpISO0ha447bc4ea8f5,3d307a41aa71,IC1N13Ckb1fb8PDP3xlRCsampleLAgaussTDpdpISO0ha447bc4ea8f5W3d307a41aa71R1,ci,EC1N13Ckb1h0f132ba0b5e2,13,3,3,prefix,mxl,complete,True,3,3,8,11,4,,4,134,7,127,0,0,7,4,268,9600497,0,33378382,52461930,13317711356,16819849315,50827728,2158184,120840,56016557035,8487133,86311152400,2.87704e+10,7.54764e+09,4441864,872509,19431.3,98922.9,1.92853e+09,24313.6,152725966,60938,1275105,206937,0,0,7724,146,36,4,612271832,0.158874,40341504,ICBCAL1ha3f79d4aaca9,5c374974cfbecc4fed5c1bb67aa27513faab5301c5ef244f4ed2005fd5df581b,1102dd34d52570bf3ec85e84674f8e57c85ff3f3,2026-09-25T07:49:01Z,cursor
n13m3l3-geomtrace-s1-mxl-w1,IC1N13Ckb1fb8PDP3xlRCsampleLAgaussTDpdpISO0h959303d8f465,3d307a41aa71,IC1N13Ckb1fb8PDP3xlRCsampleLAgaussTDpdpISO0h959303d8f465W3d307a41aa71R1,ci,EC1N13Ckb1h0f132ba0b5e2,13,3,3,geomtrace,mxl,complete,True,3,3,8,9,4,,4,143,4,139,0,0,4,4,125,9600497,0,37680943,52887297,14764195623,16577626571,17497809,1553984,120840,27173465576,8566452,58643195592,1.95477e+10,7.84022e+09,4441864,872509,13202.4,67212.1,1.31032e+09,16519.6,101955405,36101,881452,144911,0,124,5156,89,23,4,373577498,0.187665,40239104,ICBCAL1ha3f79d4aaca9,5c374974cfbecc4fed5c1bb67aa27513faab5301c5ef244f4ed2005fd5df581b,1102dd34d52570bf3ec85e84674f8e57c85ff3f3,2026-09-25T07:49:01Z,cursor
n13m3l3-random-s1-mxl-w1,IC1N13Ckb1fb4PDP3xlRCsampleLAgaussTDpdpISO0h957295ed6625,3d307a41aa71,IC1N13Ckb1fb4PDP3xlRCsampleLAgaussTDpdpISO0h957295ed6625W3d307a41aa71R1,ci,EC1N13Ckb1h0f132ba0b5e2,13,3,3,random,mxl,complete,True,3,3,4,5,2,,2,169,2,167,0,0,2,2,36,9600497,0,15769564,52887297,17449647314,16390036692,6667143,817272,40280,8311455880,5948925,42242870864,1.4081e+10,1.69236e+10,4441864,872509,9510.17,48415.4,9.43872e+08,11899.7,69218337,30437,674232,111002,0,0,4129,179,13,2,285498776,0.179523,40697856,ICBCAL1ha3f79d4aaca9,5c374974cfbecc4fed5c1bb67aa27513faab5301c5ef244f4ed2005fd5df581b,1102dd34d52570bf3ec85e84674f8e57c85ff3f3,2026-09-25T07:49:01Z,cursor
n13m3l3-prefix-s1-mxl-w2,IC1N13Ckb1fb8PDP3xlRCsampleLAgaussTDpdpISO0ha447bc4ea8f5,db2fd6fabfe1,IC1N13Ckb1fb8PDP3xlRCsampleLAgaussTDpdpISO0ha447bc4ea8f5Wdb2fd6fabfe1R1,ci,EC1N13Ckb1h0f132ba0b5e2,13,3,3,prefix,mxl,complete,True,3,3,8,11,4,,4,186,5,181,0,0,5,4,145,9600497,0,33378382,52461930,18488839926,21491787689,34162044,1755384,120840,30861008975,9042366,70982158033,2.36607e+10,1.00041e+10,4441864,872509,15980.3,81354.1,1.58602e+09,19995.5,125396277,48748,1049854,170585,0,0,6538,128,28,4,442190371,0.187527,40415232,ICBCAL1ha3f79d4aaca9,5c374974cfbecc4fed5c1bb67aa27513faab5301c5ef244f4ed2005fd5df581b,1102dd34d52570bf3ec85e84674f8e57c85ff3f3,2026-09-25T07:49:01Z,cursor
n13m3l3-geomtrace-s1-mxl-w2,IC1N13Ckb1fb8PDP3xlRCsampleLAgaussTDpdpISO0h959303d8f465,db2fd6fabfe1,IC1N13Ckb1fb8PDP3xlRCsampleLAgaussTDpdpISO0h959303d8f465Wdb2fd6fabfe1R1,ci,EC1N13Ckb1h0f132ba0b5e2,13,3,3,geomtrace,mxl,complete,True,3,3,8,9,4,,4,161,4,157,0,0,4,4,52,9600497,0,37680943,52887297,16625388694,18431128438,54358148,1433144,120840,12005638923,9121685,47227358609,1.57425e+10,8.77808e+09,4441864,872509,10632.3,54128.2,1.05524e+09,13303.8,82797588,42634,700557,115431,0,124,4737,176,21,4,426588621,0.14475,40259584,ICBCAL1ha3f79d4aaca9,5c374974cfbecc4fed5c1bb67aa27513faab5301c5ef244f4ed2005fd5df581b,1102dd34d52570bf3ec85e84674f8e57c85ff3f3,2026-09-25T07:49:01Z,cursor
n13m3l3-random-s1-mxl-w2,IC1N13Ckb1fb4PDP3xlRCsampleLAgaussTDpdpISO0h957295ed6625,db2fd6fabfe1,IC1N13Ckb1fb4PDP3xlRCsampleLAgaussTDpdpISO0h957295ed6625Wdb2fd6fabfe1R1,ci,EC1N13Ckb1h0f132ba0b5e2,13,3,3,random,mxl,complete,True,3,3,4,5,2,,2,284,3,281,0,0,3,2,469,9600497,0,15769564,52887297,29331154362,27307119280,12497814,817272,40280,93126108372,6504158,149862498896,4.99542e+10,2.83258e+10,4441864,872509,33738.7,171760,3.34852e+09,42215.8,238156490,33272,2476188,404730,0,0,12986,125,14,2,1118288710,0.1488,40742912,ICBCAL1ha3f79d4aaca9,5c374974cfbecc4fed5c1bb67aa27513faab5301c5ef244f4ed2005fd5df581b,1102dd34d52570bf3ec85e84674f8e57c85ff3f3,2026-09-25T07:49:01Z,cursor
n13m3l3-prefix-s1-mxl-w3,IC1N13Ckb1fb8PDP3xlRCsampleLAgaussTDpdpISO0ha447bc4ea8f5,d27cadfa1f0d,IC1N13Ckb1fb8PDP3xlRCsampleLAgaussTDpdpISO0ha447bc4ea8f5Wd27cadfa1f0dR1,ci,EC1N13Ckb1h0f132ba0b5e2,13,3,3,prefix,mxl,complete,True,3,3,8,11,4,,4,207,5,202,0,0,5,4,115,9600497,0,33378382,52461930,20567194945,23799341515,37497789,2037344,80560,24747324949,8328495,69257246406,2.30857e+10,1.11015e+10,4441864,872509,15591.9,79377.1,1.54748e+09,19509.6,122682100,48742,1021345,165977,0,0,6222,146,35,4,550418059,0.150562,40243200,ICBCAL1ha3f79d4aaca9,5c374974cfbecc4fed5c1bb67aa27513faab5301c5ef244f4ed2005fd5df581b,1102dd34d52570bf3ec85e84674f8e57c85ff3f3,2026-09-25T07:49:01Z,cursor
n13m3l3-geomtrace-s1-mxl-w3,IC1N13Ckb1fb8PDP3xlRCsampleLAgaussTDpdpISO0h959303d8f465,d27cadfa1f0d,IC1N13Ckb1fb8PDP3xlRCsampleLAgaussTDpdpISO0h959303d8f465Wd27cadfa1f0dR1,ci,EC1N13Ckb1h0f132ba0b5e2,13,3,3,geomtrace,mxl,complete,True,3,3,8,9,4,,4,111,4,107,0,0,4,4,85,9600497,0,37680943,52887297,11459127121,13270446872,26664225,1674824,120840,18975110694,8407814,43841721127,1.46139e+10,6.18948e+09,4441864,872509,9870.12,50247.9,9.79596e+08,12350.1,77530623,42653,644644,106319,0,124,4057,119,26,4,288705826,0.182806,40226816,ICBCAL1ha3f79d4aaca9,5c374974cfbecc4fed5c1bb67aa27513faab5301c5ef244f4ed2005fd5df581b,1102dd34d52570bf3ec85e84674f8e57c85ff3f3,2026-09-25T07:49:01Z,cursor
n13m3l3-random-s1-mxl-w3,IC1N13Ckb1fb4PDP3xlRCsampleLAgaussTDpdpISO0h957295ed6625,d27cadfa1f0d,IC1N13Ckb1fb4PDP3xlRCsampleLAgaussTDpdpISO0h957295ed6625Wd27cadfa1f0dR1,ci,EC1N13Ckb1h0f132ba0b5e2,13,3,3,random,mxl,complete,True,3,3,4,5,2,,2,284,2,282,0,0,2,2,248,9600497,0,15769564,52887297,29308374697,26853335837,26867594,696432,40280,49998563932,5790287,106271926417,3.5424e+10,2.80946e+10,4441864,872509,23925.1,121800,2.37453e+09,29936.5,169543419,23898,1749397,286274,0,0,9020,110,10,2,838744538,0.146941,40792064,ICBCAL1ha3f79d4aaca9,5c374974cfbecc4fed5c1bb67aa27513faab5301c5ef244f4ed2005fd5df581b,1102dd34d52570bf3ec85e84674f8e57c85ff3f3,2026-09-25T07:49:01Z,cursor
n19m2l5-prefix-s1-mxl-w1,IC1N19Ckb1fb26PDP2xlRCsampleLAgaussTDpdpISO0h62049d59b199,a4edb1cafa4a,IC1N19Ckb1fb26PDP2xlRCsampleLAgaussTDpdpISO0h62049d59b199Wa4edb1cafa4aR1,ci,EC1N19Ckb1ha7a2e0b48125,19,2,5,prefix,mxl,complete,True,3,3,26,29,13,13,13,42748,51,42697,0,0,51,13,2532,7967205,0,216688640,216493626,860676757707,4557438314,100003560,19729046,333025,51553010390,43149840,917391571353,3.05797e+11,6.65657e+10,53116515,8676870,17271.3,105728,2.53589e+09,21627.1,14523222,647718,30971520,2988580,0,0,1116122,238,365,26,24154579716,0.0465359,67403776,ICBCAL1ha3f79d4aaca9,5c374974cfbecc4fed5c1bb67aa27513faab5301c5ef244f4ed2005fd5df581b,1102dd34d52570bf3ec85e84674f8e57c85ff3f3,2026-09-25T07:49:01Z,cursor
n19m2l5-geomtrace-s1-mxl-w1,IC1N19Ckb1fb32PDP2xlRCsampleLAgaussTDpdpISO0h49c12bf7c849,a4edb1cafa4a,IC1N19Ckb1fb32PDP2xlRCsampleLAgaussTDpdpISO0h49c12bf7c849Wa4edb1cafa4aR1,ci,EC1N19Ckb1ha7a2e0b48125,19,2,5,geomtrace,mxl,complete,True,3,3,32,33,16,16,16,25739,54,25685,0,0,54,16,110,7967205,0,581235088,263245412,518221055601,3024281953,104909865,18770522,380600,2277650732,51357690,524550854668,1.7485e+11,3.25856e+10,53116515,8676870,9875.48,60453.9,1.44998e+09,12366.1,8658879,666253,17680716,1709976,0,3330,638513,248,370,32,15239865171,0.0458778,56696832,ICBCAL1ha3f79d4aaca9,5c374974cfbecc4fed5c1bb67aa27513faab5301c5ef244f4ed2005fd5df581b,1102dd34d52570bf3ec85e84674f8e57c85ff3f3,2026-09-25T07:49:01Z,cursor
n19m2l5-random-s1-mxl-w1,IC1N19Ckb1fb34PDP2xlRCsampleLAgaussTDpdpISO0hc5261983d0cf,a4edb1cafa4a,IC1N19Ckb1fb34PDP2xlRCsampleLAgaussTDpdpISO0hc5261983d0cfWa4edb1cafa4aR1,ci,EC1N19Ckb1ha7a2e0b48125,19,2,5,random,mxl,complete,True,3,3,34,35,17,16,16,35670,35,35635,0,0,35,16,4479,7967205,0,260307500,328993952,718144363080,7007191434,66436575,13442122,523325,91576430056,7504320,817413159569,2.72471e+11,4.5327e+10,53116515,8676870,15389.1,94206,2.25952e+09,19270.2,25133960,438006,27461916,2649934,0,0,992462,176,1155,32,25261638492,0.0389836,64008192,ICBCAL1ha3f79d4aaca9,5c374974cfbecc4fed5c1bb67aa27513faab5301c5ef244f4ed2005fd5df581b,1102dd34d52570bf3ec85e84674f8e57c85ff3f3,2026-09-25T07:49:01Z,cursor
n13m3l3-prefix-s1-mxl-w1,IC1N13Ckb1fb8PDP3xlRCsampleLAgaussTDpdpISO0hb5ac7c8e0f8a,026858681e66,IC1N13Ckb1fb8PDP3xlRCsampleLAgaussTDpdpISO0hb5ac7c8e0f8aW026858681e66R1,primary,EC1N13Ckb1h0f132ba0b5e2,13,3,3,prefix,mxl,complete,True,1,1,8,11,4,,4,134,7,127,0,0,7,4,28,9600497,0,33378382,52461930,13317711356,16819849315,50827728,2158184,120840,6189307619,6028244,36481444095,3.64814e+10,7.54764e+09,4441864,872509,8213.09,41812.1,8.15139e+08,10276.7,66674850,124780,513825,84057,0,0,3655,128,33,4,419014708,0.116216,44845498368,ICBCAL1ha3f79d4aaca9,be516968ede4eea40a86c304b2e311a9202ffd5c2700cdc5929b1737ca4926e0,7cdb968a58f84db5f34c6a8f456bd838ea7b2aa0,2026-09-26T03:17:30Z,Adams-MacBook-Pro.local,76499167,322959,0.00422173
n13m3l3-geomtrace-s1-mxl-w1,IC1N13Ckb1fb8PDP3xlRCsampleLAgaussTDpdpISO0h73d9609826c0,026858681e66,IC1N13Ckb1fb8PDP3xlRCsampleLAgaussTDpdpISO0h73d9609826c0W026858681e66R1,primary,EC1N13Ckb1h0f132ba0b5e2,13,3,3,geomtrace,mxl,complete,True,1,1,8,9,4,,4,143,4,139,0,0,4,4,9,9600497,0,37680943,52887297,14764195623,16577626571,17497809,1553984,120840,2286839910,6107563,33754111037,3.37541e+10,7.84022e+09,4441864,872509,7599.09,38686.3,7.54199e+08,9508.43,59255701,46439,499928,82735,0,124,3101,71,19,4,405975417,0.109312,44979716096,ICBCAL1ha3f79d4aaca9,be516968ede4eea40a86c304b2e311a9202ffd5c2700cdc5929b1737ca4926e0,7cdb968a58f84db5f34c6a8f456bd838ea7b2aa0,2026-09-26T03:17:30Z,Adams-MacBook-Pro.local,42349042,393500,0.00929183
n13m3l3-random-s1-mxl-w1,IC1N13Ckb1fb4PDP3xlRCsampleLAgaussTDpdpISO0h605579d87c3f,026858681e66,IC1N13Ckb1fb4PDP3xlRCsampleLAgaussTDpdpISO0h605579d87c3fW026858681e66R1,primary,EC1N13Ckb1h0f132ba0b5e2,13,3,3,random,mxl,complete,True,1,1,4,5,2,,2,169,2,167,0,0,2,2,7,9600497,0,15769564,52887297,17449647314,16390036692,6667143,817272,40280,1782108039,3490036,35711064134,3.57111e+10,1.69236e+10,4441864,872509,8039.66,40929.2,7.97925e+08,10059.7,57620149,35162,578851,95458,0,0,3317,104,10,2,525024167,0.0877748,45214597120,ICBCAL1ha3f79d4aaca9,be516968ede4eea40a86c304b2e311a9202ffd5c2700cdc5929b1737ca4926e0,7cdb968a58f84db5f34c6a8f456bd838ea7b2aa0,2026-09-26T03:17:30Z,Adams-MacBook-Pro.local,31381750,307000,0.00978276
n13m3l3-prefix-s1-mxl-w2,IC1N13Ckb1fb8PDP3xlRCsampleLAgaussTDpdpISO0hb5ac7c8e0f8a,398002869ca3,IC1N13Ckb1fb8PDP3xlRCsampleLAgaussTDpdpISO0hb5ac7c8e0f8aW398002869ca3R1,primary,EC1N13Ckb1h0f132ba0b5e2,13,3,3,prefix,mxl,complete,True,1,1,8,11,4,,4,186,5,181,0,0,5,4,106,9600497,0,33378382,52461930,18488839926,21491787689,34162044,1755384,120840,22272967499,6107563,62391181754,6.23912e+10,1.00041e+10,4441864,872509,14046.2,71507.8,1.39406e+09,17575.4,109241446,332241,926146,150617,0,0,5656,101,23,4,976194500,0.076309,45197819904,ICBCAL1ha3f79d4aaca9,be516968ede4eea40a86c304b2e311a9202ffd5c2700cdc5929b1737ca4926e0,7cdb968a58f84db5f34c6a8f456bd838ea7b2aa0,2026-09-26T03:17:30Z,Adams-MacBook-Pro.local,264092458,367958,0.00139329
n13m3l3-geomtrace-s1-mxl-w2,IC1N13Ckb1fb8PDP3xlRCsampleLAgaussTDpdpISO0h73d9609826c0,398002869ca3,IC1N13Ckb1fb8PDP3xlRCsampleLAgaussTDpdpISO0h73d9609826c0W398002869ca3R1,primary,EC1N13Ckb1h0f132ba0b5e2,13,3,3,geomtrace,mxl,complete,True,1,1,8,9,4,,4,161,4,157,0,0,4,4,10,9600497,0,37680943,52887297,16625388694,18431128438,54358148,1433144,120840,2491785756,6186882,37710570639,3.77106e+10,8.77808e+09,4441864,872509,8489.81,43220.8,8.42602e+08,10623,65695454,55794,562419,92919,0,124,3841,140,17,4,428886000,0.115158,44795166720,ICBCAL1ha3f79d4aaca9,be516968ede4eea40a86c304b2e311a9202ffd5c2700cdc5929b1737ca4926e0,7cdb968a58f84db5f34c6a8f456bd838ea7b2aa0,2026-09-26T03:17:30Z,Adams-MacBook-Pro.local,14991833,375292,0.0250331
n13m3l3-random-s1-mxl-w2,IC1N13Ckb1fb4PDP3xlRCsampleLAgaussTDpdpISO0h605579d87c3f,398002869ca3,IC1N13Ckb1fb4PDP3xlRCsampleLAgaussTDpdpISO0h605579d87c3fW398002869ca3R1,primary,EC1N13Ckb1h0f132ba0b5e2,13,3,3,random,mxl,complete,True,1,1,4,5,2,,2,284,3,281,0,0,3,2,33,9600497,0,15769564,52887297,29331154362,27307119280,12497814,817272,40280,6665239215,3569355,63398694936,6.33987e+10,2.83258e+10,4441864,872509,14273,72662.5,1.41658e+09,17859.2,100896567,111194,1042262,171034,0,0,5696,107,10,2,2334551125,0.0334969,45432700928,ICBCAL1ha3f79d4aaca9,be516968ede4eea40a86c304b2e311a9202ffd5c2700cdc5929b1737ca4926e0,7cdb968a58f84db5f34c6a8f456bd838ea7b2aa0,2026-09-26T03:17:30Z,Adams-MacBook-Pro.local,444668333,712583,0.0016025
n13m3l3-prefix-s1-mxl-w3,IC1N13Ckb1fb8PDP3xlRCsampleLAgaussTDpdpISO0hb5ac7c8e0f8a,aa4b90819f2f,IC1N13Ckb1fb8PDP3xlRCsampleLAgaussTDpdpISO0hb5ac7c8e0f8aWaa4b90819f2fR1,primary,EC1N13Ckb1h0f132ba0b5e2,13,3,3,prefix,mxl,complete,True,1,1,8,11,4,,4,207,5,202,0,0,5,4,77,9600497,0,33378382,52461930,20567194945,23799341515,37497789,2037344,80560,16342581363,6186882,60850361207,6.08504e+10,1.11015e+10,4441864,872509,13699.3,69741.8,1.35964e+09,17141.4,106996501,250574,900809,146521,0,0,5339,110,30,4,851935333,0.0932004,44811943936,ICBCAL1ha3f79d4aaca9,be516968ede4eea40a86c304b2e311a9202ffd5c2700cdc5929b1737ca4926e0,7cdb968a58f84db5f34c6a8f456bd838ea7b2aa0,2026-09-26T03:17:30Z,Adams-MacBook-Pro.local,126474750,352000,0.00278316
n13m3l3-geomtrace-s1-mxl-w3,IC1N13Ckb1fb8PDP3xlRCsampleLAgaussTDpdpISO0h73d9609826c0,aa4b90819f2f,IC1N13Ckb1fb8PDP3xlRCsampleLAgaussTDpdpISO0h73d9609826c0Waa4b90819f2fR1,primary,EC1N13Ckb1h0f132ba0b5e2,13,3,3,geomtrace,mxl,complete,True,1,1,8,9,4,,4,111,4,107,0,0,4,4,30,9600497,0,37680943,52887297,11459127121,13270446872,26664225,1674824,120840,6707679491,6266201,31572148311,3.15721e+10,6.18948e+09,4441864,872509,7107.86,36185.5,7.05446e+08,8893.78,55609551,112130,463749,76839,0,124,3037,92,22,4,576806959,0.0709261,44694503424,ICBCAL1ha3f79d4aaca9,be516968ede4eea40a86c304b2e311a9202ffd5c2700cdc5929b1737ca4926e0,7cdb968a58f84db5f34c6a8f456bd838ea7b2aa0,2026-09-26T03:17:30Z,Adams-MacBook-Pro.local,28738583,346959,0.0120729
n13m3l3-random-s1-mxl-w3,IC1N13Ckb1fb4PDP3xlRCsampleLAgaussTDpdpISO0h605579d87c3f,aa4b90819f2f,IC1N13Ckb1fb4PDP3xlRCsampleLAgaussTDpdpISO0h605579d87c3fWaa4b90819f2fR1,primary,EC1N13Ckb1h0f132ba0b5e2,13,3,3,random,mxl,complete,True,1,1,4,5,2,,2,284,2,282,0,0,2,2,91,9600497,0,15769564,52887297,29308374697,26853335837,26867594,696432,40280,18396761962,3648674,74667982834,7.4668e+10,2.80946e+10,4441864,872509,16810.1,85578.5,1.66838e+09,21033.8,118092819,268427,1233024,202122,0,0,6381,98,7,2,791466875,0.11863,44946161664,ICBCAL1ha3f79d4aaca9,be516968ede4eea40a86c304b2e311a9202ffd5c2700cdc5929b1737ca4926e0,7cdb968a58f84db5f34c6a8f456bd838ea7b2aa0,2026-09-26T03:17:30Z,Adams-MacBook-Pro.local,230642208,358583,0.00155472
