factor_base_sha256,curve_id,n,family,l,seed,fb_points,geometric_points,effective_columns,strict_points,quotient_rule,points_included,path,storage,bytes,file_sha256,content_sha256,enumerated_set_sha256
1656691941053090e0e7eb264a91cc2971a5298bc479409031e738005c92c0bd,EC1N13Ckb1h0f132ba0b5e2,13,geomtrace,3,1,8,9,4,4,sign,True,bases/EC1N13Ckb1h0f132ba0b5e2/geomtrace-l3-s1-165669194105.json.gz,git,838,1f72e9a8924fea6d805dc696bb0db9c4f8b29048246a1667872e66bcfe0be0d8,897be88c2d3a21743e3d13ea5d73f44ef62ac5fff35e240a2265249528322912,91c174bed7c4c1eaf297dfe7857ddd63426cc4a2cad5f3ce782b8da0c252cce7
36a989e838ddba1d40931f468a6a0a4090ccb4f51184809ba7be3bff42c62188,EC1N13Ckb1h0f132ba0b5e2,13,prefix,3,1,8,11,4,0,sign,True,bases/EC1N13Ckb1h0f132ba0b5e2/prefix-l3-s1-36a989e838dd.json.gz,git,825,4c98a35c6ed07de30b9cd114e240fd45c3d2a7ef109f97d94a0a7704824bd892,6ed81790c4a874251110fe3a9a151f101aa0f495d66045aad7ec3e8e3fd366ef,5f51f740cb08b2a2b48d73cba3c3df054024d50c5aba0b64971076b0fbe58dcd
296086531ae329223057296c814fbcff686ba41e0fd1c16a0bfaba860234ed01,EC1N13Ckb1h0f132ba0b5e2,13,random,3,1,4,5,2,4,sign,True,bases/EC1N13Ckb1h0f132ba0b5e2/random-l3-s1-296086531ae3.json.gz,git,777,2ac9e9c6f05855586a500860fdc40a1cc7a35fd1387633c868064eb3fb2bb3dd,94fd4a7d0e438653719ed74d23f00a017f18335b2f98e18c0ef993cc572bca33,ff5aef0636def6715a3daee264ebdd06779d56b87eac0d5137449d65ab3fbfba
ae7dd7fbf568ac18c6367613a3b1dbbd198a773df9055632c92faa79e260c726,EC1N19Ckb1ha7a2e0b48125,19,geometric,5,1,28,29,14,6,sign,True,bases/EC1N19Ckb1ha7a2e0b48125/geometric-l5-s1-ae7dd7fbf568.json.gz,git,1147,eacd294ed93a15905fefc237febf39fbd7e21c879794e4be4d5cf839133a8a63,9340b1a8783511a44559b66c8cd72da15df0c100bf7b25c3cf1fbb399b06ac13,ae9ba6a521a83528a6d861251fce92675c8f55df8aad363ca2c82c5411cc99fc
da6e0692f419912f058ce2f7f50450492ced3eda5f3daf552a552219e8f4ef2d,EC1N19Ckb1ha7a2e0b48125,19,geometric,6,1,66,67,33,22,sign,True,bases/EC1N19Ckb1ha7a2e0b48125/geometric-l6-s1-da6e0692f419.json.gz,git,1617,cb0019b98d5ae327fd085e30a13e2c1ca5fc0731b5bf7c649eb343a8978c87f7,e3b3769b9c58693f109e5aaf82568504b5aaed74a04786d3bdca4028f0ea91e4,11dc8fddbf9876c5da79f20d55cc24354c0345448a9b6dbb35b6321a664281a8
cc3616921e506e975d7fe64c811019e9650725865b8ac99eba288c697bec8c00,EC1N19Ckb1ha7a2e0b48125,19,geomtrace,5,1,32,33,16,12,sign,True,bases/EC1N19Ckb1ha7a2e0b48125/geomtrace-l5-s1-cc3616921e50.json.gz,git,1186,934bd9c7ae2d74b7c55938417f44ab59d6cfbe30b46e5da9fbe5ba304ef498de,b55b7fead30c7369862f4d4dfbabded91f489d8025b9dda1a8d9a30b00c972aa,09967b4d904c0a233e76afd69ce1438b22747f532979910d321dd6db0750313a
01b30b7826836b28e580d17249382fd6cdc54140c6f0fde629a06769301fb5a6,EC1N19Ckb1ha7a2e0b48125,19,geomtrace,6,1,68,69,34,32,sign,True,bases/EC1N19Ckb1ha7a2e0b48125/geomtrace-l6-s1-01b30b782683.json.gz,git,1607,ff76f6559efd5015026843bbff3993bd17327ee479cc7f31ed1733a402551b7b,b2a455858a6113a1d836980cf8622c44719b516c8ea4dabd334a6cb029ff990e,1276b4b32d7143aea5651154e6689dfde2743c06aedc52ef5c763b5afef8993c
3bbc2766730c34855c66347abf1ab187441012c8117f6ba42eb8d6c34e3576f7,EC1N19Ckb1ha7a2e0b48125,19,geomtraceu,5,1,32,33,16,18,sign,True,bases/EC1N19Ckb1ha7a2e0b48125/geomtraceu-l5-s1-3bbc2766730c.json.gz,git,1167,f81138c5c78f3d1e8a4e6e6376467eab99ef78b0588507429c1168e9e3fe5c78,be1c3dfedd15d79112386b3378adcecba1747da94be809eecd95ccbc451ee932,b6888fb355c6c6531e367cb94730e04ad426345fa3b21f3bf7642c780cbe0ff4
7c4d5691aefde30ce8f11434969c71604f4f015f5e45c4b4fb77c88ce3648db4,EC1N19Ckb1ha7a2e0b48125,19,geomtraceu,6,1,72,73,36,32,sign,True,bases/EC1N19Ckb1ha7a2e0b48125/geomtraceu-l6-s1-7c4d5691aefd.json.gz,git,1665,68f55e11af3d4bace1719ccefc2b3889469275f787bb2f72ce24151fb80f01f1,5d0364cbd0df7459e7941437548e50d1861d58faee76868e13ec66efd72f546a,8b186d7f50f77330d572b567b7bc3451e924029fbb6c750ebddbc6971b966e18
f6c0ec2f670854ccb0773f081e85d5d5f5067a87480af5c251e709884961b10a,EC1N19Ckb1ha7a2e0b48125,19,kertrace,5,1,30,31,15,8,sign,True,bases/EC1N19Ckb1ha7a2e0b48125/kertrace-l5-s1-f6c0ec2f6708.json.gz,git,1154,5064e2cf7d646ce22cac7cc289d05e5ea6cba7730d603904060c0104b9f7d2ed,29ed87748ad7fdbb3d7667b20e28d09266c8f2e0b113c52df8cabc1ec1019d1b,be863b91e02b8accdb3015cc5edcd26504f5d6f9091eb2993a2fc1230a473acf
86bfb57f74f8ebeb0ae49b6942c14df9882eeb33313c7ee1bb85f871953aac22,EC1N19Ckb1ha7a2e0b48125,19,prefix,5,1,26,29,13,0,sign,True,bases/EC1N19Ckb1ha7a2e0b48125/prefix-l5-s1-86bfb57f74f8.json.gz,git,1057,ab339d32560c98112f21b797476040170eef8aa8d1d4a52d4009abfd2ae9f533,5e3aa914830a1223d82c26f3a49c861dff1967939f3d105be4635118426e4c0c,80cb336a14ccc60bed183a7c26ea61e7fcc5af2ea6479225b1cd41f68f8fdeaa
3dd28581721e97392a93f297e5d63fc03db3a03e2cb98f7e4005aa8a4182f143,EC1N19Ckb1ha7a2e0b48125,19,prefix,6,1,62,65,31,6,sign,True,bases/EC1N19Ckb1ha7a2e0b48125/prefix-l6-s1-3dd28581721e.json.gz,git,1451,5710ee56ccfc1bf78dc11522d2c8ff72c685f1b55cfabd335b10b1de8e0fcc9d,106c688a8aec885cda6c8ea2081454e79ccfb21f0129133d6ecabfbf7753cf7f,cce97b066e511224b1a1f530fab458a694cf4af7261657e948696f432f47b0d4
739c120b36f889d4be7067d13d4bb6d23562f603c12c60335fcaf82d30586f7d,EC1N19Ckb1ha7a2e0b48125,19,random,5,1,34,35,17,10,sign,True,bases/EC1N19Ckb1ha7a2e0b48125/random-l5-s1-739c120b36f8.json.gz,git,1208,738cf93a73f34e98bad26985165e4aa6eaae9c4ddf1fec8f39d23cf9315618f1,4d25c870f9d518fe4d5742f8a66e617f09857042b3a79b00322145c27b83e591,7fe94b6415ce6c00ee5e1e6e06c1cb465b84ecab7df86a0ee9ee2b96d8b889b2
c498c59a1ae34ec4c1a54e3a8b0ce9cbe4ba0f036f7e40f73a67a1f4ec739516,EC1N19Ckb1ha7a2e0b48125,19,random,6,1,54,55,27,14,sign,True,bases/EC1N19Ckb1ha7a2e0b48125/random-l6-s1-c498c59a1ae3.json.gz,git,1464,e531fabdb0b38dd39e5a811b75170330c70109d67e78dc49896d21a78d7c1e5e,b301fe1594cf4a2e81d57991f50a879286667023dfbc47bff3a2e03c3ee77dfa,53af0b877a08ad826e789dd37e661e0c7394b51f08635500aaf005291f99dd25
38523362e9fbc24ce49649f08834d7f6de5d93267c493c8c7ef67a664a9319c0,EC1N23Ckb1h32a1300cea95,23,geomtrace,6,1,60,61,30,26,sign,True,bases/EC1N23Ckb1h32a1300cea95/geomtrace-l6-s1-38523362e9fb.json.gz,git,1614,6d09f49a817d9c0cba4dcde60b7bce5e12bf80c9b68e6c8375f2846b8d657b26,864fc9658a2e57f43bde29ab85e9f7e3d5097865b53c7e6d533de47f4affcfe4,25e97e3fe63dfa2f2138c4c3050116f1552c0ac64324e835742347d63604a05d
d57b089dcb90477bb7de006b281158e1803be3d954226d87139e5209490bd90c,EC1N23Ckb1h32a1300cea95,23,prefix,6,1,72,75,36,26,sign,True,bases/EC1N23Ckb1h32a1300cea95/prefix-l6-s1-d57b089dcb90.json.gz,git,1558,03b36f7641d114cbac50c23a6eb945d826412bd9a4b72e58b4b8c4a3f54fd82f,c628a417b6b22d5069f10839722455be592171c127745313c1e23a39c4b2047a,75ed5f894b2f26f43ce1299cecff46102b881614760c0b69760df94e33da2095
7022939625de4ffa87a85f9588335f7320bfc8fdadbabedf2544a948e8ac3498,EC1N23Ckb1h32a1300cea95,23,random,6,1,62,63,31,12,sign,True,bases/EC1N23Ckb1h32a1300cea95/random-l6-s1-7022939625de.json.gz,git,1685,913a6df41e064e85c3c597c26211d1b993fdd205950e5d8e8c77d61d3f66ce06,64557a10096fb53d5de8b6017d2a6de65ca292d32687e4492d574242d9faf27c,7f43c6f05c8b0bd6a171127191fe04629e88b99c4950aa8637d053d83164f84c
82e34eac76c1701fe90f4f1ca75a7663034f8816a2d7da2587732ebdfef5fc37,EC1N131Ckb1h856fd29cb4b4,131,geometric,8,1,258,259,129,74,sign,True,bases/EC1N131Ckb1h856fd29cb4b4/geometric-l8-s1-82e34eac76c1.json.gz,git,9798,53d1d96c14938a63854cbeb66f3e967546ee883f33dca01cb3a5e22f37ebbed3,3033d01378a5a167fbeac48d1da3b29b138811d1e76a04445f607f716afc1c00,b59c4766e9bbf6d95ef5389824fdb6d070b25e3087d53fb6d890ddfe52bb18db
d4d2783c6df1b2455e3cf48b4ecd8cd91dbbd030e60d29bfeea2929a782208fe,EC1N131Ckb1h856fd29cb4b4,131,geomtrace,8,1,246,247,123,112,sign,True,bases/EC1N131Ckb1h856fd29cb4b4/geomtrace-l8-s1-d4d2783c6df1.json.gz,git,9410,d5934cfcc2e4aff1dc0578e29fab9b3580e6ddfda435e81b09cecdaf98794d1b,29db973c363e705c18b2e5c0d6be0163aef49015c9b88932d724cf03733bb79d,e333307f10158bd9fb079a00a0f12091f53d9242f1a881a01854eb4b5a2d1b60
3403cdf0e7e8b2fdba81b5f4bd365b76f61decc8dbe8381bfc9f0b7ee709ca0f,EC1N131Ckb1h856fd29cb4b4,131,geomtrace,12,1,4132,4133,2066,2116,sign,True,bases/EC1N131Ckb1h856fd29cb4b4/geomtrace-l12-s1-3403cdf0e7e8.json.gz,git,131845,29eebd4058f844c8c663f6bad48e5ddab0969f2ddbfdceb24552571a623c94a3,75d90f8ae048cc57a3a9865478d4db455209844ac435ce0624951a826e2de5d6,b0bbd40b181dc820c9e90698e1532b29bc183f0553b9da8f15f63ea27e4a4aed
1ffe8450e377086ddac7b061ba096b0e3ce7cf65e8ec49484dd26abe18f0949c,EC1N131Ckb1h856fd29cb4b4,131,geomtraceu,8,1,260,261,130,100,sign,True,bases/EC1N131Ckb1h856fd29cb4b4/geomtraceu-l8-s1-1ffe8450e377.json.gz,git,9842,ba16ea1ca542210b5e32dfa24ee58510c21dd087a34f97140befabf9cd5ceb28,6c341578f0c77d442fb4cdc7c28cd306cf3af56505ef542842e71ab06f7a7e15,916a8dafc31bafc2fe65eaf59b47cc2f208fca4ce68f11ec3213b0c30f678ccf
6b3bf2ce4b85128a6229bd6601e0703e7642a8fb5ea41aad6a3644c5779cee53,EC1N131Ckb1h856fd29cb4b4,131,geomtraceu,12,1,4050,4051,2025,2018,sign,True,bases/EC1N131Ckb1h856fd29cb4b4/geomtraceu-l12-s1-6b3bf2ce4b85.json.gz,git,129273,a96541c019a4855cda8daab5753769cac3b386b4c2b3ea2f3bba2cb7a80aa67d,ce1b12a7c0e2959026918a0bd58f31b1f582c4804a71bf462a97c6800670e0c9,c9aa89780bacdaf72798a340eeba992c3978f72aa0aa1e0b9293a28c153996fa
f904c9c21fe0c7ed8229dbad2815764d9599614d1d929d6b5742742d1ce03303,EC1N131Ckb1h856fd29cb4b4,131,geomtraceu,16,1,,,,,sign,False,bases/EC1N131Ckb1h856fd29cb4b4/geomtraceu-l16-s1-f904c9c21fe0.json.gz,git,1243,8a7f4766c3f97246ec40aab4ab5a53db0a4c11dc13db848de152327cebc248af,d2c6f2739dddcf1663438148a0e68e1a29a9ed8f60113cc32e8542fb18956ed8,
2163573fca17fbf9bc01836fd44acad540f858cf41f98b3d0ec1c4b10090d3fc,EC1N131Ckb1h856fd29cb4b4,131,geomtraceu,20,1,,,,,sign,False,bases/EC1N131Ckb1h856fd29cb4b4/geomtraceu-l20-s1-2163573fca17.json.gz,git,1341,8206d072b0b18930f7cc31e75ef69f7adadf81d52d2bea5cbfb7d792ff87959b,da40eeba67f6697d0ed0d91c3f71ca58ba8e36ecaa6e6d8c6654a0bcc63c36c4,
563ae72316f60410d3629dd92ef40c0a767154bb39e444e8602cfd8cafe66658,EC1N131Ckb1h856fd29cb4b4,131,geomtraceu,24,1,,,,,sign,False,bases/EC1N131Ckb1h856fd29cb4b4/geomtraceu-l24-s1-563ae72316f6.json.gz,git,1426,fa01cbdb67eec3aaa690ea5f419b17ed9dd5a3f82de03a958fbfe00cb829d32f,5dd9b0f43d82c87ed16f6c64197a8df844174e66b590eb0d86a63b5c91c17e2c,
3e992ef7d19ad868f13e4df3080deb447759b03d689d7b3ae8c42657c83ce570,EC1N131Ckb1h856fd29cb4b4,131,geomtraceu,28,1,,,,,sign,False,bases/EC1N131Ckb1h856fd29cb4b4/geomtraceu-l28-s1-3e992ef7d19a.json.gz,git,1520,df8ee9e344576fdf524c565585bf31b7c992045d2932435728ac5a55b9b92b37,0e7fefd93d11cfd3aa43a0a6519aa1db6d9b93ffdcf02007038fab6198a50fe5,
8cc2053eea49dc05508eb8a854773ba219124bf57176a6eac4798dd20ed11d3f,EC1N131Ckb1h856fd29cb4b4,131,kertrace,8,1,266,267,133,128,sign,True,bases/EC1N131Ckb1h856fd29cb4b4/kertrace-l8-s1-8cc2053eea49.json.gz,git,10002,ecc0579f77f79aff061cbf68cdf62053ee69a252b68159aba113ca70aad3f385,ccb0f2a8f545c46a93743f2af847b949b191cbbbd3070cebda299aab2030e892,30f613c6d1ebfb6a4af68617badf9c22ae51629506d4b0455d0e0b94532fd169
15b5c0bc4d691519e926eccc69a1d79388ebac8c3f95bc9749516dc39271c94a,EC1N131Ckb1h856fd29cb4b4,131,normal,8,1,226,227,113,58,sign,True,bases/EC1N131Ckb1h856fd29cb4b4/normal-l8-s1-15b5c0bc4d69.json.gz,git,8626,c554950b9c23114035177400703aa9a4f561283782fae3002171806ec654d73d,abb0d90472fe5c888c37d444a0c38e9004adec94498680754ace0aa284cae9c1,23f76328e6a0004bf4cd163835822f173c9c3f6c3b674e6f99c9629edd378726
45308b834c14addb37380bfe3b8527b2eb1754cc76b9ad07ff919efc47044da1,EC1N131Ckb1h856fd29cb4b4,131,prefix,8,1,250,253,125,60,sign,True,bases/EC1N131Ckb1h856fd29cb4b4/prefix-l8-s1-45308b834c14.json.gz,git,4585,312591db19eedc3968240b26f8f9c9a04c523644945295c015a774f88fec95d5,e23858554a12ad106a50905fe151df03756bc7e80855448c6fb6dfcb4e48e409,3def0fc47f19a5df64697356abc2be37821238f2f6ec589785fd38edfb634b20
6765838bbc4142d8165362c19d99a6f44b54e16833a75095ec558277f20d89f3,EC1N131Ckb1h856fd29cb4b4,131,prefix,12,1,4070,4073,2035,972,sign,True,bases/EC1N131Ckb1h856fd29cb4b4/prefix-l12-s1-6765838bbc41.json.gz,git,59442,bdea87f81de41343ccd754abcb53c7121c70569a8d30487b5dd719aecf12083f,1bd13b608aee889f8219307c9ec2c34d3b622263e3ea74ca5d0c07e23849fce4,1b3daffd46583a9673721e2ad51a6a258b49f227c21c5e1f936c85147bd6b779
df14a1a154bb66508004266196228412fd97744d91c16325be9d8f4d65a6e624,EC1N131Ckb1h856fd29cb4b4,131,prefix,16,1,,,,,sign,False,bases/EC1N131Ckb1h856fd29cb4b4/prefix-l16-s1-df14a1a154bb.json.gz,git,867,ce546816753e9f41d7c91b83144dded2ec5e45fe2d21a2b0160bc4e5ddf12e31,79b1d2e455ca2f9f0177a7940f294cf558a3e7fdaafd17bd342526686bb49873,
7f12beea244e6c19ad7d9dafa9d59d789aea5ab0a3a9d4e53b586e2d30872bea,EC1N131Ckb1h856fd29cb4b4,131,prefix,20,1,,,,,sign,False,bases/EC1N131Ckb1h856fd29cb4b4/prefix-l20-s1-7f12beea244e.json.gz,git,885,33dfe83e6bfa3e81123039c01311e1f95d4f89c3e4999ac4ba16bf7b62e6f03a,3aed2af493a7c2532fa72480c0ba777a378a4c9ae9614f138a3236c0ebbae8c9,
5319e8ee83244e47d3796ffa5dd7b634e902e3262a1a677e92e3377203dec3b5,EC1N131Ckb1h856fd29cb4b4,131,prefix,24,1,,,,,sign,False,bases/EC1N131Ckb1h856fd29cb4b4/prefix-l24-s1-5319e8ee8324.json.gz,git,905,4bb7219a41dddf68c5aee9cd432ac27f0d20ce1fa0fe451f85dd441bba3cc5b3,47a29c40b29539dff3a6e5148f03f7ccf238730c7f4b91e3700960ce6fc66092,
a2a88272eabbc15612334289209458f44115d98cab2691ca9b85736086d23067,EC1N131Ckb1h856fd29cb4b4,131,prefix,28,1,,,,,sign,False,bases/EC1N131Ckb1h856fd29cb4b4/prefix-l28-s1-a2a88272eabb.json.gz,git,927,3f0d68b1b0e9158bc8a8aefb77c05e13b832f60560d45412520b10f4e522fae0,5448e330235082012033c0c2928737bb4a21ccc710799b40599626743f3b952b,
532579ece696e9d97a2229f88934896812da30aead1ebbc4194f1e63083edf84,EC1N131Ckb1h856fd29cb4b4,131,random,8,1,272,273,136,62,sign,True,bases/EC1N131Ckb1h856fd29cb4b4/random-l8-s1-532579ece696.json.gz,git,10232,240aaf0f4a591656f7b7421d149b058e91c5a528e7cedd0deef5a1000e9827a9,860de105889f077c8b5f1fcc355e9b264debfad9755440fae86c9465b14f6889,87101e4307ba71c5d364e9237e2e34a854bb6d3ec63a13ec66d7fe9b0425c8a8
