label,curve_id,x_count,bytes,content_sha256
E0,EC1N19Ckb1h01617b86df6c,495,3995,4607b2bc459bbba8d1815fac9d3650d624630413aad9e01eb96986d7a2492cd0
O00.00,EC1N19Cbinh178266fb1fea,529,4239,bd87e7bb7fd545a79fa506d8345d514b43a7c92ddbb054f0a78d6f7b22507f10
O00.01,EC1N19Cbinhb9d2d421b8d6,514,4137,0b7d4f5e35e3b55af0608b8876865e2ed4d67d193f9d116025acc5b936b09149
O00.02,EC1N19Cbinh0e21c91bec3d,525,4213,ee2c1e911683d6a6220c167a1f6266f22d94f647787821aec39c409a142ac7ad
O00.03,EC1N19Cbinh48ecdb25733b,483,3919,3a00fcd6a743ab508cb5ffc45522d171a8887ec5d66e7088316a4fe0a32e827b
O00.04,EC1N19Cbinhae1ca940835e,510,4109,2899f07f5d972d5e8c49a374e78df5731cac0da8ed4c916474c81d6f134e9a17
O00.05,EC1N19Cbinh1fe855efe883,508,4095,3669f563308d447ed7f4db60cdd3fadf552a449589f70a2e9fefe93e82980c5d
O00.06,EC1N19Cbinh7e9072215886,487,3948,0784569a3a3b8db81a38af85fdc26de87c3986918e1e0f226c513d3ff461e95a
O00.07,EC1N19Cbinhd8aba18920cc,534,4277,367b1e0916d4348153a269bb267015fb7e3545a561e5dfbe65bdb8b22705af17
O00.08,EC1N19Cbinh8fe3b969d0f6,533,4270,d3c9f437bce8c1a1105a85362e734315cacc77f451c77a7b5a5807c8acbbfaa7
O00.09,EC1N19Cbinh27064b1add2c,514,4137,ab9003bfceea22a355fd1038ba1bbc23c9f5c210016ff01ddea54c748c82d5f9
O00.10,EC1N19Cbinh30ef9a4d2a4c,508,4095,dafbc97f244171187e90a39ce2b3b506845b524b891564d21f35b1db68691c4e
O00.11,EC1N19Cbinh0821b98142d7,520,4179,51223675b188b0883df090d03c1ac3767910752d7b94ed04f404749e4e11b3e2
O00.12,EC1N19Cbinh1a75b202fa09,529,4242,813786e775d109952426b50ce92c13d39cd858c31833e432d6a2c297a01c9f67
O00.13,EC1N19Cbinh00b9a1244c4a,536,4291,07da625fdc91f09596ce2ac8b834ca9a8f2ff2c8ac31451855be9b640f5a740d
O00.14,EC1N19Cbinh9ec4a9e31d83,517,4158,492a9ceda753c3c6aefc310b2ee9d34c6d608cc83612951b2908a07d0006604b
O00.15,EC1N19Cbinh181e9df1f8a0,513,4130,5d2079805860e3f4f497e3fd9fabb9edee4a1a88da15b72aaae9b8a5abee8fae
O00.16,EC1N19Cbinh7811ea349ab0,533,4270,45fd84ef74fce86bf1b280dcd60893684cdd220954bc3ea47667bc3ae1740fe9
O00.17,EC1N19Cbinhf23569d7a30c,507,4088,1e07b195239b0e72da157b44e0998ac86ec4399d9c19e12749674c582667dcad
O00.18,EC1N19Cbinh5748a283ee37,509,4102,c582eec1b9f5879afa2f6f05756164cb835c1b9f74f42818aebee6eb99e580f3
O01.00,EC1N19Cbinh7b07b9cd682c,499,4030,46925da4b9454ce36bb95dd3b149227e7827f5ca2ada2e632ff920782d761ba9
O01.01,EC1N19Cbinh73af8cdb1828,534,4276,93468f1c78ef8570ba69d7f35c28fe61d4103d0252386d2fd5dc498570a2a884
O01.02,EC1N19Cbinh9c60bcbdf717,537,4297,5c598cc53a3733b4161361de48e12ca4acb9aea145a747c220c1cce875055f3d
O01.03,EC1N19Cbinhb411e8ee4415,529,4242,4a986a550c12e4a88597d2d8305d1d8f6890a76453d404f6363704d6b5b0e3c1
O01.04,EC1N19Cbinh372726f08658,503,4060,aee2d75c203660de1f28d754a6e14438ee524f0a13a3ab7f8fc4a991d2660eec
O01.05,EC1N19Cbinhb85e5d901fdb,534,4277,fe73dad92f5aa7605bd376116bbcaf9e487ca6fbd8114374a94b9d09320230bb
O01.06,EC1N19Cbinh4ea5edd2ae06,501,4046,800674d618d918ea5288e8070e0f2aa0a8912b7926590c787e7f0ba16edd21b0
O01.07,EC1N19Cbinh3450f0182588,511,4116,30930323994701722010aed3a59e08e47e4a76aebbff6fbd9a0bee0a1c218e27
O01.08,EC1N19Cbinhc381960473ea,510,4108,88079ddeb1e2ca8eb388824bd7ac93d8562eefc4571f0faba4a383a2eec7a3a9
O01.09,EC1N19Cbinh608d5c828bd0,516,4151,5781f06927d75279b47b48d400f7e773e0395c2cbdbdffb7fc45a236ba530915
O01.10,EC1N19Cbinh1decc0a9323a,502,4053,e6629cfdd717d775e2bc2831576ebc138f897ffea99e0f3c7b194b1e726adc95
O01.11,EC1N19Cbinha44aba0d5cfe,531,4256,eba18e2e711bdf4fad9e2f38ea8501655a05705cf6da585ebdf1631702aad345
O01.12,EC1N19Cbinh155ead86176b,518,4165,a58671cf81a7fb40b2ccffb020be29a8767836fbaf38defc1918a42b8ad4f859
O01.13,EC1N19Cbinhc5512742a6b3,530,4249,e46749eae9c2397007f2fc9ce8366f8d80a8c0a94d243eaff48c07b10ba58d4c
O01.14,EC1N19Cbinh50502fa1c35f,492,3982,34c5ea317b268f2ef76af827e7a4c7e19bef6d199a5a731604033a55bc29e922
O01.15,EC1N19Cbinh789252b2e5b7,535,4284,ea10ad0798e8766614ee7132f31c6637865b0bfb90a270a35a2161e4fe01490d
O01.16,EC1N19Cbinhb3ef7403a8f9,537,4297,2df71794b731fbd485a22508e8e0a942c8ceb224ce6a85e835ca771a0a02b3d1
O01.17,EC1N19Cbinh07c5e83dc9d1,502,4053,6d0affe9ae8eda36bb11672f694b53fa4c1ca717f005222736cbea0f79e03b0e
O01.18,EC1N19Cbinh12d1540394b5,522,4193,2bc18c0006765c3c9d920bd63b3db1937642e8ea3ab574aa20c71530293e3120
O02.00,EC1N19Cbinh151b58307075,503,4058,b7726bd9c86ec4940d1ea3900604887521fc76a6b5b02f7645e21d805ec5bc2b
O02.01,EC1N19Cbinhcaf8e32162f1,497,4018,dd2ee7af18a66ef61f96049b5888f8ac5c0bb0bc82f699848be39f379ac547f2
O02.02,EC1N19Cbinh14117ca6effa,496,4011,59945b32a3ba6c0ce513dd34f3d89adc83ce4b1bd45d9dbf56f9d79a018f9cad
O02.03,EC1N19Cbinh686247ae8030,526,4221,bb5c325230e4cda99dd6e996fc8c5105dde8f9b516f2f988f7c0bcf732cdc492
O02.04,EC1N19Cbinh88107950ff72,538,4305,186ca5f70ac86b701855de58b9f5fe435e3871f1a0d47436ed5eee4b46475eb0
O02.05,EC1N19Cbinh866e6d8afa46,532,4263,ab0cf92ab592758f6c247400da275e9c79e7554f112495bf4fbd00b02cb0a93f
O02.06,EC1N19Cbinh6be5170a53c1,502,4053,bc5a879b6958f017c65784e6a5578ae56b6e6c3e683018ffc9f613326b5319f2
O02.07,EC1N19Cbinh18125a9fd7d0,535,4284,4cb1d193930043af70d43e81de2b24f69fd0a2c57b46af50097849a44c9a939e
O02.08,EC1N19Cbinh6c50b33697d1,516,4151,ed8de4a4861d436b2ed1a0d0b0b3857acfb74832d8af31e9544cca28dd6fec80
O02.09,EC1N19Cbinh0cf67e203077,517,4158,6a87cfef215551bcea11af3406781d835aaa449e6976fb750e88d950698ded1e
O02.10,EC1N19Cbinh140fa70ab826,532,4263,e9ecff3e88e09f91b64f82e31255ec695cf707b31c502c2a70f4172a662e7a2d
O02.11,EC1N19Cbinha7054b8d6db0,516,4151,1a1beb00d1191778743a89b91796699709aadf6ecdbe01bba508551081bbf031
O02.12,EC1N19Cbinh691ff18977f8,510,4109,cfb6540e181bccf235a3017e5b3a967aa0854880d69a2ae86b56bafa9aaa5b21
O02.13,EC1N19Cbinha067c8054a71,531,4256,9d8324e987563b77a26b4fc9de4402ed2ecfd3022e1b5d083302c001d4122d9d
O02.14,EC1N19Cbinh902b29b2317e,506,4081,226736949af7f88241aecddde8f3d81b9e6777345913466ab57587d0b1bb93e0
O02.15,EC1N19Cbinh5f1c4b328b47,510,4109,3f3a8bf2e5c80749a78d460ecbaa31280acb7daf590eaf7322aaf25de33bf222
O02.16,EC1N19Cbinh1149b34905c8,514,4137,c33c68c0f89c2e412927358c90790fad2bdfdc943f598553db5d45f57f7b6010
O02.17,EC1N19Cbinhac3a23bff950,544,4347,1e0bb9342d4e001259d6aa5026c14fc6eaf45f5eb192340b7a0af1a0c4d8de71
O02.18,EC1N19Cbinh1db8c7fbca23,522,4192,8ed08b8f7ff23ee7f16c4b96c9a6530ac0fb555dcf562229aa35d81451bdbcd9
O03.00,EC1N19Cbinh5239f97f767b,508,4093,d9b0747b01334fe8441d68fe2c9e93fa63bf0721deb2aa5b867bc2e721ea4a9e
O03.01,EC1N19Cbinhd2a8298fc645,525,4214,2b4a14dc27114d677464625550f999f9ace19a6d2485b64ee95befd607c6a84b
O03.02,EC1N19Cbinh57c0ed5922a3,515,4143,e94e00b7e2adc354e57c7de830dbe95f2810044d3866451823e87cd1348681d3
O03.03,EC1N19Cbinh934f35a4aeed,510,4109,52645a7c7f64bdaf89ff3ab71b17871a74e54e6abefe5a7203331d4913ebe38b
O03.04,EC1N19Cbinh9eff24c81f2d,503,4060,085986e6cda1127f2fac7632e8efcff22f0364ad2d89ef24bbad2512652e378e
O03.05,EC1N19Cbinh90b1982cecd9,505,4074,76c4f962ac7aa1b5813616caba7da941e469ca9e0d01c2f4799a23090780b303
O03.06,EC1N19Cbinh0ef409556842,529,4242,e8914d9e55da9c56ba995b37addb70c53f6b1847601191eca3d88bb99bbc4cf2
O03.07,EC1N19Cbinh08678c5b4e97,507,4088,0cc7fb36d5bcff00e465b34e36975451eb7901ca5719b2f8d2b046c28341e602
O03.08,EC1N19Cbinhebd6f3182ffd,510,4109,b2afa7d881061de6e583cfee27c195993a75915342a8bc8ccc0e930869cb2c33
O03.09,EC1N19Cbinh5fe1700a3e15,535,4284,e9fc2562fb0a6e685a9ab160211c79a859334e2d55cd0c8102f4cff07f210caf
O03.10,EC1N19Cbinh087133c32a05,498,4025,58004567d9d989f150a29ad3b00fd545ce2b6657c8cc68b962861ce9337443dc
O03.11,EC1N19Cbinh538e31cdc292,514,4137,55d8fda591a902a294e496b42d2ba0e66db257e267c5cbbbfa66769f730df81f
O03.12,EC1N19Cbinh5d2fba3e1f37,537,4298,8c2a56d8a07a0ee7060685ecf6c7cdeb378bf8f0a86de39162c83ce73fa222df
O03.13,EC1N19Cbinh4dc9a51df672,482,3913,82c700447cfaa5451497f2b61bf264715b18d3fdccdf78e7fb81a2c1007fcf30
O03.14,EC1N19Cbinh1eb326b9e94a,491,3975,0db0d8bbf9e65cbf3869d83f3994734e143a98a0a6001e94c58526eaf5b1b85b
O03.15,EC1N19Cbinhef8763271225,526,4221,895230b866c5e3593f624cd10f7c2eb9ee76c3e2c6c71750f97c4f87dab5d6af
O03.16,EC1N19Cbinhda4b7972e924,533,4270,1ccf0e66eb1a29d2cb63de606a2b9d0f90047cdc666f52fd16cbc2eb212cba5a
O03.17,EC1N19Cbinhbd1fb7f87c1c,495,4004,dea6a04646e04912fd1bfc80e34ab301d7a867e8cc59bd271f10494ae2e1e261
O03.18,EC1N19Cbinh263192638ff8,536,4291,178149940e4220e93c805b1516911560e457c2ac0aebee3fa1ed2a518178c4a2
O04.00,EC1N19Cbinh7cabc6c38128,528,4233,f5c57f3cd4a1c002fde43abab71a7aac81ec5e3bdacfaff4bbd3a931102471c5
O04.01,EC1N19Cbinhc5c2378d4bc2,516,4151,c22e9544c51d286473af20386d79103f4605fd8a480a011da6e5b5d3f5094722
O04.02,EC1N19Cbinh1eeb9b9c8186,512,4123,0c062ebbabaa932c78fc88f0623bfeb9eff0a058a3e699dee846e33cafb1dd3a
O04.03,EC1N19Cbinh477a912e6fc3,501,4045,23c01d4158c4385f6a6a214bfd0052aac971da34f0668e2391b53057191571f2
O04.04,EC1N19Cbinh3e48be795c47,518,4165,6c2410c46446bddca7fe96a337a2b2e13c8901e53f2f639db72752ebd784b818
O04.05,EC1N19Cbinh4b625b07a3eb,508,4095,c71a53a25ff1bac82126c66e1adcadfbe598b5bc6d5eb9d4f44c2dc87a209622
O04.06,EC1N19Cbinh872f3ce50541,509,4102,585730c373382d9e5a35a2a6c35fbc6428ca5f5921827fa6ce10579554b0c3b1
O04.07,EC1N19Cbinh80bd879159e4,548,4375,3db4c0432f8bda9f3a4321f21aae8712287d6ccc3a90be0b8f08b64911c2cc75
O04.08,EC1N19Cbinhb35a11c12123,519,4172,54c1532df39f538e01e628610d324852780403b9f80f943d98dfc0c29aa16d75
O04.09,EC1N19Cbinhac256b23f4bd,540,4319,1cf06670394a2e60842ac3f1566fb2555e543620c029ec592e462bda1d42ecd2
O04.10,EC1N19Cbinhaa7429a5afee,520,4179,cba9f6f382d9b2d5412f8f533e0cba9773180ea14db0fce7dd9aa081f91c27b2
O04.11,EC1N19Cbinhbbefc1c5c02a,519,4172,2aa03fa6b695c295a82c545c6be252a41b8697e159b10219d543e4a911d6fd40
O04.12,EC1N19Cbinh7a73a5b6066d,521,4185,9998c8014f7096b8f478c39ff4f2257a44b204940fe931996b1f9d317fb85990
O04.13,EC1N19Cbinh54b1d90e07a8,497,4018,41e3a6393d944f8e4bffaab941d4bb3165b13da655f8e0f758eca8d4dbd6cebe
O04.14,EC1N19Cbinh1d6f43dcb4ad,522,4193,9954ec7204930f0e3462d7a276fd73cbfffdc825c742ee217750695b120ef0a7
O04.15,EC1N19Cbinhf1c6c460da09,504,4067,4e8bbfae26f878e957d983c55f686491559f5c81c695af22eb1cb1d4cf4768b4
O04.16,EC1N19Cbinhc04b77fc14ff,557,4437,8b48cac46c81858cc6d37e6c0038e572b0745917c227d11335759733a5c149ca
O04.17,EC1N19Cbinhbca708138756,498,4024,27f42d538b11677452135d8d300f53596561eb88e439e144d013f65fe4da379e
O04.18,EC1N19Cbinhd0a2827d1cfd,506,4081,80182b50eee55ce43be99795ae9c3717399aefc30e5354884cec2033847a0f69
O05.00,EC1N19Cbinh061a95af8a72,502,4051,99671de59ae218ec74bb860088e04f538568dbfcedc5d43f5cbd9ab4836d4ade
O05.01,EC1N19Cbinh2c0141d30c26,502,4053,8a9009505e5fc4d11dc69e401848ae6ee4a22914a136ed0b8bf4fc15a4c2fcd4
O05.02,EC1N19Cbinh9bd0dfc384c7,515,4144,db753207204b38e5aeaa1cdf23430a97498658abaaf3b7c16d93e1d4f77e775d
O05.03,EC1N19Cbinhb8ee2fedd0d9,537,4298,b7e8061f091491973246cc215d8532d54d4d38a364259f991dc804c14e2e6615
O05.04,EC1N19Cbinh6ed7c3708bac,510,4109,0e8996e78cbf160b10e4db55645e39b089d5515789a82e18be712223f74cb300
O05.05,EC1N19Cbinh5086a38298a7,522,4193,93e9bfd242ab8f89ddf87314d8d27c534cd3955d7d8ebdea0cd49969572916aa
O05.06,EC1N19Cbinh6770f13da810,499,4032,774493288eb07188567288924b1a4f748d6fc19a73a960f0d89ad54a3134715c
O05.07,EC1N19Cbinhc9b2c2711054,511,4116,0e3a440f209e7efefd76b7ef1ce8af659143dd84c5719de467e236027c2434ec
O05.08,EC1N19Cbinh025236b0aad5,534,4276,df2a419d92bd93da1b2b7bbe4460f29440ebe40569f7089d211c2c6571d49f88
O05.09,EC1N19Cbinh7ed02a50dd24,503,4060,82741a4dd8dfbd0178509a9d5b5858c72eaed942119e919b074cba03a74a7f80
O05.10,EC1N19Cbinh6c1c81503ff9,524,4207,4e9a11b973d3fdc6d1e50e2fdcc04c9df0106f4e32d6b193434551cff8c998a0
O05.11,EC1N19Cbinh005b3375e1e5,494,3997,1d934b25ab3d7d58a37bbcd32f7436496a670d18410a8ba82ecc8ee6f98d27dc
O05.12,EC1N19Cbinh52a9b38c91d1,534,4277,123decb021cad92571f9e96e46496784e7a5cdd4faeb8c09605a20f2f96cdef5
O05.13,EC1N19Cbinhe50925113d9a,542,4333,f1c33e383aaf3c712104da5f96c36bafa99df22cf6aa6fa22e1c3dc00542fef6
O05.14,EC1N19Cbinh54145836bbb6,507,4088,d6c6569f8fb99ff93f95e62f4e16d94c434127b49be9c2769e98b16855849d83
O05.15,EC1N19Cbinhcb562286e60a,514,4136,438e4b33e47a00afe453caa66e5ce67102d6bfa4e8133b4f0c190a183db0b007
O05.16,EC1N19Cbinh2ccc3e4eb960,521,4186,91b22cf3d3fdcca4d62a1bfd25debd9dac68f2af59a60e0b12faa25ef9b29b6e
O05.17,EC1N19Cbinh18f5bdf29ab1,530,4249,d121f1c4f5643cb67b7aa6fe57ba0931d195843909311f07e86ec037026955da
O05.18,EC1N19Cbinh3c468692eb7e,530,4249,2527d70b9be38bd658dd99b7e764c4f9c8537e1bd6422b848f911ccef4c30afa
O06.00,EC1N19Cbinh9b940b6a6d62,513,4128,f3a3f9d9cea5fb007243b001df478b4133dc02cae751d83946b1693bd5be1d4f
O06.01,EC1N19Cbinh709f754e282b,489,3962,ddd98fc4e4070d87a2b87061be519c4b90da1566d221fbb0a637339e87860080
O06.02,EC1N19Cbinh5c7a44528940,517,4158,d518ea0d9877e30a5f32b568871ce4d2a6af7035f8b298ca47bcb5a7f161ee7f
O06.03,EC1N19Cbinh1d04bc24b3fe,543,4340,ee28a7cf1fdc0b00c4cb2538f984eaa699d534510559b433ef847fce1edbba25
O06.04,EC1N19Cbinh2653c6af6ef7,522,4193,1ed97d71418b8768d9f040b9d81391c87640a719a5528b9d4746688c3fc3e544
O06.05,EC1N19Cbinhf4ae0a89ac42,533,4270,92cad594267488368e0b62c1d4e0a90bed814243976c10d92a45207b271f257b
O06.06,EC1N19Cbinhe6fff017dcc8,528,4235,3dc1357847f738000ef07288fdf30317519a4809ef56b43a1353a85af568e1bd
O06.07,EC1N19Cbinh7a4224961ec1,496,4011,85f694ca0038c6cd522a79892368fb71525355a223208e82c93024798cc97717
O06.08,EC1N19Cbinh93b83308f283,498,4025,c29f39cbba9548fa2d62684bab3aaaa24a16cf0db2bb40f30e40ca7e36ba841c
O06.09,EC1N19Cbinhb89ffc63da1b,515,4143,25a67063b89d1a2c878c7fdf208d1204afd66306241648fe01347ad016d3a15f
O06.10,EC1N19Cbinhc21875fe7c07,526,4221,08b6f38d688f66057b3488af50853d3bdea74beca634e4948778013f54299127
O06.11,EC1N19Cbinh4fa1da16c263,541,4326,63ea316d7a38f894cf4fc20a064cf21fa857caa0fdec04fab1e370e71838945d
O06.12,EC1N19Cbinhb90169672469,479,3891,52e082649b8834b8e1f8208f265d8e824a2a1a23dc8dd2429d9296d58083a5b5
O06.13,EC1N19Cbinh9d4cabd4fc7d,514,4137,ab90b706e1a0afc48f448c9802f1c8f11ed6b6b0583a4f2662179432bb11f428
O06.14,EC1N19Cbinhaa2d9b506510,509,4102,53d2368506304af976b185bc418a2b94b5bedff07c9089955b78240bc4b1b146
O06.15,EC1N19Cbinh9746598e8c2f,491,3976,91619dc893a6d345e81e09835fd9edebd8b60f3f57e2e62226f361a8581abb1d
O06.16,EC1N19Cbinh952b8a5c6332,503,4059,777b7f19644a97bdbc7a532da20fec4376deb06ffbffb73cb2cb2bf961eae4a1
O06.17,EC1N19Cbinh9e901100b775,531,4256,aac11e6979fc6e78192beb552c5da6bd15659a49bcc3e83943c10bca94ebef0e
O06.18,EC1N19Cbinh6b86f1b4b4c8,515,4144,eb09eea98ce88697e7984fe4d3b29983fa18d908613e487a5a5d959b83d81151
O07.00,EC1N19Cbinhe7042b16d204,515,4143,42ec2d156f76da8a61d17f2bdae296fa76e63dcdb551a55824be76d5948378af
O07.01,EC1N19Cbinh158efa19403f,503,4060,e07a970036387bbb41488d2dcc4b0a37bc29bfd569cf2400dbd1a8bf130dfa69
O07.02,EC1N19Cbinh3fb07d95ebf1,517,4158,ebb82e564f8eaf7e8c2be051a7249efc494d44e1daf9f36d11a4f9db587046b1
O07.03,EC1N19Cbinhfd30f46be9c7,514,4137,7c09bbd3885cf73001556f0252b87e1a60eea87f4cccfb08e37d4c0d2096850e
O07.04,EC1N19Cbinhd403c29a15c3,509,4102,e6368df3e93abb28f826150112dfe53879ebdc72b0c20e194624b8c63b3cf879
O07.05,EC1N19Cbinh7814178a4723,509,4102,0d5a105b054cb6548e5463b1b0225888fba5fc7f6ad017dc19cc3f14022797dc
O07.06,EC1N19Cbinh0619079c31de,519,4172,7b70804b1ca45dbd67ebb46d0da22916b594b3d3497113c5ce625330a40ad02e
O07.07,EC1N19Cbinh739838ec56f5,503,4060,0574071469262b14f52386f28cf1faca261fc3598ec4e6b7a2a7a4840d306e4b
O07.08,EC1N19Cbinhd28b7287dd0b,511,4116,e085277afeaadc78054a0130a86e29fda0d3aec77ed69762d3f3d0e9328d7438
O07.09,EC1N19Cbinh385d0a22612d,524,4207,36a6fb305466f7be3378ca846c230f732ef5f62153b2eab178427514c0aadab3
O07.10,EC1N19Cbinh1c14f5f20d51,535,4283,e92115e490d87384c5e09598a797b053644809e94a1d96dfb8228dc115f30554
O07.11,EC1N19Cbinhb4d52dcbc27b,513,4130,25bffeec5aebbb3bef1e6b9776918b7f0cfa47b0dbc5ac6c191e5282ac536df7
O07.12,EC1N19Cbinhea8f92aae658,517,4158,5806640dc2163800df09ba9b09addf41132b7d1a926a6829cf87e7b86fdf15d3
O07.13,EC1N19Cbinh5575bf302d68,506,4081,5462d7da1f1a0af1befbe1f8dc0b0774ec8d626c2e39a316a0ac985600e4c117
O07.14,EC1N19Cbinh50b3e999c5ca,523,4200,ed226f44f9ba40ccc81c2537faef2976ab03fd669a16e1321ba93570a7cde7e6
O07.15,EC1N19Cbinh2490fb485f88,518,4165,5f96778a3478cb77e76a04e0e5f70dd9053816c5ed068f3b3f70582babb48702
O07.16,EC1N19Cbinh5a4c331b10b7,512,4123,8ecb50c7021db2a2018f17cd57182359334c931ea6ff5bb85f1698d9e02346ce
O07.17,EC1N19Cbinhf82ef5319ec1,511,4115,a18990223c74f6032340785dcfc346775e7249dec90f63be2318b66d84b42724
O07.18,EC1N19Cbinhd9cc5f32a137,526,4220,2cc7f62986ea78dbe65022b96ab5437c9bfeb2322a2642ed1163be2723fc5203
O08.00,EC1N19Cbinhf273fa70683d,510,4108,4061b143191197ea27242f4bf708a37f178aaa35672f53da73348d4051493f7f
O08.01,EC1N19Cbinhc91e8ad6122c,508,4094,fef62756d11b3e82fcee09b3573b3a8d07586497fa10b0359e1eb123ccfd731b
O08.02,EC1N19Cbinhba5eb6740e0e,504,4067,00422812f1a9513417fb5ab2b58d6c5600ef665cf21d1dd9e3a65d16212e9c09
O08.03,EC1N19Cbinh5f3a9c3bcbdd,503,4060,fb333af26fdb9a46a45d68628c8136c82882a46b8ebf50d24461eef652d19414
O08.04,EC1N19Cbinhf8eb6840b07a,512,4123,31681e17caeda3ea76d24f3245dfe45c6ec9fbd238434416f085d6f8e5c39436
O08.05,EC1N19Cbinh9974a392a7b2,525,4214,c2d08293c5ae15d59e7f0f9172bddbf66d4a7c668dfb588671c3d29351410a2d
O08.06,EC1N19Cbinhedc71e39e2a0,519,4172,dcec00ecfe6dc5a3d4e47f98c6cda91c2cec37bb5e9bb980163f155cd71dc7eb
O08.07,EC1N19Cbinh9c752a23a9ae,542,4333,cf9b192f86cc12812c01dd8f984fedea239b113b580045432919174003aa3d06
O08.08,EC1N19Cbinh0641e8405f23,536,4291,e8e07dbdf5248d34f4b1f3245c61c399aae7413b1f622e2b7d13ad5907ffec2b
O08.09,EC1N19Cbinh294f5000255a,512,4122,4a647b22256f643f3919193bf059fd66ad4506e9e3c6fe8ffd4e7fe16e1f67bd
O08.10,EC1N19Cbinh999cbc34ee7f,514,4137,7aeac92385fe95e65761c03fdc6bc216aa2701a1954a83ca07b283b738b31206
O08.11,EC1N19Cbinh8957b8e8994e,517,4158,c97d67317754d80888e71bb1104a0f45796838ddbf1443b098ca262868b05742
O08.12,EC1N19Cbinh27ba575f8c49,506,4081,20824c64136d047ef997af9bcbcfabdb5e1bb358e8ff085f0455b0af8c78428a
O08.13,EC1N19Cbinhc7d8a70da1b1,520,4179,2b6019fd054c9f505fac1931c530068f416bf62062df4a0f5e312b1eaba29f97
O08.14,EC1N19Cbinh88bd6e96dd39,525,4214,72e05593f684234d444963456cf66747b00c7f6e21f022243aab59d06036d7a8
O08.15,EC1N19Cbinhdc750d3f3293,523,4200,9ac6bc1f822ac02cc5b8c917682928104354915b382e182ff0ace55256ff055c
O08.16,EC1N19Cbinhfe2b17dd0e18,518,4165,ffa700138ab7149e389a03ccae944eb262d58a2538066b5d56515712f1a3e55f
O08.17,EC1N19Cbinhfcbaaf62a738,508,4094,0b9f6987ef2f92dc590b42df6db270a8d2a1020332f065c998c69c64726c7bc0
O08.18,EC1N19Cbinhd962af0e6ea4,507,4088,f43cc912a69a1f7e20a11cef1bf0c9cc6ad0c0ef9e0e4a1bad3ef2649ba90e5e
O09.00,EC1N19Cbinh0ba2a610e296,523,4199,2f03a5708b98f994edac74ea4a10d682bbb0940c9dfd273d35cc41758d940838
O09.01,EC1N19Cbinh6fd2a37110cd,526,4221,2237ec6706f2b9e9b29f168bfd9e56a362668e4d8e15a91c4cbd4e75ff8a145c
O09.02,EC1N19Cbinh62d98ba00eaa,502,4053,359e8ccd60dba2998105fde657e2a5daa2d0092c68c00be0aad5c0531e7a06d6
O09.03,EC1N19Cbinh39c453e1b0c6,530,4249,5291ee1ee4ecb7084783f1d47c24e1192ce6ad3fcaaa93109d4f8b136b5b911a
O09.04,EC1N19Cbinh2c2793821ccd,496,4011,2df415248bc259ca3ff0ccb7255cf123740af3242be71a7f85c0a8e99bc99874
O09.05,EC1N19Cbinh5eaa6acb7fc4,518,4165,09ab3e2543b2e5761b3ab802bc7f1bd9243f5b09687bcbde1fd7b2441837bbd3
O09.06,EC1N19Cbinh9494167268aa,528,4235,e1ae82e5546973449c6e24380d5dd2c06203e54fd1533594f42758eabfe8f88f
O09.07,EC1N19Cbinh9ec04b8e688a,483,3920,78ae9ca8e38c7bf31f2e5d700f691a23e1d3e1994e1da40a1eaa6a4429b799ac
O09.08,EC1N19Cbinh1c052f1e91ff,517,4158,1835c1cc0ab32d6448a4efe6fbaebcdd99bdaa89033917a9c96f50a4c22c6a5c
O09.09,EC1N19Cbinhb1ff95b9e23a,499,4032,24e3ba64ef718ab011548a4742a6aa455706163452e06899556ef080f0c7de76
O09.10,EC1N19Cbinh53320217bbbe,502,4053,df3bc1e2b8ec9a15fa711c9e84768528152316ff728b329ea63234445ba3750d
O09.11,EC1N19Cbinhaffe8522bd48,515,4143,feef38060c9b9e6fe3d0fb81003a6fe8da29f1a08039f09ef20908d3407da2d1
O09.12,EC1N19Cbinhc519bfc693b5,510,4109,c883a2473a6a35781cbe7cb887e4ab882f094ed6c4cbe53e186648bbc14c54f6
O09.13,EC1N19Cbinh05f6f5886f75,515,4144,46abd56052b000f8ca735886e0537820cf224d5259bb4655c8931b14f7db0b31
O09.14,EC1N19Cbinhf52ec5e9f1bf,526,4221,915f49d90285c8b39e0a5b4445355f2a1bb9e9cc414c59184986fad44b046492
O09.15,EC1N19Cbinhc3acb21ec51c,520,4179,54bde4f178d1e8b47f8a3c553b390e2fff6c713e76f0b13abd66fbf4a5e91680
O09.16,EC1N19Cbinhb6fec98805f5,510,4109,c35e1f518c9847c7cc915256ae3f8be76cd9702b9733c6deaaef31ddf234bc35
O09.17,EC1N19Cbinh114447de481b,513,4129,4f4a29b75fb31a224efe6fb3c8e1cc253cf7810953c6d3fab7cea91964ae9071
O09.18,EC1N19Cbinhc449509c3e23,516,4151,ce6d6d2a7f494576d00cdf84175085d32655202a7ef4c68501f9fcdf72265b3e
O10.00,EC1N19Cbinh263a25a8be57,501,4045,12c32087f8321f669d1a93347032fefe4a4c125ce93a76c9997d144d37a06908
O10.01,EC1N19Cbinh1781818bbc89,528,4235,8e316d1b61601323d43d73487b98d2c9149c1a2197f83d2299470c5bf652bfdd
O10.02,EC1N19Cbinh939d7b845378,524,4207,11c4c4008af877bed2d3d5070149d39e115a16c73bb14da734800a195c4a5be4
O10.03,EC1N19Cbinh34db136c2a13,510,4109,d3eb23d7d4361a16a4fbcc074499e6c5db3026ef086ef69850d66e280117bd27
O10.04,EC1N19Cbinh38edbe7c242c,526,4221,591047eed42d467d7c98e0f67355a6b1ca3dd06f0795d1197fcf868e1cc0b02e
O10.05,EC1N19Cbinhb54c854d3b06,536,4291,d5476d634de0bdc9f8ab520b50f23843ae9216cfad0286cedf39ed321507ad5c
O10.06,EC1N19Cbinhee6d9d95a60b,524,4207,6f7c621a07318e144f6c73299af8e73e86c3a51ddda811e4dc07484e61f61610
O10.07,EC1N19Cbinh7ad333a57c8b,528,4235,a6649e5d51fa405530371d6b4cb36ba61e46af03290d645f23ac181d4987077d
O10.08,EC1N19Cbinh25e00c7596e2,519,4171,a64a3ed7337672589a28a6d3f09f98d7cb1963322c62a815d97c730b085dc478
O10.09,EC1N19Cbinhfff4680523b9,484,3927,c759d4c372fa4ec27b17d85f9a9eb83a85a5178ae6aed81d43f6512dbdeae690
O10.10,EC1N19Cbinheda57f841b88,521,4186,07b8f5fd2cc1f78d03324c299579fe2017889bafc818ddd0d77d0055473db3e6
O10.11,EC1N19Cbinhae7e49d98091,504,4067,2dc3d1dadf7d06c6ae709594528eb0a2f2bb1d7b159d9925f49fa3bd2c200750
O10.12,EC1N19Cbinh607d8eed0017,525,4214,abd8c27645086e38fe3fbf6ee67c4591728f33c75816aa4eece2e16c2850fea7
O10.13,EC1N19Cbinh49c3a5724459,481,3906,c9027e265e3771db74d66db9061e91c1d082d5a77ac066617815dfa2f1dd2d9e
O10.14,EC1N19Cbinh20f2a5f6ad83,489,3962,66405d1d35e6a4ee23d07c39eb573fee6577a10885efbe8087ce7795fbad290d
O10.15,EC1N19Cbinh15593039ebf9,504,4067,92a92988229f82f44fdd10c851ee4b38f8029bf1cf262387340685b1d74547f4
O10.16,EC1N19Cbinh1c17639a5319,526,4221,399151796f03e4199d480fbde18e51fbe41a2c1086edbe92af34a1dfe0ffec98
O10.17,EC1N19Cbinh692ed9d54600,527,4228,6f6a5366aa4541125a0100567d29addb28102b270420cfed788f40bceabd0b0f
O10.18,EC1N19Cbinh4117b6b9ac30,514,4137,6fe408589e09f956d465dbbc3a476de62cdd98619e8a96ca8a1be2a154af710c
O11.00,EC1N19Cbinh821de56dfdcf,516,4150,f43040a7f1db42c521a9eaf51d665be285b0dd75d6063a3497a4697f25c693ab
O11.01,EC1N19Cbinh9e68be3b86b6,494,3997,93aed128827314f9ab99a50841f989fc149feb6530866d6e549c8ed12d2f42ec
O11.02,EC1N19Cbinh11b82e4e0521,528,4234,98a3e80eb07a42d441782ec79587f9616720ac24c371a25e0aa23d5cd9e10bad
O11.03,EC1N19Cbinhb8f063510ae3,514,4137,48704a5471ef4ed4ce98da8b6cd860d4c8a652ccb9062cfb781254c90766141a
O11.04,EC1N19Cbinhf3f397668911,498,4024,404644d2f47d3ffa9edeef0fea307532602b79a569cd73ddaa24fc5963bc4dbb
O11.05,EC1N19Cbinh4bc8f1beb891,519,4172,07ffefda700fbd9c052fc56a8cc06b18abf2d6e5ecfe007e49aa5c0fd992e607
O11.06,EC1N19Cbinhc2e924af4d53,505,4073,226ec5a7642f03a12bbc0580208c9c638d442d3b073ac46f77f4f931d526a810
O11.07,EC1N19Cbinh22a84fa3147f,485,3934,320b7e878da1003a2e164e71f0c8945e54b55224d14c77bfb24049b46cef359e
O11.08,EC1N19Cbinh030da199c10d,502,4053,c2dbcf128437fe00b8c5908c788139c8e94bb69fa7366b1a7e0380571e1e0cff
O11.09,EC1N19Cbinh6e70007245a9,519,4172,1603a0e86dc15524c168b46159c03817b9391e332587135effddf9f92cad04a5
O11.10,EC1N19Cbinha2c13d677b84,510,4109,89de1f437a5e20f25163db185a17a3a9a7d725d62329565a03825b9297c6bbbe
O11.11,EC1N19Cbinh6506ebbf1c4f,511,4116,2af3e79ab161836151608fb8a5873b32837ccb6ab0b8c69584b2546cdef32ef6
O11.12,EC1N19Cbinh3081a8a9e75d,530,4249,da167183bb876af4adb6b3061c1cd8ed3fd8826c8d4555beb94a7e211da574ae
O11.13,EC1N19Cbinh2e505408f370,502,4053,43555bbe159b728c39e3d14bdccb1932c3a69b04beae0d355e256f89e5ccc77e
O11.14,EC1N19Cbinhf9a3cd58f1d2,526,4221,397f5f3754c21b49e8f637cffd2d66747ba9ac6fe78d18391dcd2687f64bf91c
O11.15,EC1N19Cbinhbcd948e896ff,543,4340,3dc06f95087a03504f4ebbfb52fefd5c95c06ac8b5f10721e1297245336db59d
O11.16,EC1N19Cbinh43af7a1c815a,514,4137,cf2870037e29e988940284a08846be221b67fb542d62970aefbbbba82dd4a087
O11.17,EC1N19Cbinh7aea735a991a,490,3969,cd8be9c57954c90344d5aee55cf9ef8437f393074ab7f0720e20410bcb621071
O11.18,EC1N19Cbinh6a3737a76d44,515,4144,d29db11f67def0fd766404d20eff9255804aa016dc058f7ac1dc98cd01a4d305
O12.00,EC1N19Cbinh2221b0c67641,507,4087,3473bad8f5ee4b9af779a05c1072644e35f9eb16ed40a30851763b447a20522e
O12.01,EC1N19Cbinh68e62b3457ed,520,4179,35e5193ca4a487ed2680ded593b0459dbb7bf441bbd1dfc4c16c2fe515da0fee
O12.02,EC1N19Cbinhb6242f945e3a,540,4319,9c6da74df6db02598d3fc3fe4e37eafe1578216036417b2b7f261b35744d5e1d
O12.03,EC1N19Cbinh3e0b7152e520,530,4249,9b30889f28b3c59f0ef8df207b223fc8bb0886813b50b8476a3ae73b48662828
O12.04,EC1N19Cbinh99ef16a88da8,520,4179,2781b0b6e7433a0b333ca40a279692e87fc8a802356b2a7c53d6f3336bbb436c
O12.05,EC1N19Cbinh3814324f4dba,516,4151,d3aa155e80da248aa37fe76f14e6cc78a87df09ce27732d32873e9d91a3e2af8
O12.06,EC1N19Cbinha838d6404963,532,4263,5a050a3a236d91cac952f5a2a8eb4fc8fdc05f9c4cc6472d9437c37b67b5c24e
O12.07,EC1N19Cbinhfe54608f181d,510,4109,b5746dd88a7561204819c59973b7e46511132d75b4af6f88469560987e3e16e4
O12.08,EC1N19Cbinhb00ec4d407fa,508,4095,b7417fc50fbaa540679f65357a7b8dd8c5b9761d164b0199b530acbe56493ccc
O12.09,EC1N19Cbinhd32ccf1a5bfd,539,4312,4e9ee5fbbac2fd799664481199c11cbaf530cc765e9ad27e3813c34e3310749a
O12.10,EC1N19Cbinhd98cec5b4c37,504,4066,2998f326b4a3f14faf8098837b2130317cec8b759a41925031e1f511277abbc7
O12.11,EC1N19Cbinh39b8107757a2,529,4241,ec943c983787389166d67c42afa041f2478a1b7a1f5945c8c6c462eafffe45ad
O12.12,EC1N19Cbinh677f24ac1748,544,4347,e61a16e2a71fffcff61a5865f655be6a7549e26c0358a21e2191f304c65e8a4f
O12.13,EC1N19Cbinh8c0fff5bd66a,541,4326,4679217ad7a8428ccff5c22935f3b547a9f96b7d0e6087a4d9d1b6e56c08e4c6
O12.14,EC1N19Cbinh318554162279,514,4137,eb6056e8816f8af5a18268f4c0ae77c8ced315fc2a740f8e0f73524eeb9ff846
O12.15,EC1N19Cbinhd78133378026,510,4109,681493dd48048d1c40870e080be47a91f30b888370d5acaa0075e685d1cf19b4
O12.16,EC1N19Cbinh526deb6795bd,493,3990,0a362a13631e889f3e81c5275680ad0812e6da03cab4062528a63b9b8f61fb55
O12.17,EC1N19Cbinh60cd6a17bc8a,515,4144,d74e68b211cc33407b93566124ada0006afd89890182093f48d2915e29851cb9
O12.18,EC1N19Cbinh65d08c0756ce,497,4018,b9cc968db12827281079eb237703bf871f5a9b62e7c16efcf66635bea3b61968
O13.00,EC1N19Cbinh8bb6147b5512,521,4185,d1913aacc8262dc4e4842d49a2141f011ae9edb6b94f579bb83bd079bbdab867
O13.01,EC1N19Cbinhbdfc3aac3904,538,4305,3c6cd71b14c69dd5edd93df56462d8ec489e6418d42d1299a2b47f3163fe7ffc
O13.02,EC1N19Cbinhb7e66dc2b4de,515,4144,b83bcf2567d213f6b8daef2e73293200b9d2d01d1e9e0ce9e3d1dcfef2a91781
O13.03,EC1N19Cbinh5208fd5d158a,538,4305,5cd98df417dc6f4470cd6ec5da8fb1a352946767b529874a584f906ca1c18a8f
O13.04,EC1N19Cbinhb8603ed35cc5,512,4123,3561f87c606d159321573b26673ef4197db4636b7fd61ab028ce172d67609f95
O13.05,EC1N19Cbinh0af5692233ea,485,3934,631dad1a19cb412b424cf2f8520831051dc250fd6c5b313a5417cfaa982cd551
O13.06,EC1N19Cbinh79d55f9f6bb1,520,4179,f4eae7a48180c7c400c44a428b63b85c56a16a2c4c0eb650b885754205a93f99
O13.07,EC1N19Cbinh76f85f9a034a,511,4116,5ccb87f5efdda678e1976e7117f685d73f822474b0fdb8db4bcbe41ffec7e46c
O13.08,EC1N19Cbinh8e1fa32d388e,528,4235,245f76adc3abfca1fb6f790be42ad7e19f59f87fc42be296af676c4ac7baecbc
O13.09,EC1N19Cbinhc640a3665682,503,4060,49709574223c66abd936b855cf4a448c77051056263e78c4a933d3b4d231644e
O13.10,EC1N19Cbinh6f22f0470d1c,534,4277,0bebfeb4120285e6149d220b63b58649c8b1667025f3c5eb646598497c6a21a2
O13.11,EC1N19Cbinhb3a8ceabc8d7,526,4221,a962cb069ace5fb383f3edab550c4ac519acba8a38647eae18885749eac5f7fe
O13.12,EC1N19Cbinh6c88d92317d4,493,3990,044033154aa5faf5b8bfdd240c5d2d3e613401d5e09a30b5f5b2eb0940a6c7ce
O13.13,EC1N19Cbinh7c20b23f2b3d,513,4130,2345264a0a17c513da94e96f4f7281e761a41c2876d04a2882706ce018c7b5a7
O13.14,EC1N19Cbinh899bb41018b7,504,4067,0938411f39cadbbdde640d1a86fd5452e36970f43a182c19b6adcb77a759c213
O13.15,EC1N19Cbinhc51c7c4ba747,515,4143,4d74d86be3456d551a6fd2f3edd6a91f4b757d897049fb09cd7de388322e5814
O13.16,EC1N19Cbinh0be9c2b0c645,498,4025,01ec6dcc6b69652d194bc7587275e6e3ebada345ca828f6dbbfc4366160409cf
O13.17,EC1N19Cbinhbcbafcbe0c27,491,3975,2038fb391ebc3de549555b3d644b52ff56623f6727dbcc608630256f76e33320
O13.18,EC1N19Cbinh86c27728abcb,526,4221,9f27b93829c3847c047ad3bb9e6a9c8849f0ea5c99b132887f7b8d8771271e02
O14.00,EC1N19Cbinhf887ef9c6c8e,547,4367,2b4da7443aa8b8f7130201bbc1c4b8dd525264c1358324c7e0439d5467ab674d
O14.01,EC1N19Cbinh32f134afa1cb,495,4004,8e23c31646483dcbfe6e71dbbc4f36e47f8aae0d4e6c8739f8747ce23a21f0d5
O14.02,EC1N19Cbinh1f5e50ed1bde,505,4074,11c729ca29380a8344db1f1e2f8dfb0cad561b4a6f45026cca27b854e9629597
O14.03,EC1N19Cbinh3b161588d2d9,516,4151,bcb26afcaf329fa96f2a9088e728dd57ecac87ca771d8a181e4754dd545e01ba
O14.04,EC1N19Cbinha77b22645e61,523,4200,b2d126cc9a627745a80f14a391f0172bcb8ae28dc259a6db8b2c548a8d994e80
O14.05,EC1N19Cbinh40314e33ebc7,525,4214,f527719f5dd15c9cfa67c4612a58b0bda040c3a651245d31aeb6a9ea6671bba0
O14.06,EC1N19Cbinhfde011c24638,522,4193,3fd6b78e9d27c4f10dfc7402e52a8d64f4e5abce9bff2a088f8d05af7a926a04
O14.07,EC1N19Cbinhc6e8f7fd7f39,521,4186,dbc1fe217fbb883874413aa5ed7350d12d2594707e79405ed9a396540fb875cd
O14.08,EC1N19Cbinh92c52e79b32a,520,4179,efce37c47c9448d5f3fe83722017ee0f6783091ff86343bb944dd08a1507270b
O14.09,EC1N19Cbinh38ea6c564676,510,4109,eb4536fb49a82c120343763dfa7d7cdbc3f3b7b67410a56ccd6ae8c964003f16
O14.10,EC1N19Cbinhc659fd68e5ae,504,4067,5e91fc34ca957a834d139b9162f895b5ddf054fcb85f01437ea305a251c0de6e
O14.11,EC1N19Cbinhaab0f20b76ca,514,4137,ebffe124dd873c7a7046414355f082f74a49bcbf74b0cd2ee73aa37550a8de5a
O14.12,EC1N19Cbinhdebe52421337,517,4158,12096599647dd3d43b3d7d6b55dfd8b87506ae0801562c9d39be715df7b96196
O14.13,EC1N19Cbinh9324fed32706,452,3703,87d2e075f0823778581c6d8679f322c77cf036cd4645be2c6b571a90dfaea9dc
O14.14,EC1N19Cbinh85bbb79130be,502,4053,5e11e9667730325925b950b5b81a2ea2e80829b7626883a5a0bb6a1219376e5f
O14.15,EC1N19Cbinhc3d9ff1ab25c,520,4179,c1dde0f0f4207da8d6c6eb0f301e03c23f9173717ae5c7adb44820525155a5a4
O14.16,EC1N19Cbinh544475e6692f,489,3962,8c58938b97e3719e9885caddd0f3b0da93e53db97cea785ae414230e160944ab
O14.17,EC1N19Cbinh1e68791c5b49,519,4172,fd22868dc09af69292a9373cd77bd4121f1be5ad6cb6b37840a93b092393e821
O14.18,EC1N19Cbinh1695fe1ad7d0,526,4221,59aa6953bcbb6a880cb234990066f2ff9f2ea338e0168bf3432fbd2696e0516c
O15.00,EC1N19Cbinha2937e6991aa,539,4311,5dbe9607dcf96eb62d4fcc736e56bbe028963e0ee435cb3442719840d18db2ae
O15.01,EC1N19Cbinh67e992f5e915,499,4032,8e83b90dbaed67a533cc66b8b210aa8b5bb755f459780c45bc1b5fee3fddc51f
O15.02,EC1N19Cbinhb9d10b436007,506,4081,e8f64f97f6a616ba6104579b8595cfecaaac55ee386a9377f141fdbe8d0cb3d9
O15.03,EC1N19Cbinhd63ab6f216bc,500,4039,adf4cbc52731afe0a92898afe42ddd1dc0fb90e3ddf6a22e22a3336eeaba1efb
O15.04,EC1N19Cbinhcebfe335c7c6,519,4172,21f8c9f100ee5a5089a05832b8a4b29e34e5e487d8a9948314842d9cd80fc625
O15.05,EC1N19Cbinh06eab3d848f0,507,4088,d933404e0de22847972e10fe55f461ea2d327f560d6d8c045617a203c78f6355
O15.06,EC1N19Cbinh10ed788480ea,511,4116,09929529b1968eecad175897245d31f0ed3ee0d947eae5e1dcc429780f7f07e8
O15.07,EC1N19Cbinhc7df89f264fe,503,4060,aab9bf267dcafe1938fec3ba93d430dc2b8e07b411e9eb7329d98806748f2e27
O15.08,EC1N19Cbinh85ac1575f1a4,517,4157,282313da190eb86e33aa2986eb0a9e8689c26e611666dfe3f8266a6ca182db1c
O15.09,EC1N19Cbinh46599a39e93c,518,4165,6de2322ec91fa546972d7731ed6e5add38a95dc0cee40a0d9e293fd1b36b975f
O15.10,EC1N19Cbinh2cb2c4d1895c,511,4116,8412f70ba48932daa5cd06cf73dc9bbd869a42bb5e9866c9f7cb17773ad854c5
O15.11,EC1N19Cbinhaf3dfd3fd3f8,480,3899,09347aaba3dcb86fe1de0eafa0716cb032a7392d966197e96085427996ffda7d
O15.12,EC1N19Cbinh024b49fbe42b,531,4256,0c004b0a961fe997564c193d8d80d766d1362dc5be65b40cad853ce269fe682e
O15.13,EC1N19Cbinhe7c24424997c,512,4123,24aeb5629a6e5618105accd51549da76e68ed666f4180509e2c5bc0aa29f47e6
O15.14,EC1N19Cbinheb3500d098c0,522,4193,4558b09aadd18ac001b79c62855f08f98ea1b041cbd6a8d71975a7deef4fa1cd
O15.15,EC1N19Cbinh1afb6783cb6f,497,4018,112ba7c79abbeaa672846c7e20f488c305b6b7b9ced4a85e01bf58675d942196
O15.16,EC1N19Cbinh56a79ccfb6f3,559,4452,d6239b1bc29f2b2d5cd3b33df18dd39db5fa365127a067bb937d948fe1567c3c
O15.17,EC1N19Cbinh98903c2ceb75,552,4403,088a665817f69a3023c02547c11dd0e0ee6cbdf06d2d3eacb5615da962b077b3
O15.18,EC1N19Cbinhdb7ed32316ad,508,4095,1b8f0f8ae3737152e5d5728037a6b98845f107e3ea1ee60ba52b9058716aa57a
O16.00,EC1N19Cbinhd1b610f253ca,528,4234,416d03987b9335d3a7e3b9e3708d330b485a68eb5e427edc2f71379d95ba5c0a
O16.01,EC1N19Cbinhab748a530927,544,4346,82d0c93a1ff7c51137df03b655f947883b8b201e5a2ce9f5a1c3ed7604e1b91e
O16.02,EC1N19Cbinhb091fd6578eb,513,4130,08e3350fb9fd3ae625d64a809d3b309b6807471608142535b1ad3e754c7fa939
O16.03,EC1N19Cbinh3c49ee5251d3,493,3990,581759a8c6aa78288db765ae8f8027e7f8ae561293874408ca048f286c7e1a91
O16.04,EC1N19Cbinh4649ba8b8f37,515,4144,f62e86c3f8c78cb8572fbb5ef7ad5db57d94bbf4f1fffae13c498eb9fb8e4cf8
O16.05,EC1N19Cbinh5f0e6e641f23,511,4116,523db35aebd1d7884b10430be726c2b382851b07f77bb6645c2b53c68128aa20
O16.06,EC1N19Cbinhe05a3b48b12a,525,4214,74dcad6ff37ee415808d83ccaffab7172804ad12fdc8b217120f2fd421ea3f72
O16.07,EC1N19Cbinh2acc423b0352,499,4032,1c8df12d510446f3d6e467955a21da9f020257d9788067844819687fb97b161e
O16.08,EC1N19Cbinhbdc7870c7f36,511,4116,b3a80af584d79e530c7c2110bcf0434d3ddd6b2c8b05ebf034d7b8d62e5825a2
O16.09,EC1N19Cbinhb5f95a3b19f4,530,4249,08cb908ab634f2179b0f6ab8ed4b6e0378840201742c0871341893ded75c1f3c
O16.10,EC1N19Cbinh959d4a049b63,490,3969,2272a4c45283bce2b93e0a31e580e49fda8c31075049ec09143223b2f68bb9e5
O16.11,EC1N19Cbinh4321c4fb385e,513,4130,ab36be4e5451598d166bf32dee5d330e747a5c46a9b556b030ae386622f83c6c
O16.12,EC1N19Cbinh9fc36d1912ea,481,3906,e9de196da949c281c3c7b32479a714f8187c1a0b8743ba47e472f589ab7cc3cb
O16.13,EC1N19Cbinhf693f9e872bd,477,3878,373addcccb411b923c48ad53d437ffb7aee1097665d572dffd3aa49e4596d998
O16.14,EC1N19Cbinhb1b0ac479a8c,501,4046,a51252a4eb7f4a923b22664ecf97211fcb94d10500e4d2cc6bd26ab198573d1f
O16.15,EC1N19Cbinh42d5f05fa8ae,473,3850,85fef76586202af009c3ca5ed72fde3ee1d2c87491058961b4e9488f340014a9
O16.16,EC1N19Cbinhe9da343d9399,534,4277,b028100e70a9f6afb5f7eab52a91bcf14db5bb78946e005e00484f7a2541665f
O16.17,EC1N19Cbinh80464e0e40ee,504,4066,fb36f66338fae391274567492aca5e90c59040617775b27382b299a650534b13
O16.18,EC1N19Cbinhc2dea6e11ded,495,4004,a76b8867f19bc9f5ff5d6bc2502dfc37ad4e557c1223d6e175b809d62f17c896
O17.00,EC1N19Cbinhe1fef81e58f3,527,4227,959c9a88dd08b94bb013c16d7567b9edd39631fc29029f06f9cb51a0a0036086
O17.01,EC1N19Cbinh5b55034c8ee3,522,4193,229bdbfd80ca9c168b26f7f03f8106667757ec847cb48463ce7bc382635747b9
O17.02,EC1N19Cbinhd80978418832,524,4207,88ed64472e539cd35e6397f148f971dbf67cf758bb203efe89aed9fd519b7b07
O17.03,EC1N19Cbinh3108c47e4470,530,4249,e22aa939138271e7b45d6fec483a070a4c57a337d64292236c68dbdde689674a
O17.04,EC1N19Cbinh9325d4613b8d,482,3912,4044fca55adfc95accc5ee6b5d2d779e4fb3a010fa31bb70e222afe641a022aa
O17.05,EC1N19Cbinh5f5d45b1a8d1,539,4312,3d0e1ec0021b77ee7a1ad9729d62af5e91ef36126a28281358bdfcf0f4411fe4
O17.06,EC1N19Cbinh92dd10d1d77c,494,3997,cb84e9f0bd861f238bcb57826a4be7a41417312eee1cf6284dc0731e83e7cfce
O17.07,EC1N19Cbinh8b9fba857baf,504,4067,b0a6f638685d04d63df7ada0431adb85b0155e0574041cd3ca87c56e2e37cedd
O17.08,EC1N19Cbinh2600fead43f7,474,3857,0469e5c97a15c84d0a6511613a6ea822ff96ce370fe3e4c8fada4c17ac4a7477
O17.09,EC1N19Cbinh8799083e74d5,513,4130,fd7302d3f9b2bdd3a8bbf8ae7efedf035e49aa1be6b9d4f1f661df02fbbb97f4
O17.10,EC1N19Cbinhd6812f4d80c9,509,4102,a1d59bf51540648ded1ae8f6a24034cc840ee13eb3708d9ee504fa4f624e4c8f
O17.11,EC1N19Cbinhcb733e62275a,514,4137,4ffaf1af8b7492deb21103f2db81f654e067d363ad95658d65b4bc2746347d89
O17.12,EC1N19Cbinh9dedaa77f3aa,496,4011,91b2f56ac7097f6a356c7622872adf060ae56ce93707c23c547a5ce02db5d122
O17.13,EC1N19Cbinhf4570cbb67d9,494,3997,552b813a34f14d344f99ebe5a6f843d334cd65509ecb0a85c1681d8ee5b0a037
O17.14,EC1N19Cbinh854ebb195bc5,496,4011,299b5310388b994c64157fc3c34dead3d45290d8ecb9dff0514dce55c7234ac5
O17.15,EC1N19Cbinh0ebdc4e5095f,496,4010,b109fa1919623ec72b3f91652cf2c1d6b3d53e648db55eb81a3bb292fe13d17b
O17.16,EC1N19Cbinhb8354e7a05c5,496,4011,ac61bc6714f0090fb5b16ddbc2b0c80de722ae4f43c49d0e6edd5d651ca97f07
O17.17,EC1N19Cbinhcb8d5f989b5b,516,4151,95ad3aaefaca4b05871340491b0f958a56a707ecfb3be2470fd0edf171d5a2ec
O17.18,EC1N19Cbinh512376702343,497,4018,d8ce621ee76c6a7f64fc11590dd80d9953f0cdfeba9062ad0663cdd245d59cef
O18.00,EC1N19Cbinh309694d150ff,491,3975,703e988a893df91db9dfb879583dce97c75126c94fd6be7af179e308c3bf5829
O18.01,EC1N19Cbinhf286a14181b6,524,4207,d9b1db7f6f294124e895e083fa846e01726208af190f3a233b2128d74e061a6c
O18.02,EC1N19Cbinhc7cbbd4d0395,511,4116,206330fb4838272a0f6f6bf71264571da1e5c6fe5e646ce265e7155f18c5bb7d
O18.03,EC1N19Cbinhd0c694248c2b,506,4081,14619267445dff2649c707541711da5867a8e092bf05dec6d6a6c924a22a505e
O18.04,EC1N19Cbinh10d989485da8,507,4088,ebca9868ceadd170a1f485604bf2c157e86578c85265ed6f749c372c24463200
O18.05,EC1N19Cbinh165c0703d2fc,487,3948,4c3e02f9b5c9a820242d0e3d6813d6203cbabd9829c9f0a13cd17b093d354d9c
O18.06,EC1N19Cbinh4905f43c04f4,526,4221,1b7bc6606b39cd29a4be3ac0ac0bdbd165ff553127ac969ab73ba8b26b2b5adc
O18.07,EC1N19Cbinha93b5d1a3195,508,4095,7b6629828952c5dd542bd2dfe372f8dc3278b046a50be489a8b081b66f46fce5
O18.08,EC1N19Cbinh8bc068e6bd9b,522,4193,fef23e95768a05f016f8c1ca64ab3c96b60fe952271bec947202e0bfe0fc112f
O18.09,EC1N19Cbinh877574ec3f33,499,4032,faa53a90909815de4efac58966bbd4ac55a3b4e6331c2c0fd115c543b0daa131
O18.10,EC1N19Cbinhb66fc3332801,545,4354,ec27c9fdba0a3df7c97857d09b9fd95ec531f3796af441bde93d057cb4b2bfd4
O18.11,EC1N19Cbinh19840c502feb,488,3955,cce7f90a7614762ce1f0493b52814ec049a6a275f23cc1546b337347539d610e
O18.12,EC1N19Cbinh0213e9fe8ffc,492,3983,1a3361a04102eef7e66b43ecd7736f288a870e987d84c02832f534ac7ddb52a9
O18.13,EC1N19Cbinhb1e8d940566f,523,4200,fa1a7e1e9b8a955e2586ae6b00c4c133573c930942cdbc490528fa164ed5ac1d
O18.14,EC1N19Cbinh4ad56e1e61c2,511,4116,a2f18629f23a23b80a1ec53889ff76722a45ab7617eb80a9260c01b972e3e00a
O18.15,EC1N19Cbinh6ceced6636bf,537,4298,3e473ce42eb5dcefc1e5477fd86d57d131d9c09d1e6f92fb4432af47630ed645
O18.16,EC1N19Cbinh1355c913c2d0,511,4116,754f29461de4dc1dd3f7a7ac3704eaa78c93d16583e2664b80a65477a4ef7672
O18.17,EC1N19Cbinh71b679151524,514,4137,ca3f770852988741e1b355866c8a913a8aaed038711f76c9cb65178dfeec0c8c
O18.18,EC1N19Cbinha6bb77009943,505,4074,07676e108d7207d58d10cf49a134aca9ae56b0e5ec35e4622192f33d98c08116
O19.00,EC1N19Cbinhbce457855521,486,3940,4131462c258b4481b28f39eb974be6449a83deef63fde72226e9a76ba11fe959
O19.01,EC1N19Cbinh591b8c40e89f,484,3927,9fee670ed5b5441db71419a028a1af4abb967dd2f03ae0a67241267e246df5a9
O19.02,EC1N19Cbinh0dcf8d05a3e2,544,4347,1c9db059d24cdc7f6848a7e8460a9ac032cd93224a0e25d624373dc301caddaa
O19.03,EC1N19Cbinh372fbed27677,526,4221,0c3a17e35bdc97ab7a2e33ae04fcc7e4f5ad786c9c66d6d720c7245903a1ebc4
O19.04,EC1N19Cbinhac388be69228,486,3941,e8c5f7aba3be6a33cf01c2b53d1cedfa8dfcd62f58585c82c3588d9a1fd32b68
O19.05,EC1N19Cbinh5c90683b58cf,516,4151,1acf556a4d9955361993eb89e15c29ff7dff1690d86f45d7e46b70f17b86a3ad
O19.06,EC1N19Cbinh198be98be3ae,519,4172,23f12aed54296a2c34b773b5d94a82648f73cbb73311ff2555d90fee1d25a3be
O19.07,EC1N19Cbinh3c2152c73d5c,525,4214,c4d56eccae6c65bda90770a7c8e1bee41aefd357dbb5232a9e9d5e3d37aefdc8
O19.08,EC1N19Cbinh8bf92728a54b,512,4123,1273f2a7a0890c9b78d56faa3af784df2a57641ee0c76e031f31f50e45366325
O19.09,EC1N19Cbinhb044412818d0,479,3892,190e43d4e9d15926a1c4e81771497222bc61ea27ec5bc07065dbdfe399ee15e5
O19.10,EC1N19Cbinh6e28576b0941,517,4158,cf88da14eb5225e1251f5a99963c7d4eefeeb4ca7725333ba9f4d84e654e5bbc
O19.11,EC1N19Cbinhd9d6031dfef7,522,4193,8025ae74100eaf3f6c61026e90ecc224ecb04b71e3a4c9ad3c8e1bc353254813
O19.12,EC1N19Cbinh90e9028631db,510,4108,89fd5e46ef636c69e6359d59dc9dd11b413028abf2257661c10f87f3b2c4065f
O19.13,EC1N19Cbinh72f5a74b2b08,509,4101,0871d35d3725b99a77779b7d13b903b6326c75a467a83283ae346c1373c96932
O19.14,EC1N19Cbinh039c3357210b,530,4249,67607ce7e5f8c8d3273e42e287cb98de0b3bdeb56cb61fad56e94ff7cd31fd58
O19.15,EC1N19Cbinhf524cc77dbfd,523,4200,a106dc138289e7ea4f0920c23ce6b170cf5940da90e4b3986374703571f8cfc1
O19.16,EC1N19Cbinh01e32de0c915,504,4067,2f9bc6f48dc22b45381853dc04a761b65464b111d8a628fd9b17553740c3b744
O19.17,EC1N19Cbinhff047bb97951,496,4011,be7033eada00ae2b9be36515aab7aa26a572c89a2ad04b46e89c721379021c33
O19.18,EC1N19Cbinh84038ed46612,523,4200,5a2bcd2cf17b65d8381fc407cc7ccbd1ddebd7e3670ca0a3af31c1c3243d3679
O20.00,EC1N19Cbinh4c60d397c14d,526,4220,d7594c16c0e66227f9b98354b6ebccb72ff588f84013c481819d140a0059fd30
O20.01,EC1N19Cbinhb372db4fa8a7,502,4053,7a2dbfd2476849c8d97372be85283a4e0a34489006a94340034221cbca5c60d5
O20.02,EC1N19Cbinh3e3a841215dd,503,4060,a60e7e3cadecb4f2a8820f5984d266162fd7dac9dd38b6d426c7da04bc58965c
O20.03,EC1N19Cbinhca71a0e3c183,508,4095,388dbbb5604d70fcee649a017fa9f79ce5bf172d6aa71741165abe9bc64ce791
O20.04,EC1N19Cbinh52fa091da980,496,4011,db98c28d96f5e0db36c62af955cb26f9c0d5bb28aa74a692e7450757877fcc06
O20.05,EC1N19Cbinh5989bcd881ea,509,4102,a77a011ded95628a7efccafdfddcdd366d2c51f8d9c31c300ee6d61920c1c534
O20.06,EC1N19Cbinhf97675b304cd,525,4214,ff70a25e321fa66afd777f24d56cfae7cadf95a182b67a3604444f704a26281f
O20.07,EC1N19Cbinhd61a2f5a2652,503,4060,d92fef8ee41783b580dd186186c51d937331b65de987e939efce8f28494a4857
O20.08,EC1N19Cbinh291715450685,530,4249,76f1d7139a3c294508a205c707c6d1dd80cbb14a6e93c2ae9718ce59ab801123
O20.09,EC1N19Cbinh0e04103ef767,523,4200,d841f035b38f10d3c91efbebdef53cfcb43fba4c97404f173f964aef24e26cec
O20.10,EC1N19Cbinh2645a401d36f,523,4200,a95dcfcfc31580259de8e41102b1f35cfc11764a657577b0820f3cbd7e702e98
O20.11,EC1N19Cbinhb26ad254e1e2,517,4158,c52f3b7d3bff621f5cce0e8d3af9f0f10ca18f8b6f55245b083612bed17c25b4
O20.12,EC1N19Cbinhdb50e5b79abd,496,4011,d8d7b607b897baefb13c8671c5486ee8b1173576969c9b73129682b4c1d4a823
O20.13,EC1N19Cbinh5cd532c4127c,510,4109,aeeaf2d1cdc20cbda0323e977b4ac09e46c5ade9c0190a333e93ddf432e48f4d
O20.14,EC1N19Cbinh9a2946b02724,522,4193,cd013bf921891e646ba57e703fa782ca7f76717422ace03143709917e03ec86f
O20.15,EC1N19Cbinh190146e8b583,526,4221,583de694f95b35f41e7b0c7a47742996fc44365463afbe188e44477e15a90b0c
O20.16,EC1N19Cbinh62f476df9c9e,498,4024,9a8f7cfa6cf9b0a6cebc8a4b28c45a401222ce8059c2e324c1d1bab27da1024d
O20.17,EC1N19Cbinh9bd0feed759f,512,4123,978e305de3d864a0114a532ee741f039d3c93528767493c5eb91857eca516d59
O20.18,EC1N19Cbinh683f343a928e,510,4109,aa037d800b2fdf641fa4fb74a28a5a7b292b155d8140a60023e089f080c085a4
O21.00,EC1N19Cbinh1e7026133edc,542,4332,471ee59d30ee5010509a34ad235a40d4929578aaa49546a9c867d60dc0a712fc
O21.01,EC1N19Cbinhecde8168ba2e,491,3976,6c33f005a93ecdcd07d82f60078e0e9eb7da153b832c7a20f8668714ad82073e
O21.02,EC1N19Cbinhb199120c5b12,504,4067,325a2eb77ffa665d4d8b7a7a57cf765fb6c2532a7f14e884a96ca139211e782f
O21.03,EC1N19Cbinh1f9e8943f99e,499,4032,0a3accd7af43d957583fbd7914e7da6dfc2661e8b4d8b2b49cca20751c27ebb9
O21.04,EC1N19Cbinh86c97599aeac,549,4382,4479435e534be3177c0e39c011689dde0a08df924bfc3e68951ddfba19ec5e88
O21.05,EC1N19Cbinh36be807ffd6c,497,4018,b2d0fd51dc5e340cb5d189010510b8ddf9dfab76c5bb2274496cf347dce410d3
O21.06,EC1N19Cbinh805551e3071b,528,4234,84c5577c391696763bd04e595c655ee54d086295d1e56d70aac2ae9deef1e186
O21.07,EC1N19Cbinhb559015d4ba9,508,4095,2ca704faa516ff7a9e8bd1f908bb2afb05b1de1d203fbf3c0bb8ff5bb48dffd5
O21.08,EC1N19Cbinhd99b170b2a3f,492,3983,b24f2f5be5786f28c9406ff36a46b575fdbab25687f4b954a0a298a33fedc894
O21.09,EC1N19Cbinh1d4d05609e46,503,4060,cfa51e36566432fda953aed104a163419d374a39ffdff1a5b202f13c985c0ede
O21.10,EC1N19Cbinh8a0211ea44c2,545,4354,1ef5cac5b39f82897a044831927486f6592c06e7f8350b6819c73bb41b030e29
O21.11,EC1N19Cbinh79b4aa50658a,534,4277,da5095e8c75e535dbe739ba0256e602f2ef4ba417c3f2c71c43119536100d248
O21.12,EC1N19Cbinh5edbe3369132,497,4018,3c58a3034d5cab56d4ec4b7847c8e5506b0ad4934f8a50046922625e59ab82ff
O21.13,EC1N19Cbinh92e336b8039f,500,4039,e240371ff394e692bd358a6073e2758436dca7d363cdbb4ec657919ce4cfc207
O21.14,EC1N19Cbinh0539f124f4d4,511,4116,802222a04d4ae80d3080fa5d7031033aadc0312da51f7483aa3303df8b04d188
O21.15,EC1N19Cbinh97d71f0271c2,522,4193,9c1fc520d227417d40bcb5010e68cc568e352137815cf714bc7c90eb049feb06
O21.16,EC1N19Cbinh693ba4b26b71,507,4087,472f71abfafa9851433e0e3a6a978df7bd243f291101c2419f1e3ed37f0176de
O21.17,EC1N19Cbinh8de4eb91b132,505,4074,085e336942bc9f614f9a8f16b3c2d6339562e9830ab22a2d140e8cf7967dceae
O21.18,EC1N19Cbinh5c01c9d80296,515,4144,879c88c7fc9cf84574f8c671ceee9810a6077508bc0bee50ef1b9a42e8e943d9
O22.00,EC1N19Cbinhb8b2efdeb0fb,490,3968,17e10657006cbb9472858788adde806aebb3b1e688978db93dd2b0d99d5b2b5a
O22.01,EC1N19Cbinh973221de8334,513,4129,4800adf79c51220ac062e9f7f45b5f767ed2b5eaff00695c4c431af8cb8f6be9
O22.02,EC1N19Cbinh16583e50c22b,524,4207,fb6af51fb79d20479f041af5a00131b213510f41645a179b7bdb306f40845250
O22.03,EC1N19Cbinh780a97374d63,523,4200,91c69970087e23bddcbec9e113177698b4e530ff63ea22eae1c4107d015665fc
O22.04,EC1N19Cbinh9262f0cf8661,498,4025,2142e83291a239d4c236010a5e02350660505f74e8e9428c1a18385c8435fd2c
O22.05,EC1N19Cbinh70255a8e2ad3,544,4347,3dbd12809971de65efa227f35170fee8e9ff17dd581b918830190bfb61558eea
O22.06,EC1N19Cbinh31d3be9cddb4,515,4144,f0b44aef12b56f9752e4e4020b674f10e8e31693ec49c0b3ac50289543519d61
O22.07,EC1N19Cbinh302b42ab03c7,519,4172,86a357d8c1f089f238f87999f29f381a9c463079f0e3490f68c946666d3f8bf3
O22.08,EC1N19Cbinh9f709b9c2832,519,4172,163e8f005e23db2d55f29d32983d13508ec7fa800e610beefb4315126a5af670
O22.09,EC1N19Cbinhb9278f6f2852,485,3934,d6899d8df4050d814a95309bb4dad891952517cf86b871f647b839bbc58a1625
O22.10,EC1N19Cbinh17f570b8864a,533,4270,d362a993d699d8a3ab1e7dd5db4e22f6a963b94aae5baefc677209f7343e68c1
O22.11,EC1N19Cbinhafa3c5d852e5,511,4116,3dd6cfc98be7d53687578fa4ef846349e0c98c7f2f4dd737c47019222740c0a0
O22.12,EC1N19Cbinh98c0b214e8d7,541,4326,0901e2943e11bb319131a97415ca014b7d87fca93e70e8405089d6013944755b
O22.13,EC1N19Cbinhb10285c2b6ff,523,4200,94129edcc5c57f3921b3a007a32c6ac4f0c57fac82c4d468e428d5e0a4c85377
O22.14,EC1N19Cbinhd04ad122f81e,516,4151,07c79623e7c78f96ad06cdc860b4a3debedb16b5e0faa74ca3bfbcade859f3d9
O22.15,EC1N19Cbinh8104adf99787,519,4172,a22a5e19ac539ed82431b7ce3601fa244cd4090b35fe63b464d7326ea378a6f1
O22.16,EC1N19Cbinh414f8e42c150,471,3836,df6b04e714d90ece9fdb6fd823655fb62fa1e62157655c38936ce811b25fd0d4
O22.17,EC1N19Cbinh23da1f5a46c7,502,4053,1bf8753799117f99b9f5aece324710adbc911c7ca7bd6435ad60b556bcc706b0
O22.18,EC1N19Cbinhfb269dfe4cb6,513,4130,a1905ae9beab31f27278f6bde387fe4fc590e71beec6cab3b6b81a5465886125
O23.00,EC1N19Cbinhd70964177ebb,508,4094,c5a2877eaac4050820c01e97b486a9fb0e2540847839bde4501229bf19e92dbc
O23.01,EC1N19Cbinhdf9f76b43237,512,4122,93d055e277054d0e77835d80a14c8c1d0ff42a3d86b8bda63db78b36911fce4f
O23.02,EC1N19Cbinh5249748b005e,519,4172,43d267ccea7b12829d4b7636a7ae1f3dae8d96ba937ebad479973e18d5671807
O23.03,EC1N19Cbinhbbe568ff75a2,533,4270,564f32e24e57feff18d3dc89b5ce9e4828793c6a64de7e3806267004523b59a6
O23.04,EC1N19Cbinh124d8a5ccd9a,506,4081,9f73292f02e6ddcad7bc65039d3b1670cecfba9adfd38e59549a2fde3a7983e9
O23.05,EC1N19Cbinh8e8e7537eb78,539,4312,31f22de262eed89cad80f3c46f0a965c4f7b1613cfaa40bb69746885dd37c47c
O23.06,EC1N19Cbinhae3b022eda00,524,4206,187d11bc42aa5ae545216dc2ddafa6cce7fadf52f535a1d97b10dea0567b65c6
O23.07,EC1N19Cbinh4bf0dd7adf2d,528,4235,76beb8a31f467567b77d9f7921062d81ae359d66af5aff7f6b0c1ff71a848420
O23.08,EC1N19Cbinh88184fceaa81,493,3990,2989eaf44e31f4a024a4f915c11ef1554a20a2346e9d3116a93ee54e5db7aa29
O23.09,EC1N19Cbinhb6829ce539b5,516,4151,36c9bdbf1914f977502f9ffcccec219c94ff906afd11e3d93d1f32d987d337df
O23.10,EC1N19Cbinh21a29074d997,521,4186,5df18ac46f60f099646fa34f6c18187aa1cffe9aef043ba5844e37228cdd7afd
O23.11,EC1N19Cbinh4eac7545748f,535,4284,deff9ea488761045374d7273fcf9f7c1c82944b1f225f9460329442ef17c2c64
O23.12,EC1N19Cbinhad681869b3e8,539,4312,1f47c4426eaec5eaf0a6dd0a16a66088d17986413245d5ed5618d1ca47a07d3a
O23.13,EC1N19Cbinha34ecdcdd841,522,4193,52e2aec0cfbdb7434dc46c00389ece06c10689541ded6e48623da6891e19ced9
O23.14,EC1N19Cbinh674670e0a1f6,511,4116,045bdf7491147c657db2a525596ca4b8231fdd8f71ebbd2f178de5091a61ebfc
O23.15,EC1N19Cbinh97ddb1197d7d,523,4200,a7f9bdb08929994b68b01d0d0c67c54bdaa9b30155d3849dfdad211348331006
O23.16,EC1N19Cbinhef9c73d87674,512,4123,2c7b9b9374011819d4f4f74cb713638c15ac82e7780dc38ed0c276d5946c6b0a
O23.17,EC1N19Cbinh07546685a2b4,505,4074,2f84cff5ddf661d6f4ebdc4c37a504be05c218d4fdb1a0df8133eb5f08c32404
O23.18,EC1N19Cbinh42115c7e9562,501,4046,9c2970b7ec6238ed5583abbeb4e2aa418136a8befb07963fd7af74b46ee46e19
